# Blender 5.1.2
# www.blender.org
mtllib Heal.mtl
o Scifi_Case_Kitbash_Prop
v -0.186485 0.024188 0.174649
v -0.186485 0.024186 -0.174631
v -0.186486 0.062621 -0.187017
v -0.186486 0.062621 0.187024
v -0.311168 0.062620 -0.187015
v -0.311167 0.062621 0.187024
v -0.311167 0.024187 -0.174635
v -0.311166 0.024187 0.174648
v -0.311165 0.000283 0.141837
v -0.311166 0.000283 -0.141820
v -0.186485 0.000283 -0.141816
v -0.186483 0.000283 0.141837
v -0.061804 0.024189 0.174649
v -0.061805 0.024185 -0.174633
v -0.061805 0.062620 -0.187021
v -0.061805 0.062621 0.187021
v -0.186486 0.062620 0.187021
v -0.186487 0.062621 -0.187017
v -0.186486 0.024187 -0.174635
v -0.186485 0.024189 0.174649
v -0.168675 0.024186 -0.174638
v -0.168675 0.033509 -0.177643
v -0.079616 0.000282 -0.141818
v -0.061805 0.000282 -0.141817
v -0.061804 0.000283 0.141839
v -0.079616 0.000283 0.141839
v -0.168673 0.000283 0.141840
v -0.186485 0.000283 0.141840
v -0.186486 0.000283 -0.141820
v -0.168674 0.000283 -0.141819
v -0.079616 0.024190 0.174646
v -0.079616 0.033510 0.177646
v -0.079617 0.033509 -0.177642
v -0.168674 0.033510 0.177646
v -0.079616 0.024185 -0.174636
v -0.168674 0.024190 0.174648
v 0.062877 0.024187 0.174645
v 0.062877 0.024183 -0.174636
v 0.062877 0.062620 -0.187024
v 0.062877 0.062621 0.187017
v -0.061805 0.062620 0.187017
v -0.061805 0.062621 -0.187021
v -0.061805 0.024186 -0.174639
v -0.061805 0.024187 0.174645
v -0.043993 0.024184 -0.174639
v -0.043993 0.033509 -0.177646
v 0.045065 0.000287 -0.141819
v 0.062877 0.000281 -0.141819
v 0.045066 0.000293 -0.120433
v -0.043993 0.000288 0.141836
v -0.061804 0.000281 0.141836
v -0.043993 0.000294 0.120428
v 0.045066 0.024188 0.174642
v 0.045066 0.033509 0.177644
v 0.045065 0.033509 -0.177645
v -0.043993 0.033509 0.177644
v 0.045065 0.024183 -0.174639
v -0.043993 0.024188 0.174643
v 0.045065 0.033509 -0.120434
v -0.043993 0.033509 0.120430
v 0.045066 0.033509 0.120430
v 0.045066 0.000294 0.120432
v 0.045066 0.000288 0.141836
v -0.043993 0.000295 -0.120434
v -0.043993 0.000288 -0.141823
v -0.043993 0.033509 -0.120434
v 0.000536 0.062621 -0.169983
v -0.014958 0.062621 -0.167252
v -0.014957 0.079715 -0.167252
v 0.000536 0.079715 -0.169983
v -0.028582 0.062621 -0.159385
v -0.028582 0.079715 -0.159385
v -0.038694 0.062621 -0.147335
v -0.038694 0.079715 -0.147335
v -0.044076 0.062621 -0.132551
v -0.044076 0.079715 -0.132551
v -0.044076 0.062621 -0.116817
v -0.044076 0.079715 -0.116817
v -0.038694 0.062621 -0.102034
v -0.038694 0.079715 -0.102034
v -0.028582 0.062621 -0.089982
v -0.028582 0.079715 -0.089982
v -0.014958 0.062621 -0.082116
v -0.014958 0.079715 -0.082116
v 0.000536 0.062621 -0.079386
v 0.000536 0.079715 -0.079386
v 0.016029 0.062621 -0.082116
v 0.016029 0.079715 -0.082116
v 0.029654 0.062621 -0.089982
v 0.029654 0.079715 -0.089982
v 0.039766 0.062621 -0.102034
v 0.039766 0.079715 -0.102034
v 0.045147 0.062621 -0.116817
v 0.045147 0.079715 -0.116817
v 0.045147 0.062621 -0.132551
v 0.045147 0.079715 -0.132551
v 0.039766 0.062621 -0.147335
v 0.039766 0.079715 -0.147335
v 0.029654 0.062621 -0.159385
v 0.029654 0.079715 -0.159385
v 0.016029 0.062621 -0.167252
v 0.016030 0.079715 -0.167252
v 0.000536 0.079715 -0.124683
v -0.143318 0.053220 0.137165
v -0.143318 0.053220 0.174616
v -0.104973 0.053220 0.174616
v -0.104972 0.053220 0.137165
v -0.104973 0.053220 -0.137165
v -0.104973 0.053220 -0.174615
v -0.143319 0.053220 -0.174615
v -0.143319 0.053220 -0.137163
v -0.104973 0.062621 0.174616
v -0.143318 0.062621 0.174616
v -0.143319 0.062620 -0.174615
v -0.104973 0.062620 -0.174615
v -0.143319 0.062620 -0.137163
v -0.143318 0.062621 0.137165
v -0.104972 0.062621 0.137165
v -0.104973 0.062620 -0.137165
v -0.186485 0.010907 -0.167563
v -0.311167 0.010906 -0.167565
v -0.186484 0.002939 0.156645
v -0.311165 0.002939 0.156642
v -0.168674 0.010907 -0.167567
v -0.186486 0.010907 -0.167566
v -0.061805 0.010906 -0.167563
v -0.079616 0.010906 -0.167565
v -0.061804 0.002940 0.156646
v -0.079616 0.002940 0.156646
v -0.168673 0.002940 0.156647
v -0.186485 0.002939 0.156647
v -0.043993 0.010906 -0.167570
v -0.061805 0.010906 -0.167570
v 0.062877 0.010904 -0.167568
v 0.045065 0.010905 -0.167569
v 0.062877 0.000281 0.141836
v 0.062877 0.002938 0.156643
v 0.045066 0.002941 0.156643
v -0.043993 0.002941 0.156644
v -0.061804 0.002937 0.156644
v -0.186485 0.002939 -0.156623
v -0.311166 0.002938 -0.156628
v -0.186484 0.010908 0.167582
v -0.311166 0.010907 0.167582
v -0.168674 0.002939 -0.156627
v -0.186486 0.002939 -0.156628
v -0.061805 0.002938 -0.156624
v -0.079616 0.002938 -0.156626
v -0.061804 0.010908 0.167583
v -0.079616 0.010908 0.167582
v -0.168673 0.010909 0.167582
v -0.186485 0.010908 0.167584
v -0.043993 0.002941 -0.156631
v -0.061805 0.002938 -0.156632
v -0.061805 0.000282 -0.141824
v 0.062877 0.002936 -0.156627
v 0.045065 0.002940 -0.156627
v 0.062877 0.010907 0.167580
v 0.045066 0.010907 0.167579
v -0.043993 0.010907 0.167580
v -0.061804 0.010906 0.167580
v 0.187560 0.024188 0.174643
v 0.187559 0.024184 -0.174639
v 0.187559 0.062620 -0.187027
v 0.187559 0.062621 0.187016
v 0.062878 0.062620 0.187015
v 0.062877 0.062620 -0.187024
v 0.062878 0.024186 -0.174641
v 0.062879 0.024188 0.174643
v 0.080689 0.024185 -0.174644
v 0.080689 0.033509 -0.177649
v 0.169748 0.000282 -0.141824
v 0.187559 0.000282 -0.141822
v 0.187560 0.000283 0.141832
v 0.169748 0.000283 0.141832
v 0.080690 0.000283 0.141834
v 0.062879 0.000283 0.141834
v 0.062878 0.000282 -0.141827
v 0.080690 0.000283 -0.141826
v 0.169748 0.024189 0.174640
v 0.169748 0.033510 0.177640
v 0.169747 0.033509 -0.177648
v 0.080690 0.033509 0.177640
v 0.169748 0.024184 -0.174643
v 0.080690 0.024189 0.174641
v 0.106046 0.053219 0.137158
v 0.106046 0.053219 0.174610
v 0.144391 0.053219 0.174610
v 0.144392 0.053219 0.137158
v 0.144391 0.053219 -0.137170
v 0.144391 0.053219 -0.174622
v 0.106045 0.053219 -0.174621
v 0.106045 0.053219 -0.137169
v 0.144391 0.062620 0.174610
v 0.106046 0.062620 0.174610
v 0.106045 0.062620 -0.174621
v 0.144391 0.062620 -0.174622
v 0.106045 0.062620 -0.137169
v 0.106046 0.062620 0.137158
v 0.144392 0.062620 0.137158
v 0.144391 0.062620 -0.137170
v 0.080690 0.010906 -0.167573
v 0.062878 0.010906 -0.167572
v 0.187559 0.010905 -0.167569
v 0.169748 0.010905 -0.167572
v 0.187560 0.002939 0.156640
v 0.169748 0.002939 0.156640
v 0.080690 0.002939 0.156640
v 0.062879 0.002939 0.156640
v 0.080690 0.002938 -0.156633
v 0.062878 0.002938 -0.156634
v 0.187559 0.002937 -0.156630
v 0.169748 0.002937 -0.156632
v 0.187560 0.010907 0.167577
v 0.169748 0.010908 0.167576
v 0.080690 0.010908 0.167576
v 0.062879 0.010907 0.167578
v 0.312243 0.024187 0.174637
v 0.312243 0.024185 -0.174643
v 0.312242 0.062620 -0.187030
v 0.312242 0.062621 0.187011
v 0.187560 0.062620 -0.187027
v 0.187561 0.062620 0.187011
v 0.187561 0.024186 -0.174647
v 0.187562 0.024187 0.174635
v 0.187563 0.000282 0.141824
v 0.187562 0.000282 -0.141832
v 0.312243 0.000282 -0.141828
v 0.312244 0.000282 0.141825
v 0.312243 0.010906 -0.167575
v 0.187561 0.010906 -0.167579
v 0.312244 0.002938 0.156632
v 0.187563 0.002938 0.156629
v 0.312243 0.002938 -0.156636
v 0.187562 0.002938 -0.156640
v 0.312244 0.010907 0.167569
v 0.187562 0.010907 0.167569
v 0.312243 0.124956 -0.187030
v 0.312244 0.124958 0.187007
v 0.312242 0.062621 0.187011
v 0.312241 0.062619 -0.187030
v 0.187560 0.062620 -0.187030
v 0.187562 0.124957 -0.187030
v 0.187562 0.124957 -0.000010
v 0.290948 0.124957 -0.000011
v 0.187562 0.110025 0.187011
v 0.187560 0.062620 0.187007
v 0.290948 0.110025 0.187011
v 0.187561 0.110025 -0.000011
v 0.290948 0.124958 0.187008
v 0.290948 0.110024 -0.000011
v -0.186482 0.062622 0.187014
v 0.000540 0.062621 0.187014
v 0.000541 0.124959 0.187011
v -0.186482 0.124959 0.187011
v -0.186482 0.124958 0.155841
v 0.187560 0.124959 0.155841
v 0.187560 0.062621 0.155844
v -0.186478 0.062621 0.155843
v 0.187560 0.124959 0.187013
v 0.187560 0.062621 0.187015
v 0.000540 0.071213 0.195606
v 0.187560 0.071213 0.195607
v 0.187560 0.116367 0.195605
v 0.000541 0.116367 0.195605
v -0.311169 0.124958 0.187024
v -0.311169 0.124958 0.138046
v -0.311167 0.062620 0.138044
v -0.311167 0.062621 0.187023
v -0.186486 0.062621 0.187023
v -0.186487 0.124958 0.187023
v -0.282212 0.124958 0.138046
v -0.282214 0.062620 0.138044
v -0.186485 0.062621 -0.187014
v -0.186488 0.124959 -0.187019
v -0.311169 0.124958 0.000005
v -0.311169 0.124959 -0.187014
v -0.311167 0.062621 -0.187019
v -0.311167 0.062621 0.000004
v -0.282210 0.062621 0.000004
v -0.282211 0.124958 0.000005
v -0.311171 0.187294 -0.141816
v -0.186489 0.124957 -0.187015
v -0.186490 0.163390 -0.174635
v -0.204301 0.163391 -0.174635
v -0.204301 0.154068 -0.177642
v -0.293360 0.187294 -0.141816
v -0.293359 0.154068 -0.177642
v -0.311171 0.124957 -0.187020
v -0.311171 0.163393 -0.174631
v -0.186490 0.187294 -0.141820
v -0.204302 0.187294 -0.141817
v -0.293359 0.163393 -0.174635
v -0.311171 0.184639 -0.156623
v -0.311171 0.176671 -0.167563
v -0.186490 0.176670 -0.167563
v -0.186490 0.184638 -0.156628
v -0.204302 0.184638 -0.156628
v -0.204301 0.176671 -0.167565
v -0.293360 0.176673 -0.167563
v -0.293360 0.184639 -0.156623
v -0.311172 0.187295 -0.007308
v -0.293360 0.187295 -0.007308
v -0.293359 0.154068 0.000003
v -0.204301 0.154068 0.000003
v -0.311171 0.124956 0.000002
v -0.186489 0.124957 0.000003
v -0.311172 0.179973 0.000012
v -0.186490 0.187294 -0.007308
v -0.186490 0.179973 0.000012
v -0.293360 0.179973 0.000011
v -0.204302 0.179973 0.000011
v -0.204302 0.187294 -0.007308
v -0.293360 0.154067 -0.080990
v -0.293361 0.154067 -0.056188
v -0.204303 0.154067 -0.056188
v -0.204302 0.170679 -0.056188
v -0.293360 0.170681 -0.056188
v -0.263674 0.162373 -0.080989
v -0.233988 0.162373 -0.080989
v -0.204303 0.154066 -0.080989
v -0.233988 0.170680 -0.080989
v -0.263674 0.170680 -0.080989
v -0.204302 0.170679 -0.080988
v -0.263675 0.162373 -0.084142
v -0.263675 0.170680 -0.084142
v -0.233989 0.170680 -0.084142
v -0.233989 0.162373 -0.084142
v -0.293360 0.170680 -0.080988
v -0.311172 0.187294 0.141842
v -0.186491 0.187294 0.141841
v -0.293360 0.163388 0.174648
v -0.204302 0.187294 0.141841
v -0.293359 0.154067 0.177648
v -0.204301 0.154067 0.177648
v -0.186490 0.124956 0.187021
v -0.311171 0.124956 0.187023
v -0.311172 0.163388 0.174650
v -0.186491 0.163388 0.174651
v -0.293360 0.187294 0.141842
v -0.204302 0.163387 0.174649
v -0.311172 0.176669 0.167584
v -0.311172 0.184637 0.156648
v -0.186491 0.184637 0.156649
v -0.186491 0.176669 0.167586
v -0.293360 0.184637 0.156648
v -0.293360 0.176669 0.167584
v -0.204302 0.176669 0.167584
v -0.204302 0.184637 0.156649
v -0.311171 0.187294 0.007334
v -0.186491 0.187294 0.007332
v -0.293360 0.187294 0.007333
v -0.204302 0.187294 0.007333
v -0.293359 0.154068 0.000003
v -0.204301 0.154067 0.000003
v -0.311171 0.124956 0.000001
v -0.186489 0.124956 0.000003
v -0.311171 0.179973 0.000011
v -0.186491 0.179973 0.000011
v -0.293360 0.179973 0.000010
v -0.204302 0.179973 0.000010
v -0.293376 0.164313 0.126487
v -0.293376 0.158921 0.130090
v -0.293376 0.155319 0.135482
v -0.293376 0.154053 0.141842
v -0.293376 0.155319 0.148202
v -0.293376 0.158921 0.153593
v -0.293376 0.164313 0.157195
v -0.293376 0.170674 0.158461
v -0.293376 0.177033 0.157195
v -0.293376 0.182426 0.153593
v -0.293375 0.186028 0.148202
v -0.293375 0.170677 -0.081661
v -0.293375 0.187302 -0.105327
v -0.293375 0.187287 -0.120693
v -0.293375 0.171735 -0.120693
v -0.293375 0.171735 -0.104148
v -0.293375 0.155073 -0.099235
v -0.293375 0.155072 -0.086574
v -0.293375 0.193254 -0.118512
v -0.293375 0.193255 -0.107508
v -0.293376 0.170674 0.125223
v -0.293376 0.170674 0.141842
v -0.293375 0.187293 0.141842
v -0.204302 0.187287 -0.120693
v -0.204302 0.171736 -0.120693
v -0.204302 0.171736 -0.104148
v -0.204302 0.155073 -0.099236
v -0.204302 0.155073 -0.086574
v -0.204302 0.170677 -0.081661
v -0.204302 0.187302 -0.105328
v -0.204302 0.193255 -0.107508
v -0.204302 0.193255 -0.118514
v -0.204302 0.170673 0.125223
v -0.204302 0.170673 0.141842
v -0.204302 0.187293 0.141842
v -0.204302 0.164312 0.126486
v -0.204302 0.158921 0.130090
v -0.204302 0.155318 0.135481
v -0.204302 0.154053 0.141842
v -0.204302 0.155318 0.148202
v -0.204302 0.158921 0.153593
v -0.204302 0.164312 0.157195
v -0.204302 0.170673 0.158461
v -0.204302 0.177033 0.157195
v -0.204302 0.182425 0.153593
v -0.204302 0.186028 0.148202
v -0.168695 0.164314 0.126485
v -0.168695 0.158922 0.130089
v -0.168695 0.155320 0.135480
v -0.168695 0.154054 0.141840
v -0.168695 0.155320 0.148200
v -0.168695 0.158922 0.153591
v -0.168695 0.164314 0.157194
v -0.168695 0.170674 0.158460
v -0.168695 0.177034 0.157194
v -0.168695 0.182426 0.153591
v -0.168695 0.186029 0.148200
v -0.168695 0.170677 -0.081662
v -0.168695 0.187303 -0.105329
v -0.168695 0.187287 -0.120694
v -0.168695 0.171736 -0.120694
v -0.168695 0.171736 -0.104150
v -0.168695 0.155073 -0.099237
v -0.168695 0.155073 -0.086575
v -0.168695 0.193255 -0.118514
v -0.168695 0.193255 -0.107510
v -0.168695 0.170674 0.125221
v -0.168695 0.170674 0.141840
v -0.168695 0.187294 0.141840
v -0.079621 0.187288 -0.120694
v -0.079621 0.171737 -0.120694
v -0.079621 0.171737 -0.104150
v -0.079621 0.155074 -0.099237
v -0.079621 0.155074 -0.086575
v -0.079621 0.170678 -0.081662
v -0.079621 0.187303 -0.105329
v -0.079621 0.193256 -0.107510
v -0.079621 0.193256 -0.118516
v -0.079621 0.170674 0.125221
v -0.079622 0.170674 0.141840
v -0.079622 0.187294 0.141840
v -0.079621 0.164313 0.126484
v -0.079621 0.158922 0.130089
v -0.079622 0.155319 0.135479
v -0.079622 0.154054 0.141840
v -0.079622 0.155319 0.148200
v -0.079622 0.158922 0.153591
v -0.079622 0.164313 0.157194
v -0.079622 0.170674 0.158460
v -0.079622 0.177034 0.157194
v -0.079622 0.182426 0.153591
v -0.079622 0.186028 0.148200
v 0.187553 0.187298 -0.141820
v 0.312235 0.124959 -0.187021
v 0.312234 0.163393 -0.174637
v 0.294423 0.163394 -0.174641
v 0.294423 0.154070 -0.177647
v 0.205364 0.187298 -0.141821
v 0.205365 0.154071 -0.177647
v 0.187554 0.124960 -0.187024
v 0.187554 0.163395 -0.174636
v 0.312234 0.187297 -0.141825
v 0.294423 0.187297 -0.141822
v 0.205365 0.163396 -0.174640
v 0.187553 0.184642 -0.156628
v 0.187553 0.176674 -0.167568
v 0.312234 0.176673 -0.167569
v 0.312234 0.184641 -0.156632
v 0.294423 0.184641 -0.156630
v 0.294423 0.176673 -0.167572
v 0.205365 0.176675 -0.167569
v 0.205365 0.184642 -0.156629
v 0.187552 0.187297 0.000008
v 0.312234 0.187297 0.000008
v 0.205364 0.187297 0.000008
v 0.294422 0.187297 0.000008
v 0.205365 0.154071 -0.000002
v 0.294423 0.154070 -0.000002
v 0.187554 0.124959 -0.000003
v 0.312235 0.124959 -0.000002
v 0.294420 0.154069 -0.080995
v 0.205363 0.154069 -0.080995
v 0.294420 0.154069 -0.056193
v 0.294421 0.170680 -0.056193
v 0.235049 0.162375 -0.080994
v 0.264735 0.162375 -0.080994
v 0.264735 0.170681 -0.080994
v 0.235049 0.170681 -0.080994
v 0.205363 0.170683 -0.056193
v 0.205362 0.154069 -0.056193
v 0.294421 0.170681 -0.080991
v 0.235048 0.162375 -0.084148
v 0.235048 0.170681 -0.084148
v 0.264734 0.170681 -0.084148
v 0.264734 0.162375 -0.084148
v 0.205363 0.170683 -0.080991
v 0.187552 0.187297 0.141835
v 0.312233 0.187297 0.141835
v 0.205364 0.163391 0.174642
v 0.294422 0.187297 0.141835
v 0.205364 0.154070 0.177642
v 0.294422 0.154070 0.177642
v 0.312234 0.124959 0.187016
v 0.187553 0.124959 0.187017
v 0.187552 0.163391 0.174644
v 0.312233 0.163391 0.174645
v 0.205363 0.187297 0.141835
v 0.294422 0.163390 0.174643
v 0.187552 0.176672 0.167578
v 0.187552 0.184641 0.156642
v 0.312233 0.184640 0.156643
v 0.312233 0.176672 0.167579
v 0.205363 0.184641 0.156642
v 0.205364 0.176672 0.167578
v 0.294422 0.176672 0.167578
v 0.294422 0.184640 0.156643
v 0.187552 0.187297 0.000007
v 0.312233 0.187297 0.000006
v 0.205364 0.187297 0.000006
v 0.294422 0.187297 0.000006
v 0.205364 0.154071 -0.000003
v 0.294422 0.154070 -0.000003
v 0.187553 0.124959 -0.000004
v 0.312235 0.124959 -0.000003
v 0.249908 0.187297 -0.142823
v 0.238377 0.187297 -0.141305
v 0.227633 0.187297 -0.136858
v 0.218406 0.187297 -0.129776
v 0.211327 0.187297 -0.120548
v 0.206876 0.187297 -0.109807
v 0.294422 0.187297 -0.098274
v 0.292940 0.187297 -0.109807
v 0.288489 0.187297 -0.120548
v 0.281409 0.187297 -0.129776
v 0.272183 0.187297 -0.136858
v 0.261438 0.187297 -0.141305
v 0.249908 0.187297 -0.130975
v 0.249908 0.183716 -0.098274
v 0.253363 0.183716 -0.124520
v 0.239777 0.183716 -0.122731
v 0.228906 0.183716 -0.114390
v 0.223663 0.183716 -0.101731
v 0.225451 0.183716 -0.088143
v 0.233793 0.183716 -0.077273
v 0.246452 0.183716 -0.072031
v 0.260038 0.183716 -0.073819
v 0.270909 0.183716 -0.082159
v 0.276153 0.183716 -0.094819
v 0.274364 0.183715 -0.108403
v 0.266022 0.183716 -0.119279
v 0.241444 0.187297 -0.129860
v 0.233558 0.187297 -0.126594
v 0.226785 0.187297 -0.121395
v 0.221589 0.187297 -0.114625
v 0.218322 0.187297 -0.106739
v 0.217208 0.187297 -0.098274
v 0.218322 0.187297 -0.089808
v 0.221589 0.187297 -0.081922
v 0.226785 0.187297 -0.075151
v 0.233558 0.187297 -0.069956
v 0.241444 0.187297 -0.066685
v 0.249908 0.187297 -0.065577
v 0.258371 0.187297 -0.066685
v 0.266257 0.187297 -0.069956
v 0.273030 0.187297 -0.075151
v 0.278227 0.187297 -0.081922
v 0.281493 0.187297 -0.089808
v 0.282608 0.187297 -0.098274
v 0.281493 0.187297 -0.106739
v 0.278227 0.187297 -0.114625
v 0.273030 0.187297 -0.121395
v 0.266258 0.187297 -0.126594
v 0.258371 0.187297 -0.129860
v 0.205337 0.170678 0.125216
v 0.205337 0.164317 0.126482
v 0.205337 0.170678 0.141836
v 0.205337 0.158925 0.130082
v 0.205337 0.155322 0.135473
v 0.205337 0.154057 0.141836
v 0.205337 0.155322 0.148198
v 0.205337 0.158925 0.153589
v 0.205337 0.164317 0.157190
v 0.205337 0.170677 0.158456
v 0.205337 0.177037 0.157190
v 0.205337 0.182429 0.153589
v 0.205337 0.186032 0.148198
v 0.205337 0.187297 0.141836
v 0.205338 0.187297 -0.098274
v 0.294422 0.170677 0.125216
v 0.294422 0.170677 0.141836
v 0.294422 0.164317 0.126482
v 0.294422 0.158925 0.130082
v 0.294422 0.155322 0.135473
v 0.294422 0.154057 0.141836
v 0.294422 0.155322 0.148198
v 0.294422 0.158925 0.153589
v 0.294422 0.164317 0.157190
v 0.294422 0.170677 0.158456
v 0.294422 0.177037 0.157190
v 0.294422 0.182429 0.153589
v 0.294422 0.186032 0.148198
v 0.294422 0.187297 0.141836
v 0.249908 0.170687 -0.142823
v 0.238377 0.170687 -0.141309
v 0.227633 0.170687 -0.136858
v 0.218406 0.170687 -0.129776
v 0.211326 0.170687 -0.120548
v 0.206876 0.170687 -0.109807
v 0.294422 0.170687 -0.098274
v 0.292940 0.170687 -0.109807
v 0.288489 0.170687 -0.120548
v 0.281409 0.170687 -0.129776
v 0.272183 0.170687 -0.136858
v 0.261438 0.170687 -0.141309
v 0.205338 0.170687 -0.098274
v 0.216978 0.170682 -0.104150
v 0.216965 0.155075 -0.099237
v 0.216965 0.155075 -0.086575
v 0.282873 0.170682 -0.104150
v 0.282887 0.155074 -0.099237
v 0.282887 0.155074 -0.086577
v 0.216978 0.170681 -0.081663
v 0.282873 0.170681 -0.081663
v -0.079620 0.163394 -0.174641
v -0.061808 0.163393 -0.174637
v -0.061807 0.124959 -0.187021
v -0.079620 0.154070 -0.177647
v -0.168678 0.187297 -0.141821
v -0.186490 0.187297 -0.141820
v -0.186491 0.187297 0.000008
v -0.168679 0.187297 0.000008
v -0.186489 0.124959 -0.187024
v -0.168678 0.154070 -0.177647
v -0.186490 0.163394 -0.174636
v -0.168678 0.163395 -0.174640
v -0.061808 0.124959 -0.000002
v -0.186490 0.124959 -0.000003
v -0.079620 0.176673 -0.167570
v -0.061809 0.176673 -0.167569
v -0.186490 0.176674 -0.167568
v -0.168678 0.176674 -0.167569
v -0.079620 0.184641 -0.156630
v -0.061809 0.184641 -0.156632
v -0.079620 0.187297 -0.141822
v -0.061809 0.187296 -0.141825
v -0.186490 0.184641 -0.156628
v -0.168678 0.184642 -0.156629
v -0.061809 0.187297 0.000008
v -0.079621 0.187297 0.000008
v -0.079620 0.154070 -0.000002
v -0.079622 0.154069 -0.056193
v -0.168681 0.154068 -0.056193
v -0.168678 0.154070 -0.000002
v -0.079622 0.154069 -0.080995
v -0.168681 0.154068 -0.080995
v -0.079622 0.170680 -0.056193
v -0.079622 0.170681 -0.080991
v -0.168680 0.170682 -0.080991
v -0.168680 0.170682 -0.056193
v -0.138994 0.162375 -0.080994
v -0.109308 0.162375 -0.080994
v -0.109308 0.170681 -0.080994
v -0.138994 0.170681 -0.080994
v -0.138995 0.162374 -0.084148
v -0.138995 0.170681 -0.084148
v -0.109309 0.170681 -0.084148
v -0.109309 0.162375 -0.084148
v -0.186491 0.163391 0.174644
v -0.186491 0.187297 0.000006
v -0.186490 0.124959 -0.000004
v -0.186490 0.124959 0.187017
v -0.061809 0.124959 0.187015
v -0.061808 0.124959 -0.000004
v -0.061810 0.187297 0.000006
v -0.061810 0.163391 0.174645
v -0.079622 0.187296 0.141834
v -0.061810 0.187296 0.141834
v -0.079621 0.187297 0.000006
v -0.168679 0.163390 0.174642
v -0.168679 0.154070 0.177642
v -0.079621 0.154070 0.177642
v -0.079621 0.163390 0.174643
v -0.079621 0.154070 -0.000004
v -0.168679 0.154070 -0.000004
v -0.186491 0.187296 0.141834
v -0.186491 0.184640 0.156642
v -0.168680 0.184640 0.156642
v -0.168680 0.187296 0.141834
v -0.079622 0.184640 0.156642
v -0.061810 0.184640 0.156642
v -0.186491 0.176672 0.167577
v -0.168679 0.176672 0.167577
v -0.079621 0.176672 0.167577
v -0.061810 0.176672 0.167579
v -0.168679 0.187297 0.000006
v 0.062873 0.187296 0.141815
v -0.061809 0.124959 0.187016
v -0.061808 0.163392 0.174635
v -0.043997 0.163393 0.174635
v -0.043997 0.154070 0.177642
v 0.045062 0.187296 0.141815
v 0.045061 0.154070 0.177642
v 0.062873 0.124959 0.187019
v 0.062873 0.163395 0.174630
v -0.061808 0.187296 0.141820
v -0.043996 0.187296 0.141817
v 0.045061 0.163394 0.174635
v 0.062873 0.184641 0.156623
v 0.062873 0.176673 0.167562
v -0.061808 0.176671 0.167564
v -0.061808 0.184640 0.156628
v -0.043996 0.184640 0.156628
v -0.043997 0.176673 0.167566
v 0.045062 0.176674 0.167562
v 0.045062 0.184641 0.156623
v 0.062873 0.187296 0.007308
v 0.045061 0.187297 0.007308
v 0.045061 0.154070 -0.000004
v -0.043997 0.154070 -0.000003
v 0.062873 0.124958 -0.000003
v -0.061809 0.124959 -0.000003
v 0.062873 0.179975 -0.000013
v -0.061808 0.187296 0.007308
v -0.061808 0.179975 -0.000012
v 0.045061 0.179975 -0.000011
v -0.043997 0.179975 -0.000011
v -0.043997 0.187296 0.007308
v 0.045062 0.154069 0.080989
v 0.045062 0.154069 0.056187
v -0.043995 0.154069 0.056188
v -0.043996 0.170681 0.056188
v 0.045062 0.170683 0.056187
v 0.015376 0.162375 0.080988
v -0.014309 0.162375 0.080989
v -0.043995 0.154068 0.080989
v -0.014309 0.170682 0.080989
v 0.015376 0.170681 0.080988
v -0.043996 0.170681 0.080988
v 0.015377 0.162375 0.084141
v 0.015377 0.170681 0.084141
v -0.014309 0.170682 0.084143
v -0.014309 0.162375 0.084143
v 0.045062 0.170682 0.080987
v 0.062874 0.187295 -0.141842
v -0.061807 0.187295 -0.141841
v 0.045061 0.163389 -0.174648
v -0.043996 0.187295 -0.141841
v 0.045061 0.154068 -0.177648
v -0.043997 0.154069 -0.177647
v -0.061809 0.124958 -0.187021
v 0.062873 0.124957 -0.187024
v 0.062873 0.163390 -0.174651
v -0.061808 0.163390 -0.174651
v 0.045062 0.187295 -0.141842
v -0.043997 0.163389 -0.174648
v 0.062874 0.176671 -0.167584
v 0.062874 0.184639 -0.156649
v -0.061807 0.184639 -0.156649
v -0.061807 0.176671 -0.167585
v 0.045062 0.184639 -0.156649
v 0.045062 0.176670 -0.167584
v -0.043996 0.176671 -0.167584
v -0.043996 0.184639 -0.156649
v 0.062873 0.187296 -0.007334
v -0.061808 0.187296 -0.007332
v 0.045062 0.187296 -0.007334
v -0.043996 0.187296 -0.007333
v 0.045061 0.154069 -0.000004
v -0.043997 0.154069 -0.000003
v 0.062873 0.124958 -0.000002
v -0.061809 0.124958 -0.000003
v 0.062873 0.179975 -0.000012
v -0.061808 0.179975 -0.000011
v 0.045062 0.179975 -0.000011
v -0.043997 0.179975 -0.000010
v 0.045078 0.164315 -0.126487
v 0.045078 0.158923 -0.130091
v 0.045078 0.155321 -0.135482
v 0.045078 0.154055 -0.141842
v 0.045078 0.155321 -0.148202
v 0.045078 0.158923 -0.153593
v 0.045078 0.164315 -0.157196
v 0.045078 0.170675 -0.158462
v 0.045078 0.177035 -0.157196
v 0.045078 0.182427 -0.153593
v 0.045077 0.186030 -0.148202
v 0.045077 0.170678 0.081660
v 0.045077 0.187304 0.105326
v 0.045077 0.187289 0.120692
v 0.045077 0.171737 0.120692
v 0.045077 0.171737 0.104148
v 0.045077 0.155074 0.099235
v 0.045077 0.155074 0.086573
v 0.045077 0.193256 0.118512
v 0.045077 0.193256 0.107508
v 0.045078 0.170675 -0.125223
v 0.045078 0.170675 -0.141842
v 0.045077 0.187295 -0.141842
v -0.043996 0.187289 0.120693
v -0.043996 0.171738 0.120693
v -0.043996 0.171738 0.104148
v -0.043996 0.155075 0.099236
v -0.043996 0.155075 0.086574
v -0.043996 0.170679 0.081661
v -0.043996 0.187304 0.105328
v -0.043996 0.193257 0.107509
v -0.043996 0.193257 0.118514
v -0.043996 0.170675 -0.125222
v -0.043996 0.170675 -0.141842
v -0.043996 0.187295 -0.141842
v -0.043996 0.164314 -0.126485
v -0.043996 0.158923 -0.130090
v -0.043996 0.155320 -0.135481
v -0.043996 0.154055 -0.141842
v -0.043996 0.155320 -0.148202
v -0.043996 0.158923 -0.153593
v -0.043996 0.164314 -0.157195
v -0.043996 0.170675 -0.158461
v -0.043996 0.177035 -0.157195
v -0.043996 0.182427 -0.153593
v -0.043996 0.186029 -0.148202
v 0.062872 0.187297 -0.141820
v 0.187554 0.124960 -0.187020
v 0.187553 0.163393 -0.174640
v 0.169742 0.163394 -0.174640
v 0.169742 0.154071 -0.177647
v 0.080683 0.187297 -0.141820
v 0.080684 0.154071 -0.177647
v 0.062872 0.124960 -0.187024
v 0.062872 0.163396 -0.174635
v 0.187553 0.187297 -0.141825
v 0.169741 0.187297 -0.141822
v 0.080684 0.163395 -0.174640
v 0.062872 0.184642 -0.156628
v 0.062872 0.176674 -0.167568
v 0.187553 0.176673 -0.167568
v 0.187553 0.184641 -0.156632
v 0.169741 0.184641 -0.156632
v 0.169742 0.176674 -0.167570
v 0.080683 0.176675 -0.167568
v 0.080683 0.184642 -0.156628
v 0.062871 0.187297 -0.007313
v 0.080683 0.187297 -0.007313
v 0.080684 0.154071 -0.000001
v 0.169742 0.154071 -0.000001
v 0.062872 0.124959 -0.000002
v 0.187554 0.124960 -0.000001
v 0.062871 0.179976 0.000008
v 0.187553 0.187297 -0.007313
v 0.187553 0.179976 0.000008
v 0.080683 0.179976 0.000006
v 0.169741 0.179976 0.000006
v 0.169741 0.187297 -0.007313
v 0.080683 0.154070 -0.080994
v 0.080683 0.154070 -0.056192
v 0.169740 0.154070 -0.056192
v 0.169741 0.170682 -0.056192
v 0.080683 0.170683 -0.056192
v 0.110369 0.162376 -0.080993
v 0.140054 0.162376 -0.080993
v 0.169740 0.154070 -0.080993
v 0.140054 0.170683 -0.080993
v 0.110369 0.170682 -0.080993
v 0.169741 0.170682 -0.080992
v 0.110368 0.162376 -0.084147
v 0.110368 0.170682 -0.084147
v 0.140054 0.170683 -0.084147
v 0.140054 0.162376 -0.084147
v 0.080683 0.170683 -0.080992
v 0.062871 0.187296 0.141837
v 0.187552 0.187296 0.141837
v 0.080683 0.163390 0.174643
v 0.169741 0.187296 0.141837
v 0.080684 0.154070 0.177643
v 0.169742 0.154070 0.177643
v 0.187554 0.124959 0.187017
v 0.062872 0.124959 0.187019
v 0.062872 0.163391 0.174645
v 0.187552 0.163391 0.174646
v 0.080683 0.187296 0.141837
v 0.169741 0.163390 0.174644
v 0.062871 0.176672 0.167579
v 0.062871 0.184640 0.156644
v 0.187552 0.184640 0.156645
v 0.187552 0.176672 0.167581
v 0.080683 0.184640 0.156644
v 0.080683 0.176671 0.167579
v 0.169741 0.176671 0.167579
v 0.169741 0.184640 0.156645
v 0.062872 0.187297 0.007329
v 0.187552 0.187297 0.007328
v 0.080683 0.187297 0.007329
v 0.169741 0.187297 0.007328
v 0.080684 0.154070 -0.000001
v 0.169742 0.154070 -0.000001
v 0.062872 0.124959 -0.000003
v 0.187554 0.124959 -0.000001
v 0.062872 0.179976 0.000007
v 0.187552 0.179976 0.000006
v 0.080683 0.179976 0.000006
v 0.169741 0.179976 0.000006
v 0.080667 0.164316 0.126482
v 0.080667 0.158924 0.130085
v 0.080667 0.155322 0.135477
v 0.080667 0.154056 0.141837
v 0.080667 0.155322 0.148197
v 0.080667 0.158924 0.153588
v 0.080667 0.164316 0.157191
v 0.080667 0.170677 0.158457
v 0.080667 0.177036 0.157191
v 0.080667 0.182429 0.153588
v 0.080668 0.186031 0.148197
v 0.080668 0.170679 -0.081665
v 0.080668 0.187305 -0.105331
v 0.080668 0.187289 -0.120697
v 0.080668 0.171738 -0.120697
v 0.080668 0.171738 -0.104153
v 0.080668 0.155076 -0.099240
v 0.080668 0.155075 -0.086578
v 0.080668 0.193257 -0.118517
v 0.080668 0.193257 -0.107513
v 0.080667 0.170677 0.125218
v 0.080667 0.170677 0.141837
v 0.080668 0.187296 0.141837
v 0.169741 0.187290 -0.120697
v 0.169741 0.171739 -0.120697
v 0.169741 0.171739 -0.104153
v 0.169741 0.155076 -0.099240
v 0.169741 0.155076 -0.086578
v 0.169741 0.170680 -0.081665
v 0.169741 0.187305 -0.105332
v 0.169741 0.193258 -0.107513
v 0.169741 0.193258 -0.118519
v 0.169741 0.170676 0.125218
v 0.169741 0.170676 0.141837
v 0.169741 0.187296 0.141837
v 0.169741 0.164315 0.126481
v 0.169741 0.158924 0.130085
v 0.169741 0.155321 0.135477
v 0.169741 0.154056 0.141837
v 0.169741 0.155321 0.148197
v 0.169741 0.158924 0.153588
v 0.169741 0.164315 0.157191
v 0.169741 0.170676 0.158457
v 0.169741 0.177036 0.157191
v 0.169741 0.182428 0.153588
v 0.169741 0.186030 0.148197
v 0.187556 0.062621 -0.187019
v 0.187553 0.062621 -0.155847
v -0.186485 0.062621 -0.155849
v -0.186485 0.062621 -0.187019
v 0.187556 0.124959 -0.155849
v -0.186485 0.124958 -0.155849
v 0.187552 0.124959 -0.187021
v 0.150539 0.124958 -0.171434
v -0.149472 0.124958 -0.171434
v -0.186489 0.124958 -0.187021
v -0.149472 0.084438 -0.187019
v 0.150540 0.084439 -0.187019
v 0.150535 0.124959 -0.187021
v -0.149472 0.124958 -0.187021
v 0.150540 0.084438 -0.171433
v -0.149472 0.084437 -0.171433
vn 1.0000 -0.0000 -0.0000
vn -0.0000 1.0000 -0.0000
vn -1.0000 -0.0000 -0.0000
vn -0.0000 -0.3067 -0.9518
vn -0.0000 -0.3898 -0.9209
vn -0.0000 -0.9961 -0.0886
vn -0.0000 -0.9961 0.0886
vn -0.0000 -0.3897 0.9210
vn -0.0000 -0.3065 0.9519
vn -0.0002 -0.3898 -0.9209
vn -0.0001 -0.3066 -0.9518
vn -0.0002 -0.3896 0.9210
vn -0.0001 -0.3065 0.9519
vn 0.0001 -0.3066 -0.9518
vn 0.0001 -0.3067 -0.9518
vn 0.0001 -0.3065 0.9519
vn 0.0002 -0.3899 -0.9208
vn 0.0002 -0.3899 -0.9209
vn 0.0001 -0.3896 0.9210
vn -0.0000 -1.0000 -0.0000
vn -0.0001 -0.3898 -0.9209
vn -0.0003 -0.9961 -0.0884
vn -0.0004 -0.9961 -0.0885
vn -0.0004 -1.0000 -0.0000
vn 0.0004 -0.9961 0.0884
vn 0.0004 -0.9961 0.0885
vn 0.0004 -1.0000 -0.0000
vn -0.0001 -0.3896 0.9210
vn 0.0001 -0.3899 -0.9209
vn 0.0001 -0.3895 0.9210
vn -0.0000 -0.0000 -1.0000
vn -0.0000 -0.0000 1.0000
vn -0.3420 -0.0000 -0.9397
vn -0.6428 -0.0000 -0.7660
vn -0.8660 -0.0000 -0.5000
vn -0.9848 -0.0000 -0.1737
vn -0.9848 -0.0000 0.1737
vn -0.8660 -0.0000 0.5000
vn -0.6428 -0.0000 0.7660
vn -0.3420 -0.0000 0.9397
vn 0.3420 -0.0000 0.9397
vn 0.6428 -0.0000 0.7660
vn 0.8660 -0.0000 0.5000
vn 0.9848 -0.0000 0.1737
vn 0.9848 -0.0000 -0.1737
vn 0.8660 -0.0000 -0.5000
vn 0.6428 -0.0000 -0.7660
vn 0.3420 -0.0000 -0.9397
vn -0.0000 -0.6558 -0.7550
vn -0.0000 -0.9197 0.3927
vn -0.0001 -0.6558 -0.7549
vn 0.0001 -0.6558 -0.7549
vn -0.0000 -0.9196 0.3927
vn -0.0000 -0.6558 -0.7549
vn -0.0000 -0.6559 -0.7549
vn -0.0004 -0.9961 0.0885
vn -0.0002 -0.9197 0.3926
vn -0.0002 -0.9197 0.3927
vn -0.0003 -0.9961 0.0885
vn 0.0002 -0.9197 0.3926
vn -0.0000 -0.9197 -0.3926
vn -0.0000 -0.9197 -0.3927
vn -0.0000 -0.6557 0.7550
vn -0.0001 -0.6556 0.7551
vn 0.0001 -0.6556 0.7551
vn 0.0002 -0.9197 -0.3926
vn 0.0003 -0.9961 -0.0884
vn 0.0004 -0.9961 -0.0885
vn -0.0002 -0.9198 -0.3925
vn -0.0002 -0.9197 -0.3925
vn 1.0000 0.0001 -0.0000
vn -1.0000 -0.0001 -0.0000
vn 0.0001 -0.0000 1.0000
vn 0.0001 0.0001 1.0000
vn -1.0000 -0.0000 -0.0001
vn -0.0000 -0.7071 0.7071
vn -0.0000 0.7071 0.7071
vn 0.0001 0.3899 -0.9209
vn 0.0001 0.3066 -0.9518
vn -0.0000 0.9961 -0.0886
vn -0.0001 0.3066 -0.9518
vn -0.0001 0.3067 -0.9518
vn -0.0002 0.3899 -0.9208
vn 0.0001 0.6558 -0.7550
vn 0.0001 0.6558 -0.7549
vn -0.0001 0.6558 -0.7549
vn -0.0000 0.9197 -0.3927
vn -0.0000 0.9197 -0.3926
vn 0.0001 -0.0001 1.0000
vn 0.0002 -0.0002 1.0000
vn -0.0001 0.3825 0.9239
vn -0.0001 -0.0001 1.0000
vn -0.0000 0.7070 0.7072
vn -0.0000 0.0001 -1.0000
vn 1.0000 -0.0000 -0.0001
vn -1.0000 -0.0000 0.0001
vn -0.0000 0.9961 0.0886
vn 0.0001 0.3896 0.9210
vn 0.0001 0.3065 0.9519
vn -0.0001 0.3065 0.9519
vn -0.0001 0.3064 0.9519
vn -0.0001 0.3896 0.9210
vn -0.0000 0.9196 0.3927
vn -0.0000 0.9197 0.3927
vn -0.0000 0.6556 0.7551
vn -0.0001 0.6556 0.7551
vn 0.0001 0.0001 -1.0000
vn 0.0002 0.0002 -1.0000
vn -0.0001 0.0001 -1.0000
vn -0.0002 0.0002 -1.0000
vn -0.0001 0.7072 -0.7070
vn -0.0000 0.7072 -0.7071
vn -0.0000 -0.3003 0.9538
vn -1.0000 0.0001 -0.0000
vn -0.0000 -0.3826 -0.9239
vn -0.0000 -0.7071 -0.7071
vn -0.0000 -0.9239 -0.3827
vn -0.0000 -0.9239 0.3827
vn -0.0000 -0.3828 0.9238
vn -0.0000 0.3827 0.9239
vn -0.0000 0.9239 0.3827
vn -0.0000 0.3431 -0.9393
vn -0.0000 -0.2828 -0.9592
vn 1.0000 -0.0001 -0.0000
vn -0.0000 0.3440 0.9390
vn -0.0000 -0.1948 -0.9808
vn -0.0000 0.9952 0.0981
vn -0.0000 -0.7072 -0.7071
vn -0.0000 -0.7072 -0.7070
vn -0.0000 -0.3828 0.9239
vn -0.0000 0.3441 0.9389
vn -0.0000 0.9952 0.0980
vn 0.0002 0.3898 -0.9209
vn 0.0002 0.3066 -0.9518
vn -0.0002 0.3899 -0.9209
vn -0.0002 -0.0002 1.0000
vn 1.0000 -0.0000 -0.0002
vn 0.0001 1.0000 -0.0000
vn -0.0001 0.3895 0.9210
vn 0.0001 0.0002 -1.0000
vn -0.0000 -0.7069 -0.7073
vn -0.0000 -0.7069 0.7073
vn -0.0000 -0.3826 0.9239
vn -0.0000 0.3826 0.9239
vn -0.0000 0.7070 0.7073
vn -0.0003 -1.0000 -0.0000
vn 0.0002 -1.0000 -0.0000
vn -0.0000 -0.1953 -0.9807
vn 0.1086 0.8779 0.4664
vn 0.1803 0.8821 0.4352
vn -0.0615 0.8821 0.4671
vn 0.0158 0.8779 0.4786
vn 0.2530 0.8779 0.4066
vn 0.3273 0.8779 0.3496
vn 0.3737 0.8821 0.2868
vn 0.4224 0.8779 0.2257
vn 0.4582 0.8779 0.1391
vn 0.4670 0.8821 0.0615
vn 0.4786 0.8779 -0.0158
vn 0.4664 0.8779 -0.1086
vn 0.4351 0.8821 -0.1802
vn 0.4065 0.8779 -0.2529
vn 0.3495 0.8779 -0.3273
vn 0.2867 0.8822 -0.3736
vn 0.2256 0.8779 -0.4223
vn 0.1390 0.8780 -0.4581
vn 0.0614 0.8822 -0.4669
vn -0.0158 0.8779 -0.4785
vn -0.1086 0.8780 -0.4662
vn -0.1802 0.8822 -0.4351
vn -0.2529 0.8779 -0.4065
vn -0.3272 0.8779 -0.3496
vn -0.3736 0.8822 -0.2867
vn -0.4223 0.8779 -0.2256
vn -0.4581 0.8779 -0.1391
vn -0.4670 0.8821 -0.0615
vn -0.4786 0.8779 0.0158
vn -0.4664 0.8779 0.1086
vn -0.4352 0.8821 0.1802
vn -0.4066 0.8779 0.2530
vn -0.3497 0.8778 0.3273
vn -0.2868 0.8821 0.3738
vn -0.2257 0.8778 0.4225
vn -0.1391 0.8778 0.4583
vn -0.9978 -0.0000 -0.0663
vn 0.9980 -0.0000 -0.0639
vn -0.2587 0.0001 -0.9660
vn -0.5000 0.0001 -0.8660
vn -0.7072 -0.0000 -0.7070
vn -0.9657 -0.0000 -0.2597
vn 0.9663 -0.0000 -0.2574
vn 0.7072 -0.0000 -0.7070
vn 0.5000 0.0001 -0.8660
vn 0.2587 0.0001 -0.9660
vn -1.0000 0.0009 -0.0000
vn -0.0000 -0.3002 -0.9539
vn 1.0000 0.0009 -0.0000
vn -0.0004 -1.0000 -0.0001
vn 0.0004 -1.0000 -0.0001
vn 0.0003 -1.0000 -0.0001
vn -0.0003 -1.0000 -0.0002
vn -0.0001 -1.0000 -0.0002
vn 0.0002 -1.0000 -0.0002
vn 0.0001 -1.0000 -0.0002
vn -0.0000 -1.0000 -0.0001
vn -0.0005 -1.0000 -0.0000
vn 0.0002 0.3899 -0.9209
vn -0.0001 0.3899 0.9209
vn -0.0001 0.3066 0.9518
vn 0.0001 0.3066 0.9518
vn 0.0001 0.3067 0.9518
vn 0.0002 0.3899 0.9208
vn -0.0001 0.6558 0.7550
vn 0.0001 0.6558 0.7549
vn -0.0000 0.9197 0.3926
vn -0.0001 -0.0001 -1.0000
vn -0.0002 -0.0002 -1.0000
vn 0.0001 0.3825 -0.9239
vn 0.0001 -0.0001 -1.0000
vn -0.0000 0.7070 -0.7072
vn -0.0000 0.0001 1.0000
vn -0.0001 0.3896 -0.9210
vn -0.0001 0.3065 -0.9519
vn 0.0001 0.3065 -0.9519
vn 0.0001 0.3064 -0.9519
vn 0.0002 0.3895 -0.9210
vn 0.0002 0.3896 -0.9210
vn -0.0000 0.9196 -0.3927
vn -0.0000 0.6556 -0.7551
vn 0.0001 0.6556 -0.7551
vn -0.0001 0.0001 1.0000
vn -0.0002 0.0002 1.0000
vn 0.0002 0.0002 1.0000
vn -0.0000 0.7072 0.7071
vn -0.0000 -0.3003 -0.9538
vn -0.0000 -0.3827 0.9239
vn -0.0000 -0.7072 0.7070
vn -0.0000 -0.3828 -0.9238
vn -0.0000 0.3827 -0.9239
vn -0.0000 0.7071 -0.7071
vn -0.0000 0.9239 -0.3827
vn -0.0000 0.3430 0.9393
vn -0.0000 -0.2828 0.9592
vn -0.0000 0.3441 -0.9389
vn -0.0000 -0.1948 0.9808
vn -0.0000 0.9952 -0.0981
vn -0.0000 0.9952 -0.0980
vn -0.0002 0.3067 -0.9518
vn -0.0000 0.3430 -0.9393
vn -1.0000 -0.0001 0.0001
vn -0.0000 1.0000 0.0001
vt 0.780629 0.294861
vt 0.786654 0.276160
vt 0.604660 0.276160
vt 0.610681 0.294860
vt 0.785953 0.271629
vt 0.785952 0.210722
vt 0.603957 0.210722
vt 0.603958 0.271629
vt 0.785798 0.206425
vt 0.779773 0.187725
vt 0.609824 0.187725
vt 0.603803 0.206425
vt 0.722749 0.012242
vt 0.722749 0.073068
vt 0.703050 0.073069
vt 0.703050 0.012242
vt 0.681769 0.012243
vt 0.681769 0.073069
vt 0.543386 0.073075
vt 0.543386 0.012249
vt 0.522106 0.012249
vt 0.522105 0.073075
vt 0.502407 0.073074
vt 0.502408 0.012248
vt 0.385276 0.294905
vt 0.391302 0.276204
vt 0.209307 0.276204
vt 0.215327 0.294904
vt 0.391659 0.207095
vt 0.385634 0.188395
vt 0.215684 0.188396
vt 0.209664 0.207095
vt 0.440707 0.108864
vt 0.460471 0.108866
vt 0.445501 0.117573
vt 0.440706 0.117573
vt 0.419350 0.169828
vt 0.280511 0.169832
vt 0.280511 0.161123
vt 0.419350 0.161119
vt 0.280513 0.108867
vt 0.419355 0.108864
vt 0.419355 0.117573
vt 0.280513 0.117576
vt 0.259167 0.169829
vt 0.239405 0.169829
vt 0.254374 0.161120
vt 0.259167 0.161120
vt 0.460467 0.169828
vt 0.445498 0.161118
vt 0.239402 0.108867
vt 0.254371 0.117575
vt 0.440701 0.169827
vt 0.440702 0.161118
vt 0.259164 0.108866
vt 0.259164 0.117575
vt 0.197315 0.022618
vt 0.367326 0.022620
vt 0.368786 0.027157
vt 0.195851 0.027157
vt 0.367326 0.089630
vt 0.197314 0.089632
vt 0.195851 0.085094
vt 0.368786 0.085094
vt 0.368959 0.077559
vt 0.195596 0.077559
vt 0.195596 0.033831
vt 0.368958 0.033831
vt 0.575378 0.293411
vt 0.581404 0.274709
vt 0.399409 0.274709
vt 0.405430 0.293409
vt 0.581761 0.205601
vt 0.575736 0.186900
vt 0.405786 0.186900
vt 0.399766 0.205601
vt 0.684855 0.108875
vt 0.704594 0.108875
vt 0.689643 0.117582
vt 0.684855 0.117581
vt 0.663530 0.161114
vt 0.663528 0.169821
vt 0.653075 0.161112
vt 0.524881 0.117552
vt 0.524883 0.108845
vt 0.535346 0.117554
vt 0.503549 0.169785
vt 0.483812 0.169779
vt 0.498765 0.161077
vt 0.503552 0.161078
vt 0.704591 0.169823
vt 0.689641 0.161115
vt 0.483832 0.108832
vt 0.498779 0.117543
vt 0.684851 0.169822
vt 0.684851 0.161115
vt 0.503568 0.108838
vt 0.503565 0.117545
vt 0.380086 0.025662
vt 0.381549 0.021123
vt 0.407934 0.025662
vt 0.485214 0.083599
vt 0.483753 0.088136
vt 0.457366 0.083599
vt 0.457470 0.076098
vt 0.457469 0.032370
vt 0.485386 0.032370
vt 0.485387 0.076098
vt 0.457366 0.009495
vt 0.467785 0.009492
vt 0.457366 0.025662
vt 0.407934 0.099766
vt 0.397523 0.099769
vt 0.407934 0.083599
vt 0.379831 0.076098
vt 0.379831 0.032370
vt 0.407747 0.032370
vt 0.407748 0.076098
vt 0.415755 0.076077
vt 0.415755 0.032483
vt 0.431949 0.032483
vt 0.431949 0.076076
vt 0.653085 0.117578
vt 0.535335 0.161087
vt 0.434357 0.076076
vt 0.434357 0.032483
vt 0.450551 0.032483
vt 0.450551 0.076076
vt 0.924961 0.101940
vt 0.917231 0.101940
vt 0.917231 0.093541
vt 0.924961 0.093541
vt 0.909501 0.101940
vt 0.909501 0.093541
vt 0.901770 0.101940
vt 0.901770 0.093541
vt 0.894040 0.101940
vt 0.894040 0.093541
vt 0.886310 0.101940
vt 0.886310 0.093541
vt 0.878579 0.101940
vt 0.878579 0.093541
vt 0.870849 0.101940
vt 0.870849 0.093541
vt 0.863119 0.101940
vt 0.863119 0.093541
vt 0.855388 0.101940
vt 0.855388 0.093541
vt 0.847658 0.101940
vt 0.847658 0.093541
vt 0.839928 0.101940
vt 0.839928 0.093541
vt 0.832197 0.101940
vt 0.832197 0.093541
vt 0.824467 0.101940
vt 0.824467 0.093541
vt 0.816737 0.101940
vt 0.816737 0.093541
vt 0.809006 0.101940
vt 0.809006 0.093541
vt 0.801276 0.101940
vt 0.801276 0.093541
vt 0.793546 0.101940
vt 0.793546 0.093541
vt 0.932692 0.101940
vt 0.932692 0.093541
vt 0.407346 0.240700
vt 0.399011 0.271190
vt 0.399013 0.210209
vt 0.408682 0.233122
vt 0.581949 0.271190
vt 0.451657 0.240700
vt 0.581949 0.210210
vt 0.425654 0.262519
vt 0.433349 0.262519
vt 0.433349 0.218881
vt 0.425654 0.218881
vt 0.408682 0.248277
vt 0.412530 0.254941
vt 0.418424 0.259887
vt 0.412530 0.226459
vt 0.418424 0.221512
vt 0.440579 0.221513
vt 0.446473 0.226459
vt 0.450321 0.233122
vt 0.446473 0.254941
vt 0.450321 0.248277
vt 0.440579 0.259887
vt 0.815260 0.108613
vt 0.822817 0.109945
vt 0.815260 0.130709
vt 0.829462 0.113782
vt 0.834395 0.119661
vt 0.837020 0.126872
vt 0.837020 0.134545
vt 0.834395 0.141756
vt 0.829462 0.147635
vt 0.822817 0.151471
vt 0.815260 0.152804
vt 0.807703 0.151471
vt 0.801057 0.147635
vt 0.796125 0.141756
vt 0.793500 0.134545
vt 0.793500 0.126872
vt 0.796125 0.119661
vt 0.801057 0.113782
vt 0.807703 0.109945
vt 0.737118 0.100217
vt 0.737118 0.119057
vt 0.718717 0.119057
vt 0.718717 0.100217
vt 0.778605 0.100217
vt 0.778604 0.119057
vt 0.760203 0.119057
vt 0.760204 0.100217
vt 0.209284 0.271240
vt 0.209284 0.210260
vt 0.215350 0.231373
vt 0.215350 0.250127
vt 0.392222 0.210260
vt 0.392220 0.271240
vt 0.386154 0.250128
vt 0.386155 0.231373
vt 0.233667 0.250127
vt 0.233667 0.231373
vt 0.367838 0.231373
vt 0.367837 0.250128
vt 0.744946 0.100352
vt 0.744946 0.119193
vt 0.740327 0.119193
vt 0.740327 0.100352
vt 0.737153 0.126415
vt 0.718752 0.126415
vt 0.718752 0.121796
vt 0.737153 0.121796
vt 0.710732 0.119000
vt 0.710732 0.100159
vt 0.715351 0.100159
vt 0.715351 0.119000
vt 0.718508 0.092576
vt 0.736910 0.092576
vt 0.736910 0.097194
vt 0.718508 0.097194
vt 0.781798 0.119150
vt 0.781798 0.100309
vt 0.786416 0.100309
vt 0.786416 0.119150
vt 0.778738 0.126510
vt 0.760337 0.126510
vt 0.760337 0.121892
vt 0.778738 0.121892
vt 0.752297 0.118974
vt 0.752297 0.100134
vt 0.756916 0.100134
vt 0.756916 0.118974
vt 0.760262 0.092521
vt 0.778663 0.092521
vt 0.778663 0.097140
vt 0.760262 0.097140
vt 0.695711 0.073069
vt 0.695711 0.012243
vt 0.536046 0.073075
vt 0.536047 0.012249
vt 0.433342 0.117573
vt 0.433343 0.108864
vt 0.433338 0.169827
vt 0.433338 0.161118
vt 0.273147 0.169832
vt 0.273147 0.161123
vt 0.273150 0.117576
vt 0.273150 0.108867
vt 0.677505 0.117583
vt 0.677507 0.108876
vt 0.677497 0.169822
vt 0.677498 0.161115
vt 0.524871 0.169792
vt 0.517517 0.169790
vt 0.517519 0.161083
vt 0.524873 0.161085
vt 0.517528 0.117550
vt 0.517530 0.108843
vt 0.689108 0.073069
vt 0.689108 0.012243
vt 0.529444 0.073075
vt 0.529444 0.012249
vt 0.426718 0.117573
vt 0.426719 0.108864
vt 0.426714 0.169828
vt 0.426714 0.161119
vt 0.266527 0.169830
vt 0.266527 0.161121
vt 0.266527 0.117576
vt 0.266527 0.108867
vt 0.670894 0.117582
vt 0.670897 0.108876
vt 0.663540 0.117580
vt 0.663543 0.108874
vt 0.670882 0.169822
vt 0.670883 0.161115
vt 0.510903 0.169787
vt 0.510905 0.161081
vt 0.510916 0.117549
vt 0.510919 0.108842
vt 0.421394 0.305041
vt 0.559412 0.305041
vt 0.408868 0.299871
vt 0.414189 0.303749
vt 0.566617 0.303749
vt 0.571939 0.299872
vt 0.559770 0.175269
vt 0.421750 0.175269
vt 0.572297 0.180438
vt 0.566975 0.176561
vt 0.414546 0.176561
vt 0.409224 0.180438
vt 0.213290 0.010984
vt 0.351358 0.010984
vt 0.351357 0.101266
vt 0.213288 0.101266
vt 0.363887 0.096095
vt 0.358564 0.099974
vt 0.206081 0.099974
vt 0.200756 0.096095
vt 0.200757 0.016155
vt 0.206082 0.012277
vt 0.358565 0.012277
vt 0.363888 0.016156
vt 0.369667 0.176764
vt 0.231648 0.176764
vt 0.382194 0.181933
vt 0.376872 0.178056
vt 0.224443 0.178056
vt 0.219122 0.181934
vt 0.231291 0.306535
vt 0.369310 0.306535
vt 0.218765 0.301366
vt 0.224086 0.305243
vt 0.376515 0.305243
vt 0.381837 0.301366
vt 0.390315 0.098478
vt 0.384990 0.094601
vt 0.381549 0.088137
vt 0.380086 0.083599
vt 0.397524 0.009492
vt 0.407934 0.009495
vt 0.390316 0.010783
vt 0.384991 0.014660
vt 0.474992 0.010783
vt 0.480315 0.014661
vt 0.483754 0.021125
vt 0.485214 0.025662
vt 0.467785 0.099769
vt 0.457365 0.099766
vt 0.474992 0.098478
vt 0.480315 0.094600
vt 0.618584 0.177386
vt 0.613262 0.181263
vt 0.625788 0.176094
vt 0.776334 0.181263
vt 0.771012 0.177386
vt 0.763807 0.176094
vt 0.614119 0.301322
vt 0.619440 0.305199
vt 0.626645 0.306492
vt 0.771868 0.305199
vt 0.777190 0.301322
vt 0.764663 0.306491
vt 0.195089 0.294905
vt 0.201115 0.276204
vt 0.019120 0.276204
vt 0.025140 0.294904
vt 0.201472 0.207095
vt 0.195447 0.188395
vt 0.025496 0.188396
vt 0.019476 0.207095
vt 0.211304 0.108864
vt 0.231069 0.108866
vt 0.216099 0.117573
vt 0.211304 0.117573
vt 0.189948 0.169828
vt 0.051108 0.169832
vt 0.051108 0.161123
vt 0.189948 0.161119
vt 0.051111 0.108867
vt 0.189953 0.108864
vt 0.189952 0.117573
vt 0.051111 0.117576
vt 0.029765 0.169829
vt 0.010003 0.169829
vt 0.024972 0.161120
vt 0.029764 0.161120
vt 0.231065 0.169828
vt 0.216095 0.161118
vt 0.010000 0.108867
vt 0.024969 0.117575
vt 0.211299 0.169827
vt 0.211299 0.161118
vt 0.029762 0.108866
vt 0.029762 0.117575
vt 0.011320 0.022618
vt 0.181332 0.022620
vt 0.182792 0.027157
vt 0.009857 0.027157
vt 0.181332 0.089630
vt 0.011320 0.089632
vt 0.009857 0.085094
vt 0.182792 0.085094
vt 0.182965 0.077559
vt 0.009602 0.077559
vt 0.009602 0.033831
vt 0.182964 0.033831
vt 0.737398 0.140029
vt 0.737398 0.158870
vt 0.718996 0.158870
vt 0.718996 0.140029
vt 0.778885 0.140029
vt 0.778884 0.158870
vt 0.760483 0.158870
vt 0.760484 0.140029
vt 0.019096 0.271240
vt 0.019096 0.210260
vt 0.025163 0.231373
vt 0.025163 0.250127
vt 0.202035 0.210260
vt 0.202033 0.271240
vt 0.195966 0.250128
vt 0.195967 0.231373
vt 0.043480 0.250127
vt 0.043480 0.231373
vt 0.177650 0.231373
vt 0.177650 0.250128
vt 0.745225 0.140165
vt 0.745225 0.159005
vt 0.740607 0.159005
vt 0.740607 0.140165
vt 0.737433 0.166228
vt 0.719032 0.166228
vt 0.719032 0.161609
vt 0.737433 0.161609
vt 0.711012 0.158813
vt 0.711012 0.139972
vt 0.715631 0.139972
vt 0.715631 0.158813
vt 0.718788 0.132388
vt 0.737190 0.132388
vt 0.737190 0.137007
vt 0.718788 0.137007
vt 0.782078 0.158962
vt 0.782078 0.140122
vt 0.786696 0.140122
vt 0.786696 0.158962
vt 0.779018 0.166323
vt 0.760617 0.166323
vt 0.760617 0.161704
vt 0.779018 0.161704
vt 0.752577 0.158787
vt 0.752577 0.139946
vt 0.757196 0.139946
vt 0.757196 0.158787
vt 0.760542 0.132334
vt 0.778943 0.132334
vt 0.778943 0.136953
vt 0.760542 0.136953
vt 0.203940 0.117573
vt 0.203941 0.108864
vt 0.203936 0.169827
vt 0.203935 0.161118
vt 0.043745 0.169832
vt 0.043745 0.161123
vt 0.043748 0.117576
vt 0.043748 0.108867
vt 0.197316 0.117573
vt 0.197316 0.108864
vt 0.197312 0.169828
vt 0.197311 0.161119
vt 0.037125 0.169830
vt 0.037125 0.161121
vt 0.037125 0.117576
vt 0.037125 0.108867
vt 0.027296 0.010984
vt 0.165363 0.010984
vt 0.165363 0.101266
vt 0.027294 0.101266
vt 0.177893 0.096095
vt 0.172570 0.099974
vt 0.020086 0.099974
vt 0.014762 0.096095
vt 0.014763 0.016155
vt 0.020088 0.012277
vt 0.172571 0.012277
vt 0.177893 0.016156
vt 0.179480 0.176764
vt 0.041460 0.176764
vt 0.192007 0.181933
vt 0.186685 0.178056
vt 0.034256 0.178056
vt 0.028934 0.181934
vt 0.041104 0.306535
vt 0.179122 0.306535
vt 0.028578 0.301366
vt 0.033899 0.305243
vt 0.186327 0.305243
vt 0.191649 0.301366
vt 0.979438 0.294861
vt 0.985463 0.276160
vt 0.803469 0.276160
vt 0.809490 0.294860
vt 0.984762 0.271629
vt 0.984761 0.210722
vt 0.802766 0.210722
vt 0.802767 0.271629
vt 0.984607 0.206425
vt 0.978582 0.187725
vt 0.808633 0.187725
vt 0.802612 0.206425
vt 0.951454 0.012242
vt 0.951455 0.073068
vt 0.931755 0.073069
vt 0.931755 0.012242
vt 0.910474 0.012243
vt 0.910475 0.073069
vt 0.772092 0.073075
vt 0.772091 0.012249
vt 0.750811 0.012249
vt 0.750811 0.073075
vt 0.731113 0.073074
vt 0.731113 0.012248
vt 0.924416 0.073069
vt 0.924416 0.012243
vt 0.764751 0.073075
vt 0.764752 0.012249
vt 0.917814 0.073069
vt 0.917814 0.012243
vt 0.758150 0.073075
vt 0.758150 0.012249
vt 0.817393 0.177386
vt 0.812071 0.181263
vt 0.824597 0.176094
vt 0.975143 0.181263
vt 0.969821 0.177386
vt 0.962616 0.176094
vt 0.812928 0.301322
vt 0.818249 0.305199
vt 0.825454 0.306492
vt 0.970677 0.305199
vt 0.975999 0.301322
vt 0.963472 0.306491
vt 0.991489 0.506247
vt 0.991491 0.475916
vt 0.809495 0.475916
vt 0.809494 0.506247
vt 0.959399 0.375714
vt 0.959398 0.314800
vt 0.991268 0.314801
vt 0.991268 0.375715
vt 0.861755 0.375714
vt 0.861755 0.325204
vt 0.953404 0.314800
vt 0.953405 0.375714
vt 0.731056 0.375716
vt 0.731056 0.314802
vt 0.755291 0.325205
vt 0.755291 0.375715
vt 0.991390 0.470949
vt 0.991390 0.410042
vt 0.809394 0.410042
vt 0.809394 0.470948
vt 0.764849 0.404642
vt 0.855845 0.381577
vt 0.855844 0.374311
vt 0.764847 0.374311
vt 0.749573 0.443311
vt 0.658577 0.443311
vt 0.658577 0.436045
vt 0.749574 0.436045
vt 0.658476 0.380574
vt 0.749474 0.380574
vt 0.749473 0.431078
vt 0.658476 0.431078
vt 0.654094 0.380552
vt 0.646460 0.380552
vt 0.646460 0.431062
vt 0.654094 0.431062
vt 0.770106 0.325205
vt 0.770106 0.314802
vt 0.762926 0.314802
vt 0.762926 0.325205
vt 0.946844 0.404642
vt 0.946843 0.381577
vt 0.212880 0.444618
vt 0.212879 0.414273
vt 0.303917 0.414273
vt 0.303917 0.444618
vt 0.220220 0.453748
vt 0.311258 0.453748
vt 0.220220 0.468921
vt 0.375192 0.319586
vt 0.375194 0.349931
vt 0.193118 0.349930
vt 0.193118 0.319586
vt 0.433068 0.444347
vt 0.417894 0.444346
vt 0.417893 0.414001
vt 0.433067 0.414002
vt 0.193080 0.357551
vt 0.284118 0.372725
vt 0.193079 0.372725
vt 0.193237 0.414267
vt 0.208410 0.414267
vt 0.208409 0.444612
vt 0.193236 0.444612
vt 0.408276 0.418291
vt 0.408277 0.440272
vt 0.317240 0.440272
vt 0.317238 0.418291
vt 0.284303 0.382104
vt 0.284303 0.377922
vt 0.375339 0.377922
vt 0.375339 0.382104
vt 0.407681 0.444481
vt 0.407681 0.448663
vt 0.316643 0.448663
vt 0.316644 0.444481
vt 0.312570 0.418226
vt 0.312569 0.440206
vt 0.308387 0.444389
vt 0.308387 0.414044
vt 0.413712 0.440164
vt 0.413711 0.418184
vt 0.375156 0.357551
vt 0.375154 0.372725
vt 0.402296 0.453748
vt 0.402295 0.468922
vt 0.533291 0.497350
vt 0.533292 0.467019
vt 0.509461 0.467019
vt 0.509460 0.497350
vt 0.691528 0.374473
vt 0.691527 0.313560
vt 0.723397 0.313561
vt 0.723397 0.374474
vt 0.677441 0.374501
vt 0.653611 0.327735
vt 0.653611 0.313588
vt 0.677440 0.313588
vt 0.451168 0.476320
vt 0.474999 0.476320
vt 0.475001 0.462176
vt 0.451168 0.415414
vt 0.633159 0.410015
vt 0.633158 0.379683
vt 0.451167 0.379683
vt 0.451168 0.410015
vt 0.633158 0.511619
vt 0.633159 0.481288
vt 0.542163 0.481288
vt 0.542162 0.511619
vt 0.633159 0.415414
vt 0.542163 0.462176
vt 0.542163 0.476321
vt 0.633159 0.476321
vt 0.454120 0.374476
vt 0.454120 0.313562
vt 0.485989 0.313561
vt 0.485989 0.374475
vt 0.663398 0.477566
vt 0.663397 0.447327
vt 0.730194 0.447327
vt 0.730194 0.477566
vt 0.750348 0.447327
vt 0.750349 0.477566
vt 0.736337 0.477566
vt 0.736337 0.447327
vt 0.495461 0.374503
vt 0.586452 0.327736
vt 0.495462 0.313589
vt 0.586451 0.313589
vt 0.659384 0.477566
vt 0.645371 0.477566
vt 0.645373 0.447327
vt 0.659385 0.447327
vt 0.289533 0.784120
vt 0.309298 0.784121
vt 0.294328 0.792829
vt 0.289533 0.792829
vt 0.268177 0.845084
vt 0.202341 0.845085
vt 0.202340 0.836377
vt 0.268177 0.836375
vt 0.309294 0.845083
vt 0.294324 0.836373
vt 0.289528 0.845082
vt 0.289528 0.836373
vt 0.198855 0.892804
vt 0.198853 0.953784
vt 0.107385 0.953784
vt 0.107386 0.892804
vt 0.282169 0.792828
vt 0.282169 0.784119
vt 0.282164 0.845083
vt 0.282164 0.836374
vt 0.275545 0.792828
vt 0.275545 0.784119
vt 0.268181 0.792828
vt 0.268181 0.784119
vt 0.275541 0.845083
vt 0.275540 0.836374
vt 0.016898 0.705727
vt 0.011574 0.701848
vt 0.008132 0.695385
vt 0.024106 0.707019
vt 0.011575 0.626311
vt 0.016900 0.622433
vt 0.024107 0.621140
vt 0.008132 0.632775
vt 0.188827 0.861371
vt 0.183505 0.857494
vt 0.176300 0.856202
vt 0.192267 0.867832
vt 0.183148 0.990224
vt 0.188470 0.986347
vt 0.191910 0.979886
vt 0.175943 0.991516
vt 0.202344 0.792830
vt 0.202344 0.784121
vt 0.065677 0.685573
vt 0.065676 0.641845
vt 0.093095 0.641846
vt 0.093095 0.685574
vt 0.162262 0.845156
vt 0.176512 0.836437
vt 0.189193 0.836437
vt 0.189193 0.845156
vt 0.189193 0.784123
vt 0.189193 0.792842
vt 0.176512 0.792841
vt 0.162262 0.784122
vt 0.110496 0.991516
vt 0.106934 0.987954
vt 0.110852 0.856202
vt 0.107291 0.859764
vt 0.093140 0.624704
vt 0.065785 0.629227
vt 0.053715 0.629227
vt 0.089578 0.621141
vt 0.199573 0.845057
vt 0.193272 0.845057
vt 0.193272 0.836404
vt 0.199573 0.836404
vt 0.199573 0.792796
vt 0.193272 0.792796
vt 0.193272 0.784163
vt 0.199573 0.784163
vt 0.107295 0.886533
vt 0.198292 0.886533
vt 0.006414 0.685574
vt 0.006414 0.641846
vt 0.053574 0.641845
vt 0.053575 0.685573
vt 0.053715 0.698932
vt 0.065786 0.698931
vt 0.093140 0.703456
vt 0.089577 0.707019
vt 0.093136 0.690846
vt 0.065785 0.690846
vt 0.093136 0.637313
vt 0.065785 0.637314
vt 0.053713 0.637314
vt 0.006669 0.637313
vt 0.006669 0.690846
vt 0.053714 0.690846
vt 0.197935 0.961185
vt 0.106938 0.961185
vt 0.667920 0.776239
vt 0.663848 0.761683
vt 0.663848 0.747127
vt 0.667920 0.732571
vt 0.654830 0.747127
vt 0.654830 0.761683
vt 0.642669 0.776239
vt 0.642669 0.732571
vt 0.630274 0.776239
vt 0.630274 0.732571
vt 0.638420 0.732571
vt 0.638420 0.776239
vt 0.659775 0.732572
vt 0.659775 0.747127
vt 0.673331 0.761622
vt 0.673331 0.747066
vt 0.677404 0.747066
vt 0.677404 0.761622
vt 0.656376 0.747127
vt 0.656376 0.761683
vt 0.673335 0.744090
vt 0.677408 0.744090
vt 0.677408 0.745636
vt 0.673335 0.745636
vt 0.680633 0.747066
vt 0.680633 0.761622
vt 0.679087 0.761622
vt 0.679087 0.747066
vt 0.677408 0.764583
vt 0.673335 0.764583
vt 0.673335 0.763037
vt 0.677408 0.763037
vt 0.654830 0.732571
vt 0.654830 0.776239
vt 0.659775 0.776239
vt 0.659775 0.761683
vt 0.047280 0.784123
vt 0.113117 0.784121
vt 0.113117 0.792830
vt 0.047280 0.792832
vt 0.025934 0.845084
vt 0.006172 0.845085
vt 0.021141 0.836375
vt 0.025933 0.836375
vt 0.006169 0.784123
vt 0.021138 0.792831
vt 0.025931 0.784122
vt 0.025931 0.792831
vt 0.190490 0.690846
vt 0.189030 0.695383
vt 0.104023 0.690846
vt 0.103981 0.685574
vt 0.103981 0.641846
vt 0.190662 0.641846
vt 0.190663 0.685574
vt 0.008853 0.953784
vt 0.008853 0.892804
vt 0.100323 0.892804
vt 0.100322 0.953784
vt 0.047277 0.845087
vt 0.039914 0.845087
vt 0.039914 0.836378
vt 0.047277 0.836378
vt 0.039917 0.792832
vt 0.039917 0.784123
vt 0.033294 0.845086
vt 0.033294 0.836377
vt 0.033294 0.792831
vt 0.033294 0.784123
vt 0.185591 0.701848
vt 0.180268 0.705726
vt 0.173061 0.707019
vt 0.180269 0.622434
vt 0.185592 0.626312
vt 0.189030 0.632777
vt 0.173061 0.621141
vt 0.024013 0.857494
vt 0.018691 0.861371
vt 0.015253 0.867833
vt 0.031217 0.856202
vt 0.018335 0.986346
vt 0.023656 0.990224
vt 0.030861 0.991516
vt 0.014897 0.979884
vt 0.113114 0.836377
vt 0.113114 0.845086
vt 0.190490 0.637314
vt 0.104023 0.637313
vt 0.104026 0.624704
vt 0.154660 0.784093
vt 0.140410 0.792812
vt 0.127728 0.792812
vt 0.127728 0.784093
vt 0.154660 0.845126
vt 0.127728 0.845127
vt 0.127728 0.836407
vt 0.140410 0.836407
vt 0.104026 0.703456
vt 0.107590 0.707019
vt 0.096308 0.991516
vt 0.099871 0.987954
vt 0.096665 0.856202
vt 0.100228 0.859764
vt 0.117620 0.836404
vt 0.123922 0.836404
vt 0.123922 0.845057
vt 0.117620 0.845057
vt 0.117620 0.784163
vt 0.123922 0.784163
vt 0.123922 0.792796
vt 0.117620 0.792796
vt 0.107591 0.621141
vt 0.009234 0.886533
vt 0.100231 0.886533
vt 0.099874 0.961185
vt 0.008877 0.961185
vt 0.344461 0.569684
vt 0.352101 0.569684
vt 0.352101 0.613428
vt 0.344461 0.613428
vt 0.008605 0.569684
vt 0.016734 0.569685
vt 0.016734 0.613428
vt 0.008605 0.613428
vt 0.042272 0.569675
vt 0.050310 0.569685
vt 0.050310 0.613428
vt 0.042272 0.613438
vt 0.170885 0.494947
vt 0.163349 0.494947
vt 0.164419 0.492020
vt 0.169816 0.492020
vt 0.162772 0.502572
vt 0.151744 0.503091
vt 0.170885 0.502572
vt 0.160362 0.510743
vt 0.154154 0.510743
vt 0.050298 0.503093
vt 0.049678 0.506212
vt 0.042148 0.503093
vt 0.047911 0.508856
vt 0.045267 0.510623
vt 0.042148 0.511243
vt 0.039029 0.510623
vt 0.036385 0.508856
vt 0.034619 0.506212
vt 0.033998 0.503093
vt 0.034619 0.499974
vt 0.036385 0.497330
vt 0.039029 0.495564
vt 0.042148 0.494943
vt 0.163417 0.613442
vt 0.163417 0.569671
vt 0.166603 0.569671
vt 0.166603 0.613442
vt 0.169789 0.613442
vt 0.169789 0.569671
vt 0.172975 0.613442
vt 0.172975 0.569671
vt 0.176161 0.613442
vt 0.176161 0.569671
vt 0.179347 0.613442
vt 0.179347 0.569671
vt 0.182533 0.613442
vt 0.182533 0.569671
vt 0.188905 0.613442
vt 0.185719 0.613442
vt 0.185719 0.569671
vt 0.188905 0.569671
vt 0.192091 0.613442
vt 0.192091 0.569671
vt 0.195277 0.569671
vt 0.195277 0.613442
vt 0.338149 0.613428
vt 0.338149 0.569684
vt 0.341270 0.569684
vt 0.341270 0.613428
vt 0.020453 0.569685
vt 0.028988 0.569675
vt 0.028988 0.613438
vt 0.020453 0.613428
vt 0.038854 0.569675
vt 0.038854 0.613438
vt 0.032634 0.613438
vt 0.032634 0.569675
vt 0.155977 0.569671
vt 0.155977 0.613442
vt 0.054336 0.613428
vt 0.054336 0.569685
vt 0.314832 0.507761
vt 0.313763 0.510687
vt 0.308366 0.510687
vt 0.307296 0.507761
vt 0.326817 0.569684
vt 0.326817 0.613429
vt 0.323695 0.613429
vt 0.323695 0.569684
vt 0.295691 0.499616
vt 0.306719 0.500135
vt 0.314832 0.500135
vt 0.298101 0.491964
vt 0.304309 0.491964
vt 0.194245 0.499614
vt 0.186095 0.499614
vt 0.193624 0.496496
vt 0.191858 0.493852
vt 0.189214 0.492085
vt 0.186095 0.491465
vt 0.182976 0.492085
vt 0.180332 0.493852
vt 0.178566 0.496496
vt 0.177945 0.499614
vt 0.178566 0.502733
vt 0.180332 0.505377
vt 0.182976 0.507144
vt 0.186095 0.507764
vt 0.160231 0.613442
vt 0.160231 0.569671
vt 0.198463 0.613442
vt 0.198463 0.569671
vt 0.319897 0.569684
vt 0.319897 0.613429
vt 0.329855 0.613429
vt 0.329855 0.569684
vt 0.335262 0.569684
vt 0.335262 0.613428
vt 0.697444 0.569684
vt 0.705084 0.569684
vt 0.705084 0.613428
vt 0.697444 0.613428
vt 0.361588 0.569684
vt 0.369717 0.569685
vt 0.369717 0.613428
vt 0.361588 0.613428
vt 0.395255 0.569675
vt 0.403293 0.569685
vt 0.403293 0.613428
vt 0.395255 0.613438
vt 0.461871 0.497756
vt 0.454336 0.497756
vt 0.455406 0.494829
vt 0.460802 0.494829
vt 0.453758 0.505381
vt 0.442731 0.505901
vt 0.461871 0.505381
vt 0.451348 0.513552
vt 0.445140 0.513552
vt 0.341284 0.505902
vt 0.340664 0.509021
vt 0.333135 0.505902
vt 0.338898 0.511665
vt 0.336253 0.513432
vt 0.333135 0.514052
vt 0.330016 0.513432
vt 0.327372 0.511665
vt 0.325605 0.509021
vt 0.324985 0.505902
vt 0.325605 0.502783
vt 0.327372 0.500140
vt 0.330016 0.498373
vt 0.333135 0.497752
vt 0.516400 0.613442
vt 0.516400 0.569671
vt 0.519586 0.569671
vt 0.519586 0.613442
vt 0.522772 0.613442
vt 0.522772 0.569671
vt 0.525958 0.613442
vt 0.525958 0.569671
vt 0.529144 0.613442
vt 0.529144 0.569671
vt 0.532330 0.613442
vt 0.532330 0.569671
vt 0.535516 0.613442
vt 0.535516 0.569671
vt 0.541888 0.613442
vt 0.538702 0.613442
vt 0.538702 0.569671
vt 0.541888 0.569671
vt 0.545074 0.613442
vt 0.545074 0.569671
vt 0.548260 0.569671
vt 0.548260 0.613442
vt 0.691132 0.613428
vt 0.691132 0.569684
vt 0.694253 0.569684
vt 0.694253 0.613428
vt 0.373436 0.569685
vt 0.381971 0.569675
vt 0.381971 0.613438
vt 0.373436 0.613428
vt 0.391837 0.569675
vt 0.391837 0.613438
vt 0.385617 0.613438
vt 0.385617 0.569675
vt 0.508960 0.569671
vt 0.508960 0.613442
vt 0.407319 0.613428
vt 0.407319 0.569685
vt 0.780266 0.508753
vt 0.779197 0.511679
vt 0.773800 0.511679
vt 0.772730 0.508753
vt 0.679800 0.569684
vt 0.679800 0.613429
vt 0.676678 0.613429
vt 0.676678 0.569684
vt 0.761125 0.500608
vt 0.772152 0.501127
vt 0.780266 0.501127
vt 0.763535 0.492957
vt 0.769743 0.492957
vt 0.659678 0.500606
vt 0.651529 0.500606
vt 0.659058 0.497488
vt 0.657292 0.494844
vt 0.654648 0.493077
vt 0.651529 0.492457
vt 0.648410 0.493077
vt 0.645766 0.494844
vt 0.644000 0.497488
vt 0.643379 0.500606
vt 0.644000 0.503725
vt 0.645766 0.506369
vt 0.648410 0.508136
vt 0.651529 0.508756
vt 0.513214 0.613442
vt 0.513214 0.569671
vt 0.551446 0.613442
vt 0.551446 0.569671
vt 0.672880 0.569684
vt 0.672880 0.613429
vt 0.682838 0.613429
vt 0.682838 0.569684
vt 0.688245 0.569684
vt 0.688245 0.613428
vt 0.289629 0.715800
vt 0.309393 0.715801
vt 0.294423 0.724509
vt 0.289628 0.724508
vt 0.268272 0.776764
vt 0.198852 0.776765
vt 0.198852 0.768056
vt 0.268272 0.768055
vt 0.309389 0.776763
vt 0.294419 0.768053
vt 0.289623 0.776762
vt 0.289624 0.768053
vt 0.795736 0.893093
vt 0.795734 0.954074
vt 0.704265 0.954073
vt 0.704266 0.893093
vt 0.282264 0.724508
vt 0.282265 0.715799
vt 0.282260 0.776762
vt 0.282260 0.768053
vt 0.275640 0.724508
vt 0.275641 0.715799
vt 0.268277 0.724508
vt 0.268277 0.715799
vt 0.275636 0.776763
vt 0.275636 0.768054
vt 0.599349 0.706016
vt 0.594024 0.702138
vt 0.590582 0.695674
vt 0.606557 0.707309
vt 0.594025 0.626601
vt 0.599350 0.622723
vt 0.606558 0.621430
vt 0.590583 0.633064
vt 0.785708 0.861661
vt 0.780386 0.857784
vt 0.773181 0.856491
vt 0.789147 0.868122
vt 0.780028 0.990513
vt 0.785350 0.986637
vt 0.788790 0.980175
vt 0.772823 0.991806
vt 0.794815 0.961474
vt 0.703818 0.961474
vt 0.703814 0.991806
vt 0.704175 0.886823
vt 0.795173 0.886823
vt 0.704171 0.856491
vt 0.198856 0.724510
vt 0.198856 0.715801
vt 0.648128 0.685862
vt 0.648128 0.642134
vt 0.675545 0.642136
vt 0.675546 0.685863
vt 0.162357 0.776835
vt 0.176607 0.768116
vt 0.192872 0.768117
vt 0.192872 0.776836
vt 0.192872 0.715802
vt 0.192872 0.724521
vt 0.176607 0.724521
vt 0.162357 0.715802
vt 0.588864 0.685864
vt 0.588864 0.642136
vt 0.636025 0.642134
vt 0.636025 0.685862
vt 0.675591 0.707309
vt 0.636165 0.699221
vt 0.648236 0.699221
vt 0.636165 0.629517
vt 0.675592 0.621430
vt 0.648237 0.629517
vt 0.675587 0.691136
vt 0.648237 0.691136
vt 0.675587 0.637603
vt 0.648237 0.637603
vt 0.589119 0.691136
vt 0.636164 0.691136
vt 0.636164 0.637603
vt 0.589119 0.637603
vt 0.833322 0.776529
vt 0.829249 0.761973
vt 0.829249 0.747417
vt 0.833322 0.732861
vt 0.820231 0.747417
vt 0.820231 0.761973
vt 0.808070 0.776528
vt 0.808070 0.732861
vt 0.795676 0.776528
vt 0.795675 0.732861
vt 0.803821 0.732861
vt 0.803821 0.776529
vt 0.825176 0.732861
vt 0.825176 0.747417
vt 0.838732 0.761912
vt 0.838732 0.747356
vt 0.842805 0.747356
vt 0.842805 0.761912
vt 0.821778 0.747417
vt 0.821778 0.761973
vt 0.838736 0.744380
vt 0.842809 0.744380
vt 0.842809 0.745926
vt 0.838736 0.745926
vt 0.846034 0.747356
vt 0.846034 0.761912
vt 0.844488 0.761912
vt 0.844488 0.747356
vt 0.842809 0.764873
vt 0.838736 0.764873
vt 0.838736 0.763327
vt 0.842809 0.763327
vt 0.820231 0.732861
vt 0.820231 0.776528
vt 0.825176 0.776529
vt 0.825176 0.761973
vt 0.611299 0.980174
vt 0.696273 0.991806
vt 0.696277 0.961474
vt 0.605280 0.961474
vt 0.696634 0.886823
vt 0.696630 0.856491
vt 0.611656 0.868123
vt 0.605636 0.886823
vt 0.047375 0.715803
vt 0.116796 0.715801
vt 0.116796 0.724510
vt 0.047375 0.724511
vt 0.026029 0.776764
vt 0.006267 0.776765
vt 0.021236 0.768055
vt 0.026029 0.768055
vt 0.006264 0.715802
vt 0.021234 0.724511
vt 0.026026 0.715802
vt 0.026026 0.724510
vt 0.772940 0.691136
vt 0.771480 0.695673
vt 0.686473 0.691136
vt 0.686432 0.685863
vt 0.686432 0.642136
vt 0.773113 0.642136
vt 0.773113 0.685863
vt 0.605256 0.954073
vt 0.605256 0.893093
vt 0.696725 0.893093
vt 0.696724 0.954073
vt 0.047373 0.776767
vt 0.040009 0.776767
vt 0.040009 0.768058
vt 0.047373 0.768058
vt 0.040012 0.724511
vt 0.040012 0.715803
vt 0.033389 0.776765
vt 0.033389 0.768056
vt 0.033389 0.724511
vt 0.033389 0.715802
vt 0.768042 0.702137
vt 0.762719 0.706016
vt 0.755512 0.707309
vt 0.762719 0.622723
vt 0.768042 0.626602
vt 0.771480 0.633067
vt 0.755512 0.621430
vt 0.620415 0.857784
vt 0.615094 0.861661
vt 0.627620 0.856491
vt 0.614737 0.986636
vt 0.620059 0.990513
vt 0.627263 0.991806
vt 0.116793 0.768056
vt 0.116793 0.776765
vt 0.686478 0.621430
vt 0.686473 0.637603
vt 0.154755 0.715773
vt 0.140505 0.724492
vt 0.124240 0.724492
vt 0.124240 0.715773
vt 0.154755 0.776806
vt 0.124240 0.776806
vt 0.124240 0.768087
vt 0.140505 0.768087
vt 0.686477 0.707309
vt 0.772940 0.637603
vt 0.151522 0.561235
vt 0.151522 0.517464
vt 0.154708 0.517464
vt 0.154708 0.561235
vt 0.157894 0.561235
vt 0.157894 0.517464
vt 0.161080 0.561235
vt 0.161080 0.517464
vt 0.164266 0.561235
vt 0.164266 0.517464
vt 0.167452 0.561235
vt 0.167452 0.517464
vt 0.170638 0.561235
vt 0.170638 0.517464
vt 0.177010 0.561235
vt 0.173824 0.561235
vt 0.173824 0.517464
vt 0.177010 0.517464
vt 0.180196 0.561235
vt 0.180196 0.517464
vt 0.183382 0.517464
vt 0.183382 0.561235
vt 0.039542 0.555503
vt 0.039541 0.523136
vt 0.141159 0.517463
vt 0.141159 0.561221
vt 0.148336 0.561235
vt 0.148336 0.517464
vt 0.186568 0.561242
vt 0.186568 0.517467
vt 0.325717 0.545013
vt 0.320092 0.543506
vt 0.320640 0.539346
vt 0.326463 0.539346
vt 0.323530 0.550293
vt 0.318487 0.547381
vt 0.320051 0.554828
vt 0.315933 0.550710
vt 0.315516 0.558307
vt 0.312605 0.553263
vt 0.310236 0.560494
vt 0.308729 0.554869
vt 0.304570 0.561250
vt 0.304570 0.555416
vt 0.300410 0.554869
vt 0.296534 0.553263
vt 0.293206 0.550710
vt 0.290652 0.547381
vt 0.289047 0.543506
vt 0.288500 0.539346
vt 0.290652 0.531311
vt 0.289047 0.535187
vt 0.293206 0.527983
vt 0.296534 0.525429
vt 0.304570 0.517470
vt 0.300410 0.523824
vt 0.304570 0.523276
vt 0.310236 0.518198
vt 0.308729 0.523824
vt 0.315516 0.520386
vt 0.312605 0.525429
vt 0.320051 0.523865
vt 0.315933 0.527983
vt 0.323530 0.528399
vt 0.318487 0.531311
vt 0.325717 0.533680
vt 0.320092 0.535187
vt 0.317900 0.537648
vt 0.317021 0.544325
vt 0.305002 0.539346
vt 0.312921 0.549667
vt 0.306700 0.552244
vt 0.300023 0.551365
vt 0.294681 0.547266
vt 0.292104 0.541044
vt 0.292983 0.534368
vt 0.297082 0.529025
vt 0.303303 0.526448
vt 0.309980 0.527327
vt 0.315323 0.531427
vt 0.942835 0.758814
vt 0.939332 0.759634
vt 0.940211 0.752957
vt 0.943383 0.754655
vt 0.941230 0.762690
vt 0.938676 0.766018
vt 0.935233 0.764976
vt 0.935348 0.768572
vt 0.931472 0.770178
vt 0.929011 0.767553
vt 0.927313 0.770725
vt 0.923153 0.770178
vt 0.922335 0.766674
vt 0.919277 0.768572
vt 0.915949 0.766018
vt 0.916992 0.762575
vt 0.913395 0.762690
vt 0.911790 0.758814
vt 0.914415 0.756353
vt 0.911243 0.754655
vt 0.911790 0.750496
vt 0.915294 0.749677
vt 0.913395 0.746620
vt 0.915949 0.743292
vt 0.919394 0.744334
vt 0.919277 0.740738
vt 0.923153 0.739132
vt 0.925615 0.741757
vt 0.927313 0.738585
vt 0.931472 0.739132
vt 0.932292 0.742636
vt 0.935348 0.740738
vt 0.938676 0.743292
vt 0.937634 0.746736
vt 0.941230 0.746620
vt 0.942835 0.750496
vt 0.024047 0.486202
vt 0.023426 0.489321
vt 0.015897 0.486202
vt 0.021660 0.491965
vt 0.019016 0.493731
vt 0.015897 0.494352
vt 0.012778 0.493731
vt 0.010134 0.491965
vt 0.008368 0.489321
vt 0.007747 0.486202
vt 0.008368 0.483083
vt 0.010134 0.480439
vt 0.012778 0.478673
vt 0.015897 0.478052
vt 0.133634 0.478055
vt 0.133634 0.486196
vt 0.311768 0.486205
vt 0.319917 0.486205
vt 0.312388 0.489324
vt 0.314154 0.491968
vt 0.316798 0.493735
vt 0.319917 0.494355
vt 0.323036 0.493735
vt 0.325680 0.491968
vt 0.327447 0.489324
vt 0.328067 0.486205
vt 0.327447 0.483087
vt 0.325680 0.480443
vt 0.323036 0.478676
vt 0.319917 0.478056
vt 0.202164 0.486197
vt 0.202164 0.478057
vt 0.162182 0.478057
vt 0.167893 0.478057
vt 0.167893 0.486195
vt 0.162182 0.486195
vt 0.156472 0.478056
vt 0.156472 0.486195
vt 0.150762 0.478056
vt 0.150762 0.486195
vt 0.145052 0.478056
vt 0.145052 0.486195
vt 0.139342 0.478056
vt 0.139342 0.486194
vt 0.196444 0.478056
vt 0.196444 0.486194
vt 0.190734 0.478056
vt 0.190734 0.486195
vt 0.185023 0.478056
vt 0.185023 0.486195
vt 0.179313 0.478056
vt 0.179313 0.486195
vt 0.173603 0.478057
vt 0.173603 0.486195
vt 0.956994 0.770941
vt 0.949288 0.770934
vt 0.949288 0.738397
vt 0.956994 0.738390
vt 0.966154 0.735987
vt 0.959903 0.735987
vt 0.957477 0.728281
vt 0.968581 0.728280
vt 0.977046 0.770934
vt 0.969340 0.770941
vt 0.969340 0.738390
vt 0.977046 0.738397
vt 0.959781 0.770941
vt 0.959780 0.738390
vt 0.966032 0.738390
vt 0.966032 0.770941
vt 0.957302 0.781110
vt 0.959728 0.773404
vt 0.965979 0.773404
vt 0.968406 0.781110
vt 0.031383 0.561221
vt 0.028496 0.555503
vt 0.025719 0.560465
vt 0.031383 0.517463
vt 0.028496 0.523136
vt 0.025719 0.518191
vt 0.020441 0.520377
vt 0.020441 0.558279
vt 0.015909 0.554801
vt 0.012432 0.550269
vt 0.015909 0.523855
vt 0.012432 0.528387
vt 0.010246 0.533664
vt 0.010246 0.544992
vt 0.009500 0.539328
vt 0.600251 0.716072
vt 0.620016 0.716073
vt 0.605046 0.724781
vt 0.600251 0.724781
vt 0.578895 0.777036
vt 0.509475 0.777038
vt 0.509475 0.768329
vt 0.578895 0.768327
vt 0.620012 0.777036
vt 0.605042 0.768326
vt 0.600246 0.777034
vt 0.600246 0.768325
vt 0.992301 0.893000
vt 0.992299 0.953980
vt 0.900831 0.953980
vt 0.900832 0.893000
vt 0.592887 0.724781
vt 0.592887 0.716072
vt 0.592882 0.777035
vt 0.592882 0.768326
vt 0.586263 0.724780
vt 0.586263 0.716072
vt 0.578899 0.724781
vt 0.578899 0.716072
vt 0.586258 0.777035
vt 0.586258 0.768326
vt 0.796526 0.706029
vt 0.791202 0.702151
vt 0.787760 0.695687
vt 0.803734 0.707322
vt 0.791203 0.626614
vt 0.796528 0.622736
vt 0.803735 0.621443
vt 0.787760 0.633077
vt 0.982273 0.861568
vt 0.976951 0.857691
vt 0.969746 0.856398
vt 0.985713 0.868029
vt 0.976594 0.990420
vt 0.981916 0.986543
vt 0.985355 0.980082
vt 0.969389 0.991712
vt 0.991381 0.961381
vt 0.900384 0.961381
vt 0.900379 0.991712
vt 0.900741 0.886730
vt 0.991738 0.886730
vt 0.900736 0.856398
vt 0.509478 0.724782
vt 0.509479 0.716073
vt 0.845306 0.685875
vt 0.845306 0.642147
vt 0.872723 0.642148
vt 0.872723 0.685876
vt 0.472980 0.777108
vt 0.487230 0.768389
vt 0.503495 0.768389
vt 0.503495 0.777108
vt 0.503495 0.716075
vt 0.503495 0.724794
vt 0.487230 0.724794
vt 0.472980 0.716074
vt 0.786042 0.685876
vt 0.786042 0.642148
vt 0.833203 0.642147
vt 0.833203 0.685875
vt 0.872769 0.707322
vt 0.833343 0.699234
vt 0.845414 0.699234
vt 0.833343 0.629530
vt 0.872770 0.621443
vt 0.845414 0.629530
vt 0.872764 0.691149
vt 0.845415 0.691149
vt 0.872764 0.637616
vt 0.845415 0.637616
vt 0.786297 0.691149
vt 0.833342 0.691149
vt 0.833342 0.637616
vt 0.786297 0.637616
vt 0.890965 0.776511
vt 0.886892 0.761955
vt 0.886892 0.747399
vt 0.890965 0.732844
vt 0.877875 0.747399
vt 0.877875 0.761955
vt 0.865713 0.776511
vt 0.865713 0.732844
vt 0.853319 0.776511
vt 0.853318 0.732844
vt 0.861464 0.732844
vt 0.861464 0.776511
vt 0.882819 0.732844
vt 0.882819 0.747399
vt 0.896375 0.761894
vt 0.896375 0.747338
vt 0.900448 0.747338
vt 0.900448 0.761894
vt 0.879421 0.747399
vt 0.879421 0.761955
vt 0.896380 0.744363
vt 0.900452 0.744363
vt 0.900453 0.745909
vt 0.896380 0.745909
vt 0.903678 0.747338
vt 0.903678 0.761894
vt 0.902132 0.761894
vt 0.902132 0.747338
vt 0.900452 0.764855
vt 0.896380 0.764855
vt 0.896380 0.763309
vt 0.900453 0.763309
vt 0.877875 0.732844
vt 0.877875 0.776511
vt 0.882819 0.776511
vt 0.882819 0.761955
vt 0.808870 0.980081
vt 0.893843 0.991712
vt 0.893848 0.961381
vt 0.802850 0.961381
vt 0.894204 0.886730
vt 0.894200 0.856398
vt 0.809227 0.868030
vt 0.803207 0.886730
vt 0.357998 0.716075
vt 0.427419 0.716073
vt 0.427418 0.724782
vt 0.357998 0.724784
vt 0.336652 0.777036
vt 0.316890 0.777037
vt 0.331859 0.768328
vt 0.336651 0.768327
vt 0.316886 0.716075
vt 0.331856 0.724783
vt 0.336648 0.716074
vt 0.336649 0.724783
vt 0.970118 0.691149
vt 0.968658 0.695686
vt 0.883651 0.691149
vt 0.883610 0.685876
vt 0.883609 0.642148
vt 0.970290 0.642148
vt 0.970291 0.685876
vt 0.802827 0.953980
vt 0.802827 0.893000
vt 0.894296 0.893000
vt 0.894295 0.953980
vt 0.357995 0.777039
vt 0.350632 0.777039
vt 0.350632 0.768331
vt 0.357995 0.768331
vt 0.350635 0.724784
vt 0.350635 0.716075
vt 0.344012 0.777038
vt 0.344012 0.768329
vt 0.344012 0.724784
vt 0.344012 0.716075
vt 0.965219 0.702150
vt 0.959897 0.706029
vt 0.952689 0.707322
vt 0.959897 0.622736
vt 0.965219 0.626615
vt 0.968658 0.633079
vt 0.952690 0.621443
vt 0.817986 0.857691
vt 0.812665 0.861568
vt 0.825191 0.856398
vt 0.812308 0.986543
vt 0.817629 0.990420
vt 0.824834 0.991713
vt 0.427415 0.768329
vt 0.427415 0.777038
vt 0.883656 0.621443
vt 0.883651 0.637616
vt 0.465378 0.716045
vt 0.451128 0.724764
vt 0.434862 0.724765
vt 0.434862 0.716046
vt 0.465378 0.777078
vt 0.434862 0.777079
vt 0.434862 0.768360
vt 0.451127 0.768360
vt 0.883655 0.707322
vt 0.970118 0.637616
vt 0.599726 0.784120
vt 0.619490 0.784121
vt 0.604520 0.792829
vt 0.599725 0.792829
vt 0.578369 0.845084
vt 0.512533 0.845085
vt 0.512533 0.836377
vt 0.578369 0.836375
vt 0.619486 0.845083
vt 0.604517 0.836373
vt 0.599720 0.845082
vt 0.599721 0.836373
vt 0.396272 0.892804
vt 0.396270 0.953784
vt 0.304801 0.953784
vt 0.304802 0.892804
vt 0.592362 0.792828
vt 0.592362 0.784119
vt 0.592357 0.845083
vt 0.592357 0.836374
vt 0.585737 0.792828
vt 0.585738 0.784119
vt 0.578374 0.792828
vt 0.578374 0.784119
vt 0.585733 0.845083
vt 0.585733 0.836374
vt 0.211601 0.705727
vt 0.206277 0.701848
vt 0.202835 0.695385
vt 0.218809 0.707019
vt 0.206278 0.626311
vt 0.211603 0.622433
vt 0.218810 0.621140
vt 0.202835 0.632775
vt 0.386244 0.861371
vt 0.380921 0.857494
vt 0.373717 0.856202
vt 0.389683 0.867832
vt 0.380564 0.990224
vt 0.385886 0.986347
vt 0.389326 0.979886
vt 0.373359 0.991516
vt 0.512536 0.792830
vt 0.512536 0.784121
vt 0.260380 0.685573
vt 0.260380 0.641845
vt 0.287798 0.641846
vt 0.287798 0.685574
vt 0.472454 0.845156
vt 0.486704 0.836437
vt 0.499386 0.836437
vt 0.499386 0.845156
vt 0.499386 0.784123
vt 0.499386 0.792842
vt 0.486704 0.792841
vt 0.472454 0.784122
vt 0.307912 0.991516
vt 0.304350 0.987954
vt 0.308269 0.856202
vt 0.304707 0.859764
vt 0.287843 0.624704
vt 0.260488 0.629227
vt 0.248418 0.629227
vt 0.284281 0.621141
vt 0.509765 0.845057
vt 0.503464 0.845057
vt 0.503464 0.836404
vt 0.509765 0.836404
vt 0.509765 0.792796
vt 0.503464 0.792796
vt 0.503464 0.784163
vt 0.509765 0.784163
vt 0.304711 0.886533
vt 0.395709 0.886533
vt 0.201117 0.685574
vt 0.201117 0.641846
vt 0.248277 0.641845
vt 0.248278 0.685573
vt 0.248418 0.698932
vt 0.260489 0.698931
vt 0.287843 0.703456
vt 0.284280 0.707019
vt 0.287839 0.690846
vt 0.260489 0.690846
vt 0.287839 0.637313
vt 0.260489 0.637314
vt 0.248416 0.637314
vt 0.201372 0.637313
vt 0.201372 0.690846
vt 0.248417 0.690846
vt 0.395351 0.961185
vt 0.304354 0.961185
vt 0.723768 0.776239
vt 0.719695 0.761683
vt 0.719695 0.747127
vt 0.723768 0.732571
vt 0.710678 0.747127
vt 0.710678 0.761683
vt 0.698516 0.776239
vt 0.698516 0.732571
vt 0.686122 0.776239
vt 0.686121 0.732571
vt 0.694267 0.732571
vt 0.694267 0.776239
vt 0.715622 0.732572
vt 0.715622 0.747127
vt 0.729178 0.761622
vt 0.729178 0.747066
vt 0.733251 0.747066
vt 0.733251 0.761622
vt 0.712224 0.747127
vt 0.712224 0.761683
vt 0.729183 0.744090
vt 0.733255 0.744090
vt 0.733256 0.745636
vt 0.729183 0.745636
vt 0.736481 0.747066
vt 0.736481 0.761622
vt 0.734935 0.761622
vt 0.734935 0.747066
vt 0.733255 0.764583
vt 0.729183 0.764583
vt 0.729183 0.763037
vt 0.733256 0.763037
vt 0.710678 0.732571
vt 0.710678 0.776239
vt 0.715622 0.776239
vt 0.715622 0.761683
vt 0.357472 0.784123
vt 0.423310 0.784121
vt 0.423310 0.792830
vt 0.357472 0.792832
vt 0.336126 0.845084
vt 0.316364 0.845085
vt 0.331333 0.836375
vt 0.336126 0.836375
vt 0.316361 0.784123
vt 0.331331 0.792831
vt 0.336123 0.784122
vt 0.336123 0.792831
vt 0.385193 0.690846
vt 0.383733 0.695383
vt 0.298726 0.690846
vt 0.298684 0.685574
vt 0.298684 0.641846
vt 0.385365 0.641846
vt 0.385366 0.685574
vt 0.205792 0.953784
vt 0.205792 0.892804
vt 0.297261 0.892804
vt 0.297260 0.953784
vt 0.357470 0.845087
vt 0.350107 0.845087
vt 0.350106 0.836378
vt 0.357470 0.836378
vt 0.350109 0.792832
vt 0.350109 0.784123
vt 0.343486 0.845086
vt 0.343486 0.836377
vt 0.343486 0.792831
vt 0.343486 0.784123
vt 0.380294 0.701848
vt 0.374971 0.705726
vt 0.367764 0.707019
vt 0.374972 0.622434
vt 0.380294 0.626312
vt 0.383733 0.632777
vt 0.367765 0.621141
vt 0.220951 0.857494
vt 0.215630 0.861371
vt 0.212192 0.867833
vt 0.228156 0.856202
vt 0.215273 0.986346
vt 0.220594 0.990224
vt 0.227799 0.991516
vt 0.211835 0.979884
vt 0.423306 0.836377
vt 0.423306 0.845086
vt 0.385193 0.637314
vt 0.298726 0.637313
vt 0.298729 0.624704
vt 0.464852 0.784093
vt 0.450602 0.792812
vt 0.437921 0.792812
vt 0.437921 0.784093
vt 0.464852 0.845126
vt 0.437921 0.845127
vt 0.437921 0.836407
vt 0.450602 0.836407
vt 0.298729 0.703456
vt 0.302293 0.707019
vt 0.293246 0.991516
vt 0.296809 0.987954
vt 0.293604 0.856202
vt 0.297166 0.859764
vt 0.427813 0.836404
vt 0.434114 0.836404
vt 0.434114 0.845057
vt 0.427813 0.845057
vt 0.427813 0.784163
vt 0.434114 0.784163
vt 0.434114 0.792796
vt 0.427813 0.792796
vt 0.302294 0.621141
vt 0.206172 0.886533
vt 0.297170 0.886533
vt 0.296813 0.961185
vt 0.205815 0.961185
vt 0.867270 0.517400
vt 0.874910 0.517400
vt 0.874910 0.561144
vt 0.867270 0.561144
vt 0.714480 0.569684
vt 0.722609 0.569685
vt 0.722609 0.613428
vt 0.714480 0.613428
vt 0.748147 0.569675
vt 0.756184 0.569685
vt 0.756184 0.613428
vt 0.748147 0.613438
vt 0.985978 0.127563
vt 0.978443 0.127563
vt 0.979513 0.124637
vt 0.984909 0.124637
vt 0.977865 0.135189
vt 0.966838 0.135708
vt 0.985978 0.135189
vt 0.975455 0.143360
vt 0.969247 0.143360
vt 0.865391 0.135710
vt 0.864771 0.138829
vt 0.857242 0.135710
vt 0.863004 0.141473
vt 0.860360 0.143239
vt 0.857242 0.143860
vt 0.854123 0.143239
vt 0.851479 0.141473
vt 0.849712 0.138829
vt 0.849092 0.135710
vt 0.849712 0.132591
vt 0.851479 0.129947
vt 0.854123 0.128180
vt 0.857242 0.127560
vt 0.686226 0.561157
vt 0.686226 0.517386
vt 0.689412 0.517386
vt 0.689412 0.561157
vt 0.692598 0.561157
vt 0.692598 0.517386
vt 0.695784 0.561157
vt 0.695784 0.517386
vt 0.698970 0.561157
vt 0.698970 0.517386
vt 0.702156 0.561157
vt 0.702156 0.517386
vt 0.705342 0.561157
vt 0.705342 0.517386
vt 0.711714 0.561157
vt 0.708528 0.561157
vt 0.708528 0.517386
vt 0.711714 0.517386
vt 0.714900 0.561157
vt 0.714900 0.517386
vt 0.718086 0.517386
vt 0.718086 0.561157
vt 0.860958 0.561144
vt 0.860958 0.517400
vt 0.864079 0.517400
vt 0.864079 0.561144
vt 0.726327 0.569685
vt 0.734863 0.569675
vt 0.734863 0.613438
vt 0.726327 0.613428
vt 0.744729 0.569675
vt 0.744729 0.613438
vt 0.738509 0.613438
vt 0.738509 0.569675
vt 0.861852 0.569671
vt 0.861852 0.613442
vt 0.760211 0.613428
vt 0.760211 0.569685
vt 0.985643 0.166550
vt 0.984574 0.169477
vt 0.979177 0.169477
vt 0.978108 0.166550
vt 0.849626 0.517399
vt 0.849626 0.561144
vt 0.846504 0.561144
vt 0.846504 0.517399
vt 0.966503 0.158406
vt 0.977530 0.158925
vt 0.985643 0.158925
vt 0.968912 0.150754
vt 0.975120 0.150754
vt 0.865056 0.158404
vt 0.856907 0.158404
vt 0.864436 0.155285
vt 0.862669 0.152641
vt 0.860025 0.150874
vt 0.856906 0.150254
vt 0.853788 0.150874
vt 0.851144 0.152641
vt 0.849377 0.155285
vt 0.848757 0.158404
vt 0.849377 0.161522
vt 0.851144 0.164167
vt 0.853788 0.165933
vt 0.856907 0.166554
vt 0.683040 0.561157
vt 0.683040 0.517386
vt 0.721272 0.561157
vt 0.721272 0.517386
vt 0.842706 0.517399
vt 0.842706 0.561144
vt 0.852665 0.561144
vt 0.852665 0.517399
vt 0.858072 0.517400
vt 0.858072 0.561144
vt 0.911413 0.784120
vt 0.931177 0.784121
vt 0.916207 0.792829
vt 0.911412 0.792829
vt 0.890057 0.845084
vt 0.824220 0.845085
vt 0.824220 0.836377
vt 0.890056 0.836375
vt 0.931173 0.845083
vt 0.916204 0.836373
vt 0.911408 0.845082
vt 0.911408 0.836373
vt 0.598042 0.892804
vt 0.598040 0.953784
vt 0.506571 0.953784
vt 0.506572 0.892804
vt 0.904049 0.792828
vt 0.904049 0.784119
vt 0.904044 0.845083
vt 0.904044 0.836374
vt 0.897425 0.792828
vt 0.897425 0.784119
vt 0.890061 0.792828
vt 0.890061 0.784119
vt 0.897420 0.845083
vt 0.897420 0.836374
vt 0.405881 0.705727
vt 0.400556 0.701848
vt 0.397114 0.695385
vt 0.413089 0.707019
vt 0.400557 0.626311
vt 0.405882 0.622433
vt 0.413090 0.621140
vt 0.397115 0.632775
vt 0.588014 0.861371
vt 0.582692 0.857494
vt 0.575487 0.856202
vt 0.591453 0.867832
vt 0.582334 0.990224
vt 0.587656 0.986347
vt 0.591096 0.979886
vt 0.575129 0.991516
vt 0.824224 0.792830
vt 0.824224 0.784121
vt 0.454659 0.685573
vt 0.454659 0.641845
vt 0.482077 0.641846
vt 0.482078 0.685574
vt 0.784141 0.845156
vt 0.798392 0.836437
vt 0.811073 0.836437
vt 0.811073 0.845156
vt 0.811073 0.784123
vt 0.811073 0.792842
vt 0.798392 0.792841
vt 0.784141 0.784122
vt 0.509682 0.991516
vt 0.506120 0.987954
vt 0.510039 0.856202
vt 0.506477 0.859764
vt 0.482123 0.624704
vt 0.454768 0.629227
vt 0.442697 0.629227
vt 0.478560 0.621141
vt 0.821452 0.845057
vt 0.815151 0.845057
vt 0.815151 0.836404
vt 0.821452 0.836404
vt 0.821452 0.792796
vt 0.815151 0.792796
vt 0.815151 0.784163
vt 0.821452 0.784163
vt 0.506481 0.886533
vt 0.597479 0.886533
vt 0.395396 0.685574
vt 0.395396 0.641846
vt 0.442557 0.641845
vt 0.442558 0.685573
vt 0.442697 0.698932
vt 0.454769 0.698931
vt 0.482122 0.703456
vt 0.478560 0.707019
vt 0.482119 0.690846
vt 0.454768 0.690846
vt 0.482119 0.637313
vt 0.454768 0.637314
vt 0.442696 0.637314
vt 0.395652 0.637313
vt 0.395652 0.690846
vt 0.442696 0.690846
vt 0.597121 0.961185
vt 0.506124 0.961185
vt 0.778178 0.776239
vt 0.774105 0.761683
vt 0.774105 0.747127
vt 0.778178 0.732571
vt 0.765088 0.747127
vt 0.765088 0.761683
vt 0.752926 0.776239
vt 0.752926 0.732571
vt 0.740531 0.776239
vt 0.740531 0.732571
vt 0.748677 0.732571
vt 0.748677 0.776239
vt 0.770032 0.732572
vt 0.770032 0.747127
vt 0.783588 0.761622
vt 0.783588 0.747066
vt 0.787661 0.747066
vt 0.787661 0.761622
vt 0.766634 0.747127
vt 0.766634 0.761683
vt 0.783592 0.744090
vt 0.787665 0.744090
vt 0.787665 0.745636
vt 0.783592 0.745636
vt 0.790890 0.747066
vt 0.790890 0.761622
vt 0.789344 0.761622
vt 0.789344 0.747066
vt 0.787665 0.764583
vt 0.783592 0.764583
vt 0.783592 0.763037
vt 0.787665 0.763037
vt 0.765088 0.732571
vt 0.765088 0.776239
vt 0.770032 0.776239
vt 0.770032 0.761683
vt 0.669159 0.784123
vt 0.734997 0.784121
vt 0.734997 0.792830
vt 0.669159 0.792832
vt 0.647813 0.845084
vt 0.628051 0.845085
vt 0.643020 0.836375
vt 0.647813 0.836375
vt 0.628048 0.784123
vt 0.643018 0.792831
vt 0.647810 0.784122
vt 0.647810 0.792831
vt 0.579472 0.690846
vt 0.578012 0.695383
vt 0.493005 0.690846
vt 0.492964 0.685574
vt 0.492964 0.641846
vt 0.579645 0.641846
vt 0.579645 0.685574
vt 0.404217 0.953784
vt 0.404217 0.892804
vt 0.495686 0.892804
vt 0.495685 0.953784
vt 0.669157 0.845087
vt 0.661794 0.845087
vt 0.661794 0.836378
vt 0.669157 0.836378
vt 0.661796 0.792832
vt 0.661797 0.784123
vt 0.655173 0.845086
vt 0.655173 0.836377
vt 0.655173 0.792831
vt 0.655174 0.784123
vt 0.574574 0.701848
vt 0.569251 0.705726
vt 0.562044 0.707019
vt 0.569251 0.622434
vt 0.574574 0.626312
vt 0.578012 0.632777
vt 0.562044 0.621141
vt 0.419376 0.857494
vt 0.414055 0.861371
vt 0.410617 0.867833
vt 0.426581 0.856202
vt 0.413698 0.986346
vt 0.419020 0.990224
vt 0.426224 0.991516
vt 0.410260 0.979884
vt 0.734994 0.836377
vt 0.734994 0.845086
vt 0.579472 0.637314
vt 0.493005 0.637313
vt 0.493009 0.624704
vt 0.776539 0.784093
vt 0.762289 0.792812
vt 0.749608 0.792812
vt 0.749608 0.784093
vt 0.776539 0.845126
vt 0.749608 0.845127
vt 0.749608 0.836407
vt 0.762289 0.836407
vt 0.493008 0.703456
vt 0.496573 0.707019
vt 0.491671 0.991516
vt 0.495234 0.987954
vt 0.492028 0.856202
vt 0.495591 0.859764
vt 0.739500 0.836404
vt 0.745802 0.836404
vt 0.745802 0.845057
vt 0.739500 0.845057
vt 0.739500 0.784163
vt 0.745802 0.784163
vt 0.745802 0.792796
vt 0.739500 0.792796
vt 0.496574 0.621141
vt 0.404597 0.886533
vt 0.495595 0.886533
vt 0.495238 0.961185
vt 0.404240 0.961185
vt 0.667980 0.517414
vt 0.675620 0.517414
vt 0.675620 0.561158
vt 0.667980 0.561158
vt 0.332124 0.517414
vt 0.340253 0.517414
vt 0.340253 0.561158
vt 0.332124 0.561158
vt 0.365791 0.517405
vt 0.373829 0.517414
vt 0.373829 0.561158
vt 0.365791 0.561167
vt 0.805137 0.481986
vt 0.797601 0.481986
vt 0.798671 0.479060
vt 0.804068 0.479060
vt 0.797024 0.489612
vt 0.785996 0.490131
vt 0.805137 0.489612
vt 0.794614 0.497783
vt 0.788406 0.497783
vt 0.684550 0.490133
vt 0.683930 0.493251
vt 0.676401 0.490133
vt 0.682163 0.495895
vt 0.679519 0.497662
vt 0.676400 0.498282
vt 0.673282 0.497662
vt 0.670638 0.495895
vt 0.668871 0.493251
vt 0.668251 0.490133
vt 0.668871 0.487014
vt 0.670638 0.484370
vt 0.673282 0.482603
vt 0.676400 0.481983
vt 0.486936 0.561172
vt 0.486936 0.517401
vt 0.490122 0.517401
vt 0.490122 0.561172
vt 0.493308 0.561172
vt 0.493308 0.517401
vt 0.496494 0.561172
vt 0.496494 0.517401
vt 0.499680 0.561172
vt 0.499680 0.517401
vt 0.502866 0.561172
vt 0.502866 0.517401
vt 0.506052 0.561172
vt 0.506052 0.517401
vt 0.512424 0.561172
vt 0.509238 0.561172
vt 0.509238 0.517401
vt 0.512424 0.517401
vt 0.515610 0.561172
vt 0.515610 0.517401
vt 0.518796 0.517401
vt 0.518796 0.561172
vt 0.661668 0.561158
vt 0.661668 0.517414
vt 0.664789 0.517414
vt 0.664789 0.561158
vt 0.343972 0.517414
vt 0.352507 0.517405
vt 0.352507 0.561167
vt 0.343972 0.561158
vt 0.362373 0.517405
vt 0.362373 0.561167
vt 0.356153 0.561167
vt 0.356153 0.517405
vt 0.479496 0.517401
vt 0.479496 0.561172
vt 0.377855 0.561158
vt 0.377855 0.517414
vt 0.498509 0.490340
vt 0.497440 0.493266
vt 0.492043 0.493266
vt 0.490974 0.490340
vt 0.650336 0.517414
vt 0.650336 0.561159
vt 0.647214 0.561159
vt 0.647214 0.517414
vt 0.479368 0.482195
vt 0.490396 0.482714
vt 0.498509 0.482714
vt 0.481778 0.474543
vt 0.487986 0.474543
vt 0.377922 0.482193
vt 0.369773 0.482193
vt 0.377302 0.479074
vt 0.375535 0.476430
vt 0.372891 0.474664
vt 0.369772 0.474043
vt 0.366654 0.474664
vt 0.364010 0.476430
vt 0.362243 0.479074
vt 0.361623 0.482193
vt 0.362243 0.485312
vt 0.364010 0.487956
vt 0.366654 0.489722
vt 0.369772 0.490343
vt 0.483750 0.561172
vt 0.483750 0.517401
vt 0.521982 0.561172
vt 0.521982 0.517401
vt 0.643416 0.517414
vt 0.643416 0.561159
vt 0.653374 0.561159
vt 0.653374 0.517414
vt 0.658782 0.517414
vt 0.658782 0.561158
vt 0.005938 0.429806
vt 0.005940 0.414635
vt 0.187986 0.414635
vt 0.187986 0.429806
vt 0.187951 0.436569
vt 0.187953 0.466909
vt 0.005905 0.466909
vt 0.005905 0.436569
vt 0.209210 0.378419
vt 0.209211 0.408759
vt 0.194040 0.408758
vt 0.194039 0.378418
vt 0.187974 0.356078
vt 0.169957 0.363663
vt 0.023941 0.363663
vt 0.005926 0.356077
vt 0.218627 0.379226
vt 0.233798 0.379226
vt 0.233797 0.409566
vt 0.218626 0.409566
vt 0.023961 0.398154
vt 0.169978 0.398154
vt 0.187994 0.408773
vt 0.005946 0.408773
vt 0.187992 0.378433
vt 0.169977 0.378433
vt 0.005945 0.378433
vt 0.023961 0.378433
vt 0.181636 0.329509
vt 0.181636 0.349230
vt 0.174050 0.349230
vt 0.174051 0.329509
vt 0.012283 0.349227
vt 0.012283 0.329506
vt 0.019868 0.329507
vt 0.019869 0.349228
vt 0.024082 0.329494
vt 0.170099 0.329494
vt 0.170100 0.349215
vt 0.024083 0.349216
vt 0.170023 0.325057
vt 0.024005 0.325057
vt 0.024006 0.317472
vt 0.170023 0.317472
vt 0.187972 0.371249
vt 0.169957 0.371249
vt 0.023941 0.371248
vt 0.005926 0.371248
s 1
usemtl 22_-_Default
f 2/1/1 3/2/1 4/3/1 1/4/1
f 3/5/2 5/6/2 6/7/2 4/8/2
f 5/9/3 7/10/3 8/11/3 6/12/3
f 5/13/4 3/14/4 2/15/5 7/16/5
f 10/17/6 11/18/6 12/19/7 9/20/7
f 8/21/8 1/22/8 4/23/9 6/24/9
f 14/25/1 15/26/1 16/27/1 13/28/1
f 18/29/3 19/30/3 20/31/3 17/32/3
f 19/33/10 18/34/11 22/35/11 21/36/10
f 24/37/6 25/38/7 26/39/7 23/40/6
f 28/41/7 29/42/6 30/43/6 27/44/7
f 13/45/12 16/46/13 32/47/13 31/48/12
f 18/34/11 15/49/14 33/50/15 22/35/11
f 16/46/13 17/51/16 34/52/16 32/47/13
f 14/53/17 35/54/18 33/50/15 15/49/14
f 20/55/19 36/56/19 34/52/16 17/51/16
f 35/57/3 31/58/3 32/59/3 33/60/3
f 36/61/1 21/62/1 22/63/1 34/64/1
f 34/65/20 22/66/20 33/67/20 32/68/20
f 38/69/1 39/70/1 40/71/1 37/72/1
f 42/73/3 43/74/3 44/75/3 41/76/3
f 43/77/21 42/78/11 46/79/11 45/80/21
f 47/81/22 48/82/23 49/83/24
f 50/84/25 51/85/26 52/86/27
f 37/87/28 40/88/9 54/89/13 53/90/28
f 42/78/11 39/91/14 55/92/15 46/79/11
f 40/88/9 41/93/9 56/94/16 54/89/13
f 38/95/29 57/96/29 55/92/15 39/91/14
f 44/97/30 58/98/30 56/94/16 41/93/9
f 55/99/3 57/100/3 59/101/3
f 56/102/1 58/103/1 60/104/1
f 60/105/20 61/106/20 54/107/20 56/108/20
f 62/109/3 63/110/3 61/111/3
f 64/112/1 65/113/1 66/114/1
f 46/115/20 55/116/20 59/117/20 66/118/20
f 66/119/31 59/120/31 49/121/31 64/122/31
f 64/123/27 49/83/24 62/124/24 52/86/27
f 52/125/32 62/126/32 61/127/32 60/128/32
f 67/129/31 68/130/33 69/131/33 70/132/31
f 68/130/33 71/133/34 72/134/34 69/131/33
f 71/133/34 73/135/35 74/136/35 72/134/34
f 73/135/35 75/137/36 76/138/36 74/136/35
f 75/137/36 77/139/37 78/140/37 76/138/36
f 77/139/37 79/141/38 80/142/38 78/140/37
f 79/141/38 81/143/39 82/144/39 80/142/38
f 81/143/39 83/145/40 84/146/40 82/144/39
f 83/145/40 85/147/32 86/148/32 84/146/40
f 85/147/32 87/149/41 88/150/41 86/148/32
f 87/149/41 89/151/42 90/152/42 88/150/41
f 89/151/42 91/153/43 92/154/43 90/152/42
f 91/153/43 93/155/44 94/156/44 92/154/43
f 93/155/44 95/157/45 96/158/45 94/156/44
f 95/157/45 97/159/46 98/160/46 96/158/45
f 97/159/46 99/161/47 100/162/47 98/160/46
f 99/161/47 101/163/48 102/164/48 100/162/47
f 101/165/48 67/129/31 70/132/31 102/166/48
f 67/167/2 39/168/2 42/169/2
f 68/170/2 67/167/2 42/169/2
f 40/171/2 85/172/2 41/173/2
f 95/174/2 93/175/2 40/171/2 39/168/2
f 41/173/2 77/176/2 75/177/2 42/169/2
f 39/168/2 101/178/2 99/179/2
f 39/168/2 99/179/2 97/180/2
f 39/168/2 97/180/2 95/174/2
f 71/181/2 68/170/2 42/169/2
f 73/182/2 71/181/2 42/169/2
f 75/177/2 73/182/2 42/169/2
f 41/173/2 79/183/2 77/176/2
f 41/173/2 81/184/2 79/183/2
f 41/173/2 83/185/2 81/184/2
f 89/186/2 87/187/2 40/171/2
f 91/188/2 89/186/2 40/171/2
f 93/175/2 91/188/2 40/171/2
f 70/189/2 69/190/2 103/191/2
f 69/190/2 72/192/2 103/191/2
f 72/192/2 74/193/2 103/191/2
f 74/193/2 76/194/2 103/191/2
f 76/194/2 78/195/2 103/191/2
f 78/195/2 80/196/2 103/191/2
f 80/196/2 82/197/2 103/191/2
f 82/197/2 84/198/2 103/191/2
f 84/198/2 86/199/2 103/191/2
f 86/199/2 88/200/2 103/191/2
f 88/200/2 90/201/2 103/191/2
f 90/201/2 92/202/2 103/191/2
f 92/202/2 94/203/2 103/191/2
f 94/203/2 96/204/2 103/191/2
f 96/204/2 98/205/2 103/191/2
f 98/205/2 100/206/2 103/191/2
f 100/206/2 102/207/2 103/191/2
f 102/207/2 70/189/2 103/191/2
f 67/167/2 101/178/2 39/168/2
f 40/171/2 87/187/2 85/172/2
f 85/172/2 83/185/2 41/173/2
f 105/208/2 106/209/2 107/210/2 104/211/2
f 109/212/2 110/213/2 111/214/2 108/215/2
f 17/216/2 16/217/2 112/218/2 113/219/2
f 15/220/2 18/221/2 114/222/2 115/223/2
f 117/224/2 118/225/2 119/226/2 116/227/2
f 113/228/31 112/229/31 106/230/31 105/231/31
f 112/232/3 118/233/3 107/234/3 106/235/3
f 118/236/32 117/237/32 104/238/32 107/239/32
f 117/240/1 113/241/1 105/242/1 104/243/1
f 115/244/32 114/245/32 110/246/32 109/247/32
f 114/248/1 116/249/1 111/250/1 110/251/1
f 116/252/31 119/253/31 108/254/31 111/255/31
f 119/256/3 115/257/3 109/258/3 108/259/3
f 16/217/2 15/220/2 119/226/2 118/225/2
f 18/221/2 17/216/2 117/224/2 116/227/2
f 116/227/2 114/222/2 18/221/2
f 15/220/2 115/223/2 119/226/2
f 118/225/2 112/218/2 16/217/2
f 17/216/2 113/219/2 117/224/2
f 2/15/5 120/260/49 121/261/49 7/16/5
f 12/19/7 122/262/50 123/263/50 9/20/7
f 21/36/10 124/264/51 125/265/51 19/33/10
f 14/53/17 126/266/52 127/267/52 35/54/18
f 25/38/7 128/268/50 129/269/50 26/39/7
f 27/44/7 130/270/53 131/271/53 28/41/7
f 45/80/21 132/272/54 133/273/54 43/77/21
f 38/95/29 134/274/55 135/275/55 57/96/29
f 136/276/56 137/277/57 138/278/58 63/279/59
f 50/84/25 139/280/60 140/281/60 51/85/26
f 120/260/49 141/282/61 142/283/62 121/261/49
f 141/282/61 11/18/6 10/17/6 142/283/62
f 122/262/50 143/284/63 144/285/63 123/263/50
f 143/284/63 1/22/8 8/21/8 144/285/63
f 124/264/51 145/286/61 146/287/61 125/265/51
f 145/286/61 30/43/6 29/42/6 146/287/61
f 126/266/52 147/288/61 148/289/61 127/267/52
f 147/288/61 24/37/6 23/40/6 148/289/61
f 128/268/50 149/290/64 150/291/64 129/269/50
f 149/290/64 13/45/12 31/48/12 150/291/64
f 130/270/53 151/292/65 152/293/65 131/271/53
f 151/292/65 36/56/19 20/55/19 152/293/65
f 132/272/54 153/294/66 154/295/66 133/273/54
f 153/294/66 65/296/67 155/297/68 154/295/66
f 134/274/55 156/298/69 157/299/70 135/275/55
f 156/298/69 48/82/23 47/81/22 157/299/70
f 137/277/57 158/300/64 159/301/64 138/278/58
f 158/300/64 37/87/28 53/90/28 159/301/64
f 139/280/60 160/302/65 161/303/65 140/281/60
f 160/302/65 58/98/30 44/97/30 161/303/65
f 136/304/1 48/305/1 38/69/1 37/72/1
f 158/306/1 137/307/1 136/304/1 37/72/1
f 156/308/1 134/309/1 38/69/1 48/305/1
f 155/310/3 51/311/3 44/75/3 43/74/3
f 133/312/3 154/313/3 155/310/3 43/74/3
f 140/314/3 161/315/3 44/75/3 51/311/3
f 155/297/68 64/123/27 52/86/27 51/85/26
f 155/297/68 65/296/67 64/123/27
f 136/276/56 62/124/24 49/83/24 48/82/23
f 136/276/56 63/279/59 62/124/24
f 23/316/3 26/317/3 31/58/3 35/57/3
f 27/318/1 30/319/1 21/62/1 36/61/1
f 151/320/1 130/321/1 27/318/1 36/61/1
f 145/322/71 124/323/71 21/62/1 30/319/1
f 127/324/3 148/325/3 23/316/3 35/57/3
f 129/326/3 150/327/3 31/58/3 26/317/3
f 29/328/3 28/329/3 20/31/3 19/30/3
f 125/330/3 146/331/3 29/328/3 19/30/3
f 131/332/3 152/333/3 20/31/3 28/329/3
f 25/334/1 24/335/1 14/25/1 13/28/1
f 149/336/1 128/337/1 25/334/1 13/28/1
f 147/338/1 126/339/1 14/25/1 24/335/1
f 65/113/1 153/340/1 66/114/1
f 153/340/1 132/341/1 66/114/1
f 132/341/1 45/342/1 66/114/1
f 45/342/1 46/343/1 66/114/1
f 47/344/3 49/345/3 59/101/3
f 157/346/3 47/344/3 59/101/3
f 135/347/3 157/346/3 59/101/3
f 57/100/3 135/347/3 59/101/3
f 63/110/3 138/348/3 61/111/3
f 138/348/3 159/349/3 61/111/3
f 159/349/3 53/350/3 61/111/3
f 53/350/3 54/351/3 61/111/3
f 50/352/1 52/353/1 60/104/1
f 139/354/1 50/352/1 60/104/1
f 160/355/1 139/354/1 60/104/1
f 58/103/1 160/355/1 60/104/1
f 123/356/3 144/357/3 8/11/3 9/358/3
f 121/359/3 142/360/3 10/361/3 7/10/3
f 10/361/3 9/358/3 8/11/3 7/10/3
f 143/362/71 122/363/71 12/364/1 1/4/1
f 141/365/1 120/366/1 2/1/1 11/367/1
f 12/364/1 11/367/1 2/1/1 1/4/1
f 163/368/1 164/369/1 165/370/1 162/371/1
f 167/372/3 168/373/3 169/374/3 166/375/3
f 168/376/21 167/377/11 171/378/11 170/379/21
f 173/380/6 174/381/7 175/382/7 172/383/6
f 177/384/7 178/385/6 179/386/6 176/387/7
f 162/388/28 165/389/13 181/390/13 180/391/28
f 167/377/11 164/392/14 182/393/15 171/378/11
f 165/389/13 166/394/16 183/395/16 181/390/13
f 163/396/18 184/397/18 182/393/15 164/392/14
f 169/398/19 185/399/19 183/395/16 166/394/16
f 184/400/3 180/401/3 181/402/72 182/403/72
f 185/404/1 170/405/1 171/406/1 183/407/1
f 183/408/20 171/409/20 182/410/20 181/411/20
f 187/412/2 188/413/2 189/414/2 186/415/2
f 191/416/2 192/417/2 193/418/2 190/419/2
f 166/420/2 165/421/2 194/422/2 195/423/2
f 164/424/2 167/425/2 196/426/2 197/427/2
f 199/428/2 200/429/2 201/430/2 198/431/2
f 195/432/31 194/433/31 188/434/31 187/435/31
f 194/436/3 200/437/3 189/438/3 188/439/3
f 200/440/32 199/441/32 186/442/32 189/443/32
f 199/444/1 195/445/1 187/446/1 186/447/1
f 197/448/32 196/449/32 192/450/32 191/451/32
f 196/452/1 198/453/1 193/454/1 192/455/1
f 198/456/31 201/457/31 190/458/31 193/459/31
f 201/460/3 197/461/3 191/462/3 190/463/3
f 165/421/2 164/424/2 201/430/2 200/429/2
f 167/425/2 166/420/2 199/428/2 198/431/2
f 198/431/2 196/426/2 167/425/2
f 164/424/2 197/427/2 201/430/2
f 200/429/2 194/422/2 165/421/2
f 166/420/2 195/423/2 199/428/2
f 170/379/21 202/464/51 203/465/51 168/376/21
f 163/396/18 204/466/52 205/467/52 184/397/18
f 174/381/7 206/468/50 207/469/50 175/382/7
f 176/387/7 208/470/50 209/471/50 177/384/7
f 202/464/51 210/472/61 211/473/61 203/465/51
f 210/472/61 179/386/6 178/385/6 211/473/61
f 204/466/52 212/474/61 213/475/61 205/467/52
f 212/474/61 173/380/6 172/383/6 213/475/61
f 206/468/50 214/476/64 215/477/64 207/469/50
f 214/476/64 162/388/28 180/391/28 215/477/64
f 208/470/50 216/478/65 217/479/65 209/471/50
f 216/478/65 185/399/19 169/398/19 217/479/65
f 172/480/3 175/481/3 180/401/3 184/400/3
f 176/482/1 179/483/1 170/405/1 185/404/1
f 216/484/1 208/485/1 176/482/1 185/404/1
f 210/486/71 202/487/71 170/405/1 179/483/1
f 205/488/3 213/489/3 172/480/3 184/400/3
f 207/490/3 215/491/3 180/401/3 175/481/3
f 178/492/3 177/493/3 169/374/3 168/373/3
f 203/494/3 211/495/3 178/492/3 168/373/3
f 209/496/3 217/497/3 169/374/3 177/493/3
f 174/498/1 173/499/1 163/368/1 162/371/1
f 214/500/1 206/501/1 174/498/1 162/371/1
f 212/502/1 204/503/1 163/368/1 173/499/1
f 219/504/1 220/505/1 221/506/1 218/507/1
f 220/508/2 222/509/2 223/510/2 221/511/2
f 222/512/3 224/513/3 225/514/3 223/515/3
f 222/516/4 220/517/4 219/518/5 224/519/5
f 227/520/6 228/521/6 229/522/7 226/523/7
f 225/524/8 218/525/8 221/526/9 223/527/9
f 219/518/5 230/528/49 231/529/49 224/519/5
f 229/522/7 232/530/50 233/531/50 226/523/7
f 230/528/49 234/532/61 235/533/62 231/529/49
f 234/532/61 228/521/6 227/520/6 235/533/62
f 232/530/50 236/534/63 237/535/63 233/531/50
f 236/534/63 218/525/8 225/524/8 237/535/63
f 233/536/3 237/537/3 225/514/3 226/538/3
f 231/539/3 235/540/3 227/541/3 224/513/3
f 227/541/3 226/538/3 225/514/3 224/513/3
f 236/542/1 232/543/1 229/544/1 218/507/1
f 234/545/1 230/546/1 219/504/1 228/547/1
f 229/544/1 228/547/1 219/504/1 218/507/1
f 239/548/1 240/549/1 241/550/1 238/551/1
f 243/552/31 238/553/31 241/554/31 242/555/31
f 244/556/2 245/557/2 238/558/2 243/559/2
f 247/560/32 240/561/32 248/562/73 246/563/32
f 240/564/20 247/565/20 242/566/20 241/567/20
f 242/568/3 249/569/3 244/570/3 243/571/3
f 250/572/3 245/573/3 251/574/3 248/575/3
f 249/576/2 246/577/2 248/578/2 251/579/2
f 244/580/32 249/581/32 251/582/32 245/583/32
f 245/557/2 250/584/2 239/585/2 238/558/2
f 240/561/32 239/586/74 250/587/74 248/562/73
f 242/568/3 247/588/3 246/589/3 249/569/3
f 253/590/32 254/591/32 255/592/32 252/593/32
f 255/594/2 254/595/2 256/596/2
f 257/597/31 258/598/31 259/599/31 256/600/31
f 257/601/1 260/602/1 261/603/1 258/604/1
f 259/605/20 253/606/20 252/607/20
f 259/608/75 252/609/75 255/610/75 256/611/75
f 263/612/32 264/613/32 265/614/32 262/615/32
f 262/616/76 253/617/76 261/618/76 263/619/76
f 264/620/77 260/621/77 254/622/77 265/623/77
s 0
f 262/624/3 265/625/3 254/626/3 253/627/3
f 264/628/1 263/629/1 261/603/1 260/602/1
s 1
f 258/630/20 261/631/20 253/606/20
f 254/595/2 260/632/2 257/633/2
f 259/605/20 258/630/20 253/606/20
f 254/595/2 257/633/2 256/596/2
f 267/634/3 268/635/3 269/636/3 266/637/3
f 271/638/32 266/639/32 269/640/32 270/641/32
f 271/642/2 272/643/2 267/644/2 266/645/2
f 269/646/20 268/647/20 273/648/20 270/649/20
f 274/650/1 275/651/1 271/652/1 270/653/1
f 277/654/3 278/655/3 279/656/3 276/657/3
f 274/658/20 280/659/20 279/660/20 278/661/20
f 274/662/31 278/663/31 277/664/31 275/665/31
f 281/666/3 280/667/3 273/668/3 272/669/3
f 268/670/31 267/671/31 272/672/31 273/673/31
f 273/648/20 280/659/20 274/658/20 270/649/20
f 271/642/2 275/674/2 281/675/2 272/643/2
f 275/674/2 277/676/2 276/677/2 281/675/2
f 281/678/32 276/679/32 279/680/32 280/681/32
f 284/682/78 283/683/79 286/684/79 285/685/78
f 282/686/80 302/687/2 303/688/2 287/689/80
f 283/683/79 289/690/81 288/691/82 286/684/79
f 290/692/83 293/693/83 288/691/82 289/690/81
f 289/694/20 283/695/20 307/696/20 306/697/20
f 285/685/78 299/698/84 296/699/85 284/682/78
f 290/692/83 295/700/86 300/701/86 293/693/83
f 299/698/84 298/702/87 297/703/87 296/699/85
f 298/702/87 292/704/80 291/705/80 297/703/87
f 295/700/86 294/706/88 301/707/88 300/701/86
f 294/706/88 282/686/80 287/689/80 301/707/88
f 298/708/3 299/709/3 285/710/3 292/711/3
f 300/712/1 301/713/1 287/714/1 293/715/1
f 296/716/1 297/717/1 291/718/1 284/719/1
f 294/720/3 295/721/3 290/722/3 282/723/3
f 291/705/80 292/704/80 313/724/2 309/725/2
f 316/726/2 315/727/2 304/728/2 305/729/2
f 306/730/89 304/731/89 311/732/90 308/733/90
f 310/734/91 312/735/91 305/736/92 307/737/92
f 306/730/89 307/737/92 305/736/92 304/731/89
f 302/738/3 282/723/3 290/722/3 308/739/3
f 284/719/1 291/718/1 309/740/1 310/741/1
f 311/742/1 318/743/1 329/744/1 287/714/1 303/745/1
f 302/746/93 308/747/93 311/748/93 303/749/93
f 313/750/93 312/751/91 310/752/91 309/753/93
f 307/754/1 283/755/1 284/719/1 310/741/1
f 286/756/2 288/757/2 314/758/2 321/759/2
f 324/760/3 317/761/3 312/762/3 313/763/3 292/711/3
f 305/764/3 312/762/3 317/761/3 316/765/3
f 318/743/1 311/742/1 304/766/1
f 318/743/1 304/766/1 315/767/1
f 329/744/1 293/715/1 287/714/1
f 314/768/1 288/769/1 293/715/1 329/744/1
f 292/711/3 285/710/3 324/760/3
f 285/710/3 286/770/3 321/771/3 324/760/3
f 290/722/3 289/772/3 306/773/3 308/739/3
f 314/774/94 319/775/94 320/776/31 321/777/94
f 322/778/2 323/779/2 318/780/2 317/781/2
f 317/782/32 318/783/32 315/784/32 316/785/32
f 324/786/94 321/777/94 320/776/31 322/787/94
f 326/788/31 327/789/31 328/790/31 325/791/31
f 323/779/2 322/778/2 327/792/2 326/793/2
f 322/794/95 320/795/95 328/796/95 327/797/95
f 320/798/20 319/799/20 325/800/20 328/801/20
f 319/802/96 323/803/96 326/804/96 325/805/96
f 317/781/2 324/806/2 322/778/2
f 323/779/2 329/807/2 318/780/2
f 314/774/94 329/808/94 323/809/94 319/775/94
f 331/810/97 351/811/2 353/812/2 333/813/97
f 338/814/98 337/815/99 334/816/99 332/817/98
f 337/815/99 336/818/100 335/819/101 334/816/99
f 339/820/102 341/821/102 335/819/101 336/818/100
f 335/822/3 341/823/3 355/824/3
f 355/825/2 354/826/2 334/827/2 335/828/2
f 336/829/20 337/830/20 356/831/20 357/832/20
f 330/833/97 343/834/103 346/835/103 340/836/97
f 333/813/97 349/837/104 344/838/104 331/810/97
f 343/834/103 342/839/105 347/840/105 346/835/103
f 342/839/105 338/814/98 332/817/98 347/840/105
f 349/837/104 348/841/106 345/842/106 344/838/104
f 348/841/106 341/821/102 339/820/102 345/842/106
f 348/843/3 349/844/3 333/845/3 341/823/3
f 346/846/1 347/847/1 332/848/1 340/849/1
f 344/850/1 345/851/1 339/852/1 331/853/1
f 342/854/3 343/855/3 330/856/3 338/857/3
f 330/833/97 340/836/97 352/858/2 350/859/2
f 332/848/1 334/860/1 354/861/1 360/862/1
f 357/863/107 355/864/107 361/865/108 359/866/108
f 356/867/109 358/868/110 360/869/110 354/870/109
f 357/863/107 356/867/109 354/870/109 355/864/107
f 361/871/3 355/824/3 341/823/3 333/845/3 353/872/3
f 350/873/3 358/874/3 338/857/3 330/856/3
f 351/875/1 331/853/1 339/852/1 359/876/1
f 352/877/111 360/878/111 358/879/111 350/880/111
f 351/881/112 359/882/112 361/883/112 353/884/112
f 352/885/1 340/849/1 332/848/1
f 360/862/1 352/885/1 332/848/1
f 339/852/1 336/886/1 357/887/1 359/876/1
f 356/888/3 337/889/3 338/857/3 358/874/3
f 385/890/31 386/891/31 376/892/31 375/893/31
f 386/894/20 387/895/20 377/896/20 376/897/20
f 389/898/113 390/899/113 373/900/113 379/901/113
f 375/902/3 374/903/3 381/904/3 380/905/3
f 374/903/3 377/906/3 373/907/3
f 374/903/3 375/902/3 376/908/3 377/906/3
f 378/909/3 379/910/3 373/907/3 377/906/3
f 382/911/3 362/912/3 383/913/3
f 362/912/3 363/914/3 383/913/3
f 363/914/3 364/915/3 383/913/3
f 364/915/3 365/916/3 383/913/3
f 365/916/3 366/917/3 383/913/3
f 366/917/3 367/918/3 383/913/3
f 367/918/3 368/919/3 383/913/3
f 368/919/3 369/920/3 383/913/3
f 369/920/3 370/921/3 383/913/3
f 370/921/3 371/922/3 383/913/3
f 371/922/3 372/923/114 383/913/3
f 372/923/114 384/924/3 383/913/3
f 384/924/3 382/911/3 383/913/3
f 384/924/3 374/903/3 373/907/3 382/911/3
f 362/925/115 397/926/115 398/927/116 363/928/116
f 364/929/117 363/928/116 398/927/116 399/930/117
f 365/931/20 364/929/117 399/930/117 400/932/20
f 366/933/118 365/931/20 400/932/20 401/934/118
f 367/935/76 366/933/118 401/934/118 402/936/76
f 368/937/119 367/935/76 402/936/76 403/938/119
f 370/939/120 369/940/32 404/941/32 405/942/120
f 371/943/77 406/944/77 407/945/121 372/946/121
f 380/947/122 393/948/122 385/949/122 375/950/122
f 387/951/123 388/952/123 378/953/123 377/954/123
f 389/955/20 379/956/20 378/957/20 388/958/20
f 394/959/20 382/960/20 373/961/20 390/962/20
f 385/963/1 393/964/124 392/965/124 391/966/1
f 392/967/125 381/968/125 374/969/125 391/970/125
f 391/966/1 390/971/1 387/972/1
f 391/966/1 387/972/1 386/973/1 385/963/1
f 390/971/1 389/974/1 388/975/1 387/972/1
f 394/976/1 395/977/1 397/978/1
f 397/978/1 395/977/1 398/979/1
f 398/979/1 395/977/1 399/980/1
f 399/980/1 395/977/1 400/981/1
f 400/981/1 395/977/1 401/982/1
f 401/982/1 395/977/1 402/983/1
f 402/983/1 395/977/1 403/984/1
f 403/984/1 395/977/1 404/985/1
f 404/985/1 395/977/1 405/986/1
f 405/986/1 395/977/1 406/987/1
f 406/987/1 395/977/1 407/988/1
f 407/988/1 395/977/1 396/989/1
f 396/989/1 395/977/1 394/976/1
f 390/971/1 391/966/1 396/989/1 394/976/1
f 382/990/126 394/991/126 397/926/115 362/925/115
f 368/937/119 403/938/119 404/941/32 369/940/32
f 370/939/120 405/942/120 406/944/77 371/943/77
f 384/992/127 372/946/121 407/945/121 396/993/127
f 384/992/127 396/993/127 391/994/2 374/995/2
f 381/996/2 392/997/2 393/998/2 380/999/2
f 431/1000/31 432/1001/31 422/1002/31 421/1003/31
f 432/1004/20 433/1005/20 423/1006/20 422/1007/20
f 435/1008/113 436/1009/113 419/1010/113 425/1011/113
f 421/1012/3 420/1013/3 427/1014/3 426/1015/3
f 420/1013/3 423/1016/3 419/1017/3
f 420/1013/3 421/1012/3 422/1018/3 423/1016/3
f 424/1019/3 425/1020/3 419/1017/3 423/1016/3
f 428/1021/3 408/1022/3 429/1023/3
f 408/1022/3 409/1024/3 429/1023/3
f 409/1024/3 410/1025/3 429/1023/3
f 410/1025/3 411/1026/3 429/1023/3
f 411/1026/3 412/1027/3 429/1023/3
f 412/1027/3 413/1028/3 429/1023/3
f 413/1028/3 414/1029/3 429/1023/3
f 414/1029/3 415/1030/3 429/1023/3
f 415/1030/3 416/1031/3 429/1023/3
f 416/1031/3 417/1032/3 429/1023/3
f 417/1032/3 418/1033/3 429/1023/3
f 418/1033/3 430/1034/3 429/1023/3
f 430/1034/3 428/1021/3 429/1023/3
f 430/1034/3 420/1013/3 419/1017/3 428/1021/3
f 408/1035/115 443/1036/115 444/1037/128 409/1038/129
f 410/1039/117 409/1038/129 444/1037/128 445/1040/117
f 411/1041/20 410/1039/117 445/1040/117 446/1042/20
f 412/1043/118 411/1041/20 446/1042/20 447/1044/118
f 413/1045/76 412/1043/118 447/1044/118 448/1046/76
f 414/1047/130 413/1045/76 448/1046/76 449/1048/130
f 416/1049/120 415/1050/32 450/1051/32 451/1052/120
f 417/1053/77 452/1054/77 453/1055/121 418/1056/121
f 426/1057/122 439/1058/122 431/1059/122 421/1060/122
f 433/1061/123 434/1062/123 424/1063/123 423/1064/123
f 435/1065/20 425/1066/20 424/1067/20 434/1068/20
f 440/1069/20 428/1070/20 419/1071/20 436/1072/20
f 431/1073/1 439/1074/1 438/1075/1 437/1076/1
f 438/1077/131 427/1078/131 420/1079/131 437/1080/131
f 437/1076/1 436/1081/1 433/1082/1
f 437/1076/1 433/1082/1 432/1083/1 431/1073/1
f 436/1081/1 435/1084/1 434/1085/1 433/1082/1
f 440/1086/1 441/1087/1 443/1088/1
f 443/1088/1 441/1087/1 444/1089/1
f 444/1089/1 441/1087/1 445/1090/1
f 445/1090/1 441/1087/1 446/1091/1
f 446/1091/1 441/1087/1 447/1092/1
f 447/1092/1 441/1087/1 448/1093/1
f 448/1093/1 441/1087/1 449/1094/1
f 449/1094/1 441/1087/1 450/1095/1
f 450/1095/1 441/1087/1 451/1096/1
f 451/1096/1 441/1087/1 452/1097/1
f 452/1097/1 441/1087/1 453/1098/1
f 453/1098/1 441/1087/1 442/1099/1
f 442/1099/1 441/1087/1 440/1086/1
f 436/1081/1 437/1076/1 442/1099/1 440/1086/1
f 428/1100/126 440/1101/126 443/1036/115 408/1035/115
f 414/1047/130 449/1048/130 450/1051/32 415/1050/32
f 416/1049/120 451/1052/120 452/1054/77 417/1053/77
f 430/1102/132 418/1056/121 453/1055/121 442/1103/132
f 430/1102/132 442/1103/132 437/1104/2 420/1105/2
f 427/1106/2 438/1107/2 439/1108/2 426/1109/2
f 456/1110/133 455/1111/79 458/1112/134 457/1113/133
f 454/1114/80 474/1115/2 476/1116/2 459/1117/80
f 455/1111/79 461/1118/81 460/1119/82 458/1112/134
f 462/1120/135 465/1121/135 460/1119/82 461/1118/81
f 461/1122/20 455/1123/20 481/1124/20 480/1125/20
f 457/1113/133 471/1126/84 468/1127/85 456/1110/133
f 462/1120/135 467/1128/86 472/1129/86 465/1121/135
f 471/1126/84 470/1130/88 469/1131/87 468/1127/85
f 470/1130/88 464/1132/80 463/1133/80 469/1131/87
f 467/1128/86 466/1134/88 473/1135/88 472/1129/86
f 466/1134/88 454/1114/80 459/1117/80 473/1135/88
f 470/1136/3 471/1137/3 457/1138/3 464/1139/3
f 472/1140/1 473/1141/1 459/1142/1 465/1143/1
f 468/1144/1 469/1145/1 463/1146/1 456/1147/1
f 466/1148/72 467/1149/72 462/1150/3 454/1151/3
f 462/1150/3 461/1152/3 480/1153/3 474/1154/3
f 481/1155/1 455/1156/1 456/1147/1 475/1157/1
f 463/1133/80 464/1132/80 477/1158/2 475/1159/2
f 484/1160/2 491/1161/2 478/1162/2 479/1163/2
f 480/1164/89 478/1165/89 476/1166/90 474/1167/90
f 474/1154/3 454/1151/3 462/1150/3
f 456/1147/1 463/1146/1 475/1157/1
f 475/1168/136 477/1169/136 479/1170/92 481/1171/92
f 480/1164/89 481/1171/92 479/1170/92 478/1165/89
f 458/1172/2 460/1173/2 483/1174/2 482/1175/2
f 477/1176/3 464/1139/3 492/1177/114 485/1178/3
f 497/1179/1 459/1142/1 476/1180/1 490/1181/1
f 479/1182/3 477/1176/3 485/1178/3 484/1183/3
f 490/1181/1 476/1180/1 478/1184/1 491/1185/1
f 464/1139/3 457/1138/3 492/1177/114
f 457/1138/3 458/1186/3 482/1187/3 492/1177/114
f 497/1179/1 465/1143/1 459/1142/1
f 483/1188/1 460/1189/1 465/1143/1 497/1179/1
f 483/1190/94 486/1191/94 487/1192/94 482/1193/94
f 488/1194/2 489/1195/2 490/1196/2 485/1197/2
f 485/1198/32 490/1199/32 491/1200/32 484/1201/32
f 492/1202/107 482/1193/94 487/1192/94 488/1203/107
f 494/1204/31 495/1205/31 496/1206/31 493/1207/31
f 489/1195/2 488/1194/2 495/1208/2 494/1209/2
f 488/1210/137 487/1211/137 496/1212/137 495/1213/137
f 487/1214/20 486/1215/20 493/1216/20 496/1217/20
f 486/1218/96 489/1219/96 494/1220/96 493/1221/96
f 485/1197/2 492/1222/2 488/1194/2
f 489/1195/2 497/1223/138 490/1196/2
f 483/1190/94 497/1224/109 489/1225/109 486/1191/94
f 506/1226/3 518/1227/3 524/1228/3 505/1229/3
f 525/1230/1 519/1231/1 507/1232/1 504/1233/1
f 499/1234/97 519/1235/2 521/1236/2 501/1237/97
f 506/1238/98 505/1239/99 502/1240/99 500/1241/98
f 505/1239/99 504/1242/100 503/1243/100 502/1240/99
f 507/1244/139 509/1245/102 503/1243/100 504/1242/100
f 503/1246/3 509/1247/3 523/1248/3
f 523/1249/2 522/1250/2 502/1251/2 503/1252/2
f 504/1253/20 505/1254/20 524/1255/20 525/1256/20
f 498/1257/97 511/1258/104 514/1259/104 508/1260/97
f 501/1237/97 517/1261/103 512/1262/103 499/1234/97
f 511/1258/104 510/1263/105 515/1264/105 514/1259/104
f 510/1263/105 506/1238/98 500/1241/98 515/1264/105
f 517/1261/103 516/1265/106 513/1266/106 512/1262/103
f 516/1265/106 509/1245/102 507/1244/139 513/1266/106
f 516/1267/3 517/1268/3 501/1269/3 509/1247/3
f 514/1270/1 515/1271/1 500/1272/1 508/1273/1
f 512/1274/1 513/1275/1 507/1232/1 499/1276/1
f 510/1277/3 511/1278/3 498/1279/3 506/1226/3
f 498/1257/97 508/1260/97 520/1280/2 518/1281/2
f 520/1282/1 508/1273/1 500/1272/1 522/1283/1
f 506/1226/3 498/1279/3 518/1227/3
f 519/1231/1 499/1276/1 507/1232/1
s 0
f 525/1284/140 523/1285/140 521/1286/140 519/1287/140
f 524/1288/110 518/1289/110 520/1290/110 522/1291/110
f 525/1284/31 524/1288/31 522/1291/31 523/1285/31
s 1
f 509/1247/3 501/1269/3 521/1292/3 523/1248/3
f 500/1272/1 502/1293/1 522/1283/1
f 576/1294/115 592/1295/115 593/1296/141 578/1297/141
f 579/1298/117 578/1297/141 593/1296/141 594/1299/117
f 580/1300/20 579/1298/117 594/1299/117 595/1301/20
f 581/1302/118 580/1300/20 595/1301/20 596/1303/118
f 582/1304/142 581/1302/118 596/1303/118 597/1305/142
f 583/1306/143 582/1304/142 597/1305/142 598/1307/143
f 585/1308/144 584/1309/32 599/1310/32 600/1311/144
f 586/1312/145 601/1313/145 602/1314/121 587/1315/121
f 623/1316/146 624/1317/147 590/1318/20 575/1319/20
f 575/1320/148 590/1321/148 592/1295/115 576/1294/115
f 583/1306/143 598/1307/143 599/1310/32 584/1309/32
f 585/1308/144 600/1311/144 601/1313/145 586/1312/145
f 588/1322/132 587/1315/121 602/1314/121 603/1323/132
f 527/1324/2 552/1325/2 538/1326/2 526/1327/2
f 528/1328/2 553/1329/2 552/1325/2 527/1324/2
f 529/1330/2 554/1331/2 553/1329/2 528/1328/2
f 530/1332/2 555/1333/2 554/1331/2 529/1330/2
f 531/1334/2 556/1335/2 555/1333/2 530/1332/2
f 589/1336/2 557/1337/2 556/1335/2 531/1334/2
f 589/1336/2 558/1338/2 557/1337/2
f 588/1322/132 559/1339/2 558/1338/2 589/1336/2
f 588/1322/132 560/1340/2 559/1339/2
f 588/1322/132 561/1341/2 560/1340/2
f 588/1322/132 562/1342/2 561/1341/2
f 588/1322/132 563/1343/2 562/1342/2
f 603/1323/132 565/1344/2 564/1345/2
f 603/1323/132 566/1346/2 565/1344/2
f 603/1323/132 567/1347/2 566/1346/2
f 532/1348/2 568/1349/2 567/1347/2 603/1323/132
f 532/1348/2 569/1350/2 568/1349/2
f 533/1351/2 570/1352/2 569/1350/2 532/1348/2
f 534/1353/2 571/1354/2 570/1352/2 533/1351/2
f 535/1355/2 572/1356/2 571/1354/2 534/1353/2
f 536/1357/2 573/1358/2 572/1356/2 535/1355/2
f 537/1359/2 574/1360/2 573/1358/2 536/1357/2
f 526/1327/2 538/1326/2 574/1360/2 537/1359/2
f 540/1361/2 541/1362/2 539/1363/2
f 541/1362/2 542/1364/2 539/1363/2
f 542/1364/2 543/1365/2 539/1363/2
f 543/1365/2 544/1366/2 539/1363/2
f 544/1366/2 545/1367/2 539/1363/2
f 545/1367/2 546/1368/2 539/1363/2
f 546/1368/2 547/1369/2 539/1363/2
f 547/1369/2 548/1370/2 539/1363/2
f 548/1370/2 549/1371/2 539/1363/2
f 549/1371/2 550/1372/2 539/1363/2
f 550/1372/2 551/1373/2 539/1363/2
f 551/1373/2 540/1361/2 539/1363/2
f 552/1374/149 541/1375/150 540/1376/151 538/1377/152
f 553/1378/153 541/1375/150 552/1374/149
f 554/1379/154 542/1380/155 541/1375/150 553/1378/153
f 555/1381/156 542/1380/155 554/1379/154
f 556/1382/157 543/1383/158 542/1380/155 555/1381/156
f 557/1384/159 543/1383/158 556/1382/157
f 558/1385/160 544/1386/161 543/1383/158 557/1384/159
f 559/1387/162 544/1386/161 558/1385/160
f 560/1388/163 545/1389/164 544/1386/161 559/1387/162
f 561/1390/165 545/1389/164 560/1388/163
f 562/1391/166 546/1392/167 545/1389/164 561/1390/165
f 563/1393/168 546/1392/167 562/1391/166
f 564/1394/169 547/1395/170 546/1392/167 563/1393/168
f 565/1396/171 547/1395/170 564/1394/169
f 566/1397/172 548/1398/173 547/1395/170 565/1396/171
f 567/1399/174 548/1398/173 566/1397/172
f 568/1400/175 549/1401/176 548/1398/173 567/1399/174
f 569/1402/177 549/1401/176 568/1400/175
f 570/1403/178 550/1404/179 549/1401/176 569/1402/177
f 571/1405/180 550/1404/179 570/1403/178
f 572/1406/181 551/1407/182 550/1404/179 571/1405/180
f 573/1408/183 551/1407/182 572/1406/181
f 574/1409/184 540/1376/151 551/1407/182 573/1408/183
f 538/1377/152 540/1376/151 574/1409/184
f 603/1323/132 564/1345/2 563/1343/2
f 588/1322/132 603/1323/132 563/1343/2
f 575/1410/3 576/1411/3 577/1412/3
f 576/1411/3 578/1413/3 577/1412/3
f 578/1413/3 579/1414/3 577/1412/3
f 579/1414/3 580/1415/3 577/1412/3
f 580/1415/3 581/1416/3 577/1412/3
f 581/1416/3 582/1417/3 577/1412/3
f 582/1417/3 583/1418/3 577/1412/3
f 583/1418/3 584/1419/3 577/1412/3
f 584/1419/3 585/1420/3 577/1412/3
f 585/1420/3 586/1421/3 577/1412/3
f 586/1421/3 587/1422/3 577/1412/3
f 587/1422/3 588/1423/3 577/1412/3
f 588/1423/3 575/1410/3 577/1412/3
f 588/1423/3 589/1424/185 616/1425/185 575/1410/3
f 590/1426/1 591/1427/1 592/1428/1
f 592/1428/1 591/1427/1 593/1429/1
f 593/1429/1 591/1427/1 594/1430/1
f 594/1430/1 591/1427/1 595/1431/1
f 595/1431/1 591/1427/1 596/1432/1
f 596/1432/1 591/1427/1 597/1433/1
f 597/1433/1 591/1427/1 598/1434/1
f 598/1434/1 591/1427/1 599/1435/1
f 599/1435/1 591/1427/1 600/1436/1
f 600/1436/1 591/1427/1 601/1437/1
f 601/1437/1 591/1427/1 602/1438/1
f 602/1438/1 591/1427/1 603/1439/1
f 603/1439/1 591/1427/1 590/1426/1
f 610/1440/186 532/1441/186 603/1439/1 590/1426/1
f 527/1442/187 526/1443/94 604/1444/94 605/1445/187
f 528/1446/188 527/1442/187 605/1445/187 606/1447/188
f 529/1448/189 528/1446/188 606/1447/188 607/1449/189
f 530/1450/35 529/1448/189 607/1449/189 608/1451/35
f 531/1452/190 530/1450/35 608/1451/35 609/1453/190
f 589/1424/185 531/1452/190 609/1453/190 616/1425/185
f 533/1454/191 532/1441/186 610/1440/186 611/1455/191
f 534/1456/46 533/1454/191 611/1455/191 612/1457/46
f 535/1458/192 534/1456/46 612/1457/46 613/1459/192
f 536/1460/193 535/1458/192 613/1459/192 614/1461/193
f 537/1462/194 536/1460/193 614/1461/193 615/1463/194
f 526/1443/94 537/1462/194 615/1463/194 604/1444/94
s 0
f 622/1464/113 624/1465/113 623/1466/113 619/1467/113
f 618/1468/195 619/1469/195 623/1470/195 617/1471/195
f 620/1472/196 621/1473/196 618/1474/196 617/1475/196
f 622/1476/20 619/1477/20 618/1478/20 621/1479/20
f 624/1480/197 622/1481/197 621/1482/197 620/1483/197
f 616/1484/198 617/1485/198 623/1316/198
f 616/1484/198 609/1486/198 617/1485/198
f 610/1487/199 624/1317/199 620/1488/199
f 611/1489/199 610/1487/199 620/1488/199
f 612/1490/200 611/1489/200 620/1488/200
f 609/1486/198 608/1491/198 617/1485/198
f 608/1491/201 607/1492/201 617/1485/201
f 607/1492/202 606/1493/202 617/1485/202
f 613/1494/203 612/1490/203 620/1488/203
f 614/1495/204 613/1494/204 620/1488/204
f 615/1496/204 614/1495/204 620/1488/204
f 606/1493/202 605/1497/202 617/1485/202
f 605/1497/205 604/1498/205 617/1485/205
f 604/1498/205 620/1488/205 617/1485/205
f 604/1498/205 615/1496/205 620/1488/205
s 1
f 575/1319/20 616/1484/206 623/1316/146
f 624/1317/147 610/1487/27 590/1318/20
f 626/1499/207 627/1500/79 628/1501/134 625/1502/133
f 630/1503/80 631/1504/2 632/1505/2 629/1506/80
f 627/1500/79 633/1507/81 634/1508/82 628/1501/134
f 635/1509/135 636/1510/135 634/1508/82 633/1507/81
f 633/1511/20 627/1512/20 637/1513/20 638/1514/20
f 625/1502/133 639/1515/85 640/1516/85 626/1499/207
f 635/1509/135 641/1517/86 642/1518/86 636/1510/135
f 639/1515/85 643/1519/88 644/1520/87 640/1516/85
f 643/1519/88 645/1521/80 646/1522/80 644/1520/87
f 641/1517/86 647/1523/88 648/1524/88 642/1518/86
f 647/1523/88 630/1503/80 629/1506/80 648/1524/88
f 643/1525/3 639/1526/3 625/1527/3 645/1528/3
f 642/1529/1 648/1530/1 629/1531/1 636/1532/1
f 640/1533/71 644/1534/71 646/1535/1 626/1536/1
f 647/1537/3 641/1538/3 635/1539/3 630/1540/3
f 635/1539/3 633/1541/3 638/1542/3 631/1543/3
f 637/1544/1 627/1545/1 626/1536/1 649/1546/1
f 646/1522/80 645/1521/80 650/1547/2 649/1548/2
f 652/1549/2 653/1550/2 654/1551/2 651/1552/2
f 638/1553/89 654/1554/89 632/1555/90 631/1556/90
f 631/1543/3 630/1540/3 635/1539/3
f 626/1536/1 646/1535/1 649/1546/1
f 649/1557/136 650/1558/136 651/1559/92 637/1560/92
f 638/1553/89 637/1560/92 651/1559/92 654/1554/89
f 628/1561/2 634/1562/2 656/1563/2 655/1564/2
f 650/1565/3 645/1528/3 658/1566/114 657/1567/114
f 659/1568/1 629/1531/1 632/1569/1 660/1570/1
f 651/1571/3 650/1565/3 657/1567/114 652/1572/3
f 660/1570/1 632/1569/1 654/1573/1 653/1574/1
f 645/1528/3 625/1527/3 658/1566/114
f 625/1527/3 628/1575/3 655/1576/3 658/1566/114
f 659/1568/1 636/1532/1 629/1531/1
f 656/1577/1 634/1578/1 636/1532/1 659/1568/1
f 656/1579/94 661/1580/94 662/1581/94 655/1582/94
f 663/1583/2 664/1584/2 660/1585/2 657/1586/2
f 657/1587/32 660/1588/32 653/1589/32 652/1590/32
f 658/1591/107 655/1582/94 662/1581/94 663/1592/107
f 666/1593/31 667/1594/31 668/1595/31 665/1596/31
f 664/1584/2 663/1583/2 667/1597/2 666/1598/2
f 663/1599/95 662/1600/95 668/1601/95 667/1602/95
f 662/1603/20 661/1604/20 665/1605/20 668/1606/20
f 661/1607/96 664/1608/96 666/1609/96 665/1610/96
f 657/1586/2 658/1611/2 663/1583/2
f 664/1584/2 659/1612/138 660/1585/2
f 656/1579/94 659/1613/109 664/1614/109 661/1580/94
f 669/1615/3 670/1616/3 671/1617/3 672/1618/3
f 674/1619/1 675/1620/1 676/1621/1 673/1622/1
f 678/1623/97 675/1624/2 679/1625/2 677/1626/97
f 669/1627/98 672/1628/99 681/1629/99 680/1630/98
f 672/1628/99 673/1631/100 682/1632/101 681/1629/99
f 676/1633/139 683/1634/102 682/1632/101 673/1631/100
f 682/1635/3 683/1636/3 684/1637/3
f 684/1638/2 685/1639/2 681/1640/2 682/1641/2
f 673/1642/20 672/1643/20 671/1644/20 674/1645/20
f 686/1646/97 687/1647/104 688/1648/103 689/1649/97
f 677/1626/97 690/1650/104 691/1651/104 678/1623/97
f 687/1647/104 692/1652/105 693/1653/105 688/1648/103
f 692/1652/105 669/1627/98 680/1630/98 693/1653/105
f 690/1650/104 694/1654/106 695/1655/106 691/1651/104
f 694/1654/106 683/1634/102 676/1633/139 695/1655/106
f 694/1656/3 690/1657/3 677/1658/3 683/1636/3
f 688/1659/1 693/1660/1 680/1661/1 689/1662/1
f 691/1663/1 695/1664/1 676/1621/1 678/1665/1
f 692/1666/3 687/1667/3 686/1668/3 669/1615/3
f 686/1646/97 689/1649/97 696/1669/2 670/1670/2
f 696/1671/1 689/1662/1 680/1661/1 685/1672/1
f 669/1615/3 686/1668/3 670/1616/3
f 675/1620/1 678/1665/1 676/1621/1
s 0
f 674/1673/108 684/1674/108 679/1675/108 675/1676/108
f 671/1677/110 670/1678/110 696/1679/110 685/1680/110
f 674/1673/31 671/1677/31 685/1680/31 684/1674/31
s 1
f 683/1636/3 677/1658/3 679/1681/3 684/1637/3
f 680/1661/1 681/1682/1 685/1672/1
f 699/1683/208 698/1684/209 701/1685/209 700/1686/208
f 697/1687/97 717/1688/2 718/1689/2 702/1690/97
f 698/1684/209 704/1691/210 703/1692/211 701/1685/209
f 705/1693/212 708/1694/212 703/1692/211 704/1691/210
f 704/1695/20 698/1696/20 722/1697/20 721/1698/20
f 700/1686/208 714/1699/213 711/1700/213 699/1683/208
f 705/1693/212 710/1701/214 715/1702/214 708/1694/212
f 714/1699/213 713/1703/104 712/1704/104 711/1700/213
f 713/1703/104 707/1705/97 706/1706/97 712/1704/104
f 710/1701/214 709/1707/215 716/1708/215 715/1702/214
f 709/1707/215 697/1687/97 702/1690/97 716/1708/215
f 713/1709/1 714/1710/1 700/1711/1 707/1712/1
f 715/1713/3 716/1714/3 702/1715/3 708/1716/3
f 711/1717/3 712/1718/3 706/1719/3 699/1720/3
f 709/1721/1 710/1722/1 705/1723/1 697/1724/1
f 706/1706/97 707/1705/97 728/1725/2 724/1726/2
f 731/1727/2 730/1728/2 719/1729/2 720/1730/2
f 721/1731/216 719/1732/216 726/1733/217 723/1734/217
f 725/1735/218 727/1736/218 720/1737/219 722/1738/219
f 721/1731/216 722/1738/219 720/1737/219 719/1732/216
f 717/1739/1 697/1724/1 705/1723/1 723/1740/1
f 699/1720/3 706/1719/3 724/1741/3 725/1742/3
f 726/1743/3 733/1744/3 744/1745/3 702/1715/3 718/1746/3
f 717/1747/220 723/1748/220 726/1749/220 718/1750/220
f 728/1751/220 727/1752/218 725/1753/218 724/1754/220
f 722/1755/3 698/1756/3 699/1720/3 725/1742/3
f 701/1757/2 703/1758/2 729/1759/2 736/1760/2
f 739/1761/1 732/1762/1 727/1763/1 728/1764/1 707/1712/1
f 720/1765/1 727/1763/1 732/1762/1 731/1766/1
f 733/1744/3 726/1743/3 719/1767/3
f 733/1744/3 719/1767/3 730/1768/3
f 744/1745/3 708/1716/3 702/1715/3
f 729/1769/3 703/1770/3 708/1716/3 744/1745/3
f 707/1712/1 700/1711/1 739/1761/1
f 700/1711/1 701/1771/1 736/1772/1 739/1761/1
f 705/1723/1 704/1773/1 721/1774/1 723/1740/1
f 729/1775/221 734/1776/221 735/1777/32 736/1778/221
f 737/1779/2 738/1780/2 733/1781/2 732/1782/2
f 732/1783/31 733/1784/31 730/1785/31 731/1786/31
f 739/1787/221 736/1778/221 735/1777/32 737/1788/221
f 741/1789/32 742/1790/32 743/1791/32 740/1792/32
f 738/1780/2 737/1779/2 742/1793/2 741/1794/2
f 737/1795/96 735/1796/96 743/1797/96 742/1798/96
f 735/1799/20 734/1800/20 740/1801/20 743/1802/20
f 734/1803/95 738/1804/95 741/1805/95 740/1806/95
f 732/1782/2 739/1807/2 737/1779/2
f 738/1780/2 744/1808/2 733/1781/2
f 729/1775/221 744/1809/221 738/1810/221 734/1776/221
f 746/1811/80 766/1812/2 768/1813/2 748/1814/80
f 753/1815/222 752/1816/223 749/1817/223 747/1818/222
f 752/1816/223 751/1819/224 750/1820/225 749/1817/223
f 754/1821/226 756/1822/227 750/1820/225 751/1819/224
f 750/1823/1 756/1824/1 770/1825/1
f 770/1826/2 769/1827/2 749/1828/2 750/1829/2
f 751/1830/20 752/1831/20 771/1832/20 772/1833/20
f 745/1834/80 758/1835/228 761/1836/228 755/1837/80
f 748/1814/80 764/1838/87 759/1839/87 746/1811/80
f 758/1835/228 757/1840/229 762/1841/229 761/1836/228
f 757/1840/229 753/1815/222 747/1818/222 762/1841/229
f 764/1838/87 763/1842/230 760/1843/230 759/1839/87
f 763/1842/230 756/1822/227 754/1821/226 760/1843/230
f 763/1844/1 764/1845/1 748/1846/1 756/1824/1
f 761/1847/114 762/1848/114 747/1849/3 755/1850/3
f 759/1851/3 760/1852/3 754/1853/3 746/1854/3
f 757/1855/1 758/1856/1 745/1857/1 753/1858/1
f 745/1834/80 755/1837/80 767/1859/2 765/1860/2
f 747/1849/3 749/1861/3 769/1862/3 775/1863/3
f 772/1864/231 770/1865/231 776/1866/232 774/1867/232
f 771/1868/74 773/1869/233 775/1870/233 769/1871/74
f 772/1864/231 771/1868/74 769/1871/74 770/1865/231
f 776/1872/1 770/1825/1 756/1824/1 748/1846/1 768/1873/1
f 765/1874/1 773/1875/1 753/1858/1 745/1857/1
f 766/1876/3 746/1854/3 754/1853/3 774/1877/3
f 767/1878/234 775/1879/234 773/1880/234 765/1881/234
f 766/1882/234 774/1883/234 776/1884/234 768/1885/234
f 767/1886/3 755/1850/3 747/1849/3
f 775/1863/3 767/1886/3 747/1849/3
f 754/1853/3 751/1887/3 772/1888/3 774/1877/3
f 771/1889/1 752/1890/1 753/1858/1 773/1875/1
f 800/1891/32 801/1892/32 791/1893/32 790/1894/32
f 801/1895/20 802/1896/20 792/1897/20 791/1898/20
f 804/1899/235 805/1900/235 788/1901/235 794/1902/235
f 790/1903/1 789/1904/1 796/1905/1 795/1906/1
f 789/1904/1 792/1907/1 788/1908/1
f 789/1904/1 790/1903/1 791/1909/1 792/1907/1
f 793/1910/1 794/1911/1 788/1908/1 792/1907/1
f 797/1912/1 777/1913/1 798/1914/1
f 777/1913/1 778/1915/1 798/1914/1
f 778/1915/1 779/1916/1 798/1914/1
f 779/1916/1 780/1917/1 798/1914/1
f 780/1917/1 781/1918/1 798/1914/1
f 781/1918/1 782/1919/1 798/1914/1
f 782/1919/1 783/1920/1 798/1914/1
f 783/1920/1 784/1921/1 798/1914/1
f 784/1921/1 785/1922/1 798/1914/1
f 785/1922/1 786/1923/1 798/1914/1
f 786/1923/1 787/1924/1 798/1914/1
f 787/1924/1 799/1925/1 798/1914/1
f 799/1925/1 797/1912/1 798/1914/1
f 799/1925/1 789/1904/1 788/1908/1 797/1912/1
f 777/1926/236 812/1927/236 813/1928/237 778/1929/237
f 779/1930/118 778/1929/237 813/1928/237 814/1931/118
f 780/1932/20 779/1930/118 814/1931/118 815/1933/20
f 781/1934/117 780/1932/20 815/1933/20 816/1935/117
f 782/1936/116 781/1934/117 816/1935/117 817/1937/116
f 783/1938/238 782/1936/116 817/1937/116 818/1939/238
f 785/1940/239 784/1941/31 819/1942/31 820/1943/239
f 786/1944/240 821/1945/240 822/1946/241 787/1947/241
f 795/1948/242 808/1949/242 800/1950/242 790/1951/242
f 802/1952/243 803/1953/243 793/1954/243 792/1955/243
f 804/1956/20 794/1957/20 793/1958/20 803/1959/20
f 809/1960/20 797/1961/20 788/1962/20 805/1963/20
f 800/1964/3 808/1965/3 807/1966/3 806/1967/3
f 807/1968/244 796/1969/244 789/1970/244 806/1971/244
f 806/1967/3 805/1972/3 802/1973/3
f 806/1967/3 802/1973/3 801/1974/3 800/1964/3
f 805/1972/3 804/1975/3 803/1976/3 802/1973/3
f 809/1977/3 810/1978/3 812/1979/3
f 812/1979/3 810/1978/3 813/1980/3
f 813/1980/3 810/1978/3 814/1981/3
f 814/1981/3 810/1978/3 815/1982/3
f 815/1982/3 810/1978/3 816/1983/3
f 816/1983/3 810/1978/3 817/1984/3
f 817/1984/3 810/1978/3 818/1985/3
f 818/1985/3 810/1978/3 819/1986/3
f 819/1986/3 810/1978/3 820/1987/3
f 820/1987/3 810/1978/3 821/1988/3
f 821/1988/3 810/1978/3 822/1989/3
f 822/1989/3 810/1978/3 811/1990/3
f 811/1990/3 810/1978/3 809/1977/3
f 805/1972/3 806/1967/3 811/1990/3 809/1977/3
f 797/1991/245 809/1992/245 812/1927/236 777/1926/236
f 783/1938/238 818/1939/238 819/1942/31 784/1941/31
f 785/1940/239 820/1943/239 821/1945/240 786/1944/240
f 799/1993/246 787/1947/241 822/1946/241 811/1994/247
f 799/1993/246 811/1994/247 806/1995/2 789/1996/2
f 796/1997/2 807/1998/2 808/1999/2 795/2000/2
f 825/2001/78 824/2002/79 827/2003/79 826/2004/78
f 823/2005/80 843/2006/2 844/2007/2 828/2008/80
f 824/2002/79 830/2009/81 829/2010/248 827/2003/79
f 831/2011/135 834/2012/135 829/2010/248 830/2009/81
f 830/2013/20 824/2014/20 848/2015/20 847/2016/20
f 826/2004/78 840/2017/85 837/2018/85 825/2001/78
f 831/2011/135 836/2019/86 841/2020/86 834/2012/135
f 840/2017/85 839/2021/87 838/2022/87 837/2018/85
f 839/2021/87 833/2023/80 832/2024/80 838/2022/87
f 836/2019/86 835/2025/88 842/2026/88 841/2020/86
f 835/2025/88 823/2005/80 828/2008/80 842/2026/88
f 839/2027/3 840/2028/3 826/2029/3 833/2030/3
f 841/2031/1 842/2032/1 828/2033/1 834/2034/1
f 837/2035/1 838/2036/1 832/2037/1 825/2038/1
f 835/2039/3 836/2040/3 831/2041/3 823/2042/3
f 832/2024/80 833/2023/80 854/2043/2 850/2044/2
f 857/2045/2 856/2046/2 845/2047/2 846/2048/2
f 847/2049/89 845/2050/89 852/2051/90 849/2052/90
f 851/2053/91 853/2054/91 846/2055/92 848/2056/92
f 847/2049/89 848/2056/92 846/2055/92 845/2050/89
f 843/2057/3 823/2042/3 831/2041/3 849/2058/3
f 825/2038/1 832/2037/1 850/2059/1 851/2060/1
f 852/2061/1 859/2062/1 870/2063/1 828/2033/1 844/2064/1
f 843/2065/93 849/2066/93 852/2067/93 844/2068/93
f 854/2069/93 853/2070/91 851/2071/91 850/2072/93
f 848/2073/1 824/2074/1 825/2038/1 851/2060/1
f 827/2075/2 829/2076/2 855/2077/2 862/2078/2
f 865/2079/3 858/2080/3 853/2081/3 854/2082/3 833/2030/3
f 846/2083/3 853/2081/3 858/2080/3 857/2084/3
f 859/2062/1 852/2061/1 845/2085/1
f 859/2062/1 845/2085/1 856/2086/1
f 870/2063/1 834/2034/1 828/2033/1
f 855/2087/1 829/2088/1 834/2034/1 870/2063/1
f 833/2030/3 826/2029/3 865/2079/3
f 826/2029/3 827/2089/3 862/2090/3 865/2079/3
f 831/2041/3 830/2091/3 847/2092/3 849/2058/3
f 855/2093/94 860/2094/94 861/2095/31 862/2096/94
f 863/2097/2 864/2098/2 859/2099/2 858/2100/2
f 858/2101/32 859/2102/32 856/2103/32 857/2104/32
f 865/2105/94 862/2096/94 861/2095/31 863/2106/94
f 867/2107/31 868/2108/31 869/2109/31 866/2110/31
f 864/2098/2 863/2097/2 868/2111/2 867/2112/2
f 863/2113/95 861/2114/95 869/2115/95 868/2116/95
f 861/2117/20 860/2118/20 866/2119/20 869/2120/20
f 860/2121/96 864/2122/96 867/2123/96 866/2124/96
f 858/2100/2 865/2125/2 863/2097/2
f 864/2098/2 870/2126/2 859/2099/2
f 855/2093/94 870/2127/94 864/2128/94 860/2094/94
f 872/2129/97 892/2130/2 894/2131/2 874/2132/97
f 879/2133/98 878/2134/99 875/2135/99 873/2136/98
f 878/2134/99 877/2137/100 876/2138/100 875/2135/99
f 880/2139/139 882/2140/102 876/2138/100 877/2137/100
f 876/2141/3 882/2142/3 896/2143/3
f 896/2144/2 895/2145/2 875/2146/2 876/2147/2
f 877/2148/20 878/2149/20 897/2150/20 898/2151/20
f 871/2152/97 884/2153/103 887/2154/103 881/2155/97
f 874/2132/97 890/2156/104 885/2157/104 872/2129/97
f 884/2153/103 883/2158/105 888/2159/105 887/2154/103
f 883/2158/105 879/2133/98 873/2136/98 888/2159/105
f 890/2156/104 889/2160/106 886/2161/106 885/2157/104
f 889/2160/106 882/2140/102 880/2139/139 886/2161/106
f 889/2162/3 890/2163/3 874/2164/3 882/2142/3
f 887/2165/1 888/2166/1 873/2167/1 881/2168/1
f 885/2169/1 886/2170/1 880/2171/1 872/2172/1
f 883/2173/3 884/2174/3 871/2175/3 879/2176/3
f 871/2152/97 881/2155/97 893/2177/2 891/2178/2
f 873/2167/1 875/2179/1 895/2180/1 901/2181/1
f 898/2182/107 896/2183/107 902/2184/108 900/2185/108
f 897/2186/109 899/2187/110 901/2188/110 895/2189/109
f 898/2182/107 897/2186/109 895/2189/109 896/2183/107
f 902/2190/3 896/2143/3 882/2142/3 874/2164/3 894/2191/3
f 891/2192/3 899/2193/3 879/2176/3 871/2175/3
f 892/2194/1 872/2172/1 880/2171/1 900/2195/1
f 893/2196/112 901/2197/112 899/2198/112 891/2199/112
f 892/2200/112 900/2201/112 902/2202/112 894/2203/112
f 893/2204/1 881/2168/1 873/2167/1
f 901/2181/1 893/2204/1 873/2167/1
f 880/2171/1 877/2205/1 898/2206/1 900/2195/1
f 897/2207/3 878/2208/3 879/2176/3 899/2193/3
f 926/2209/31 927/2210/31 917/2211/31 916/2212/31
f 927/2213/20 928/2214/20 918/2215/20 917/2216/20
f 930/2217/113 931/2218/113 914/2219/113 920/2220/113
f 916/2221/3 915/2222/3 922/2223/3 921/2224/3
f 915/2222/3 918/2225/3 914/2226/3
f 915/2222/3 916/2221/3 917/2227/3 918/2225/3
f 919/2228/3 920/2229/3 914/2226/3 918/2225/3
f 923/2230/3 903/2231/3 924/2232/3
f 903/2231/3 904/2233/3 924/2232/3
f 904/2233/3 905/2234/3 924/2232/3
f 905/2234/3 906/2235/3 924/2232/3
f 906/2235/3 907/2236/3 924/2232/3
f 907/2236/3 908/2237/3 924/2232/3
f 908/2237/3 909/2238/3 924/2232/3
f 909/2238/3 910/2239/3 924/2232/3
f 910/2239/3 911/2240/3 924/2232/3
f 911/2240/3 912/2241/3 924/2232/3
f 912/2241/3 913/2242/3 924/2232/3
f 913/2242/3 925/2243/3 924/2232/3
f 925/2243/3 923/2230/3 924/2232/3
f 925/2243/3 915/2222/3 914/2226/3 923/2230/3
f 903/2244/115 938/2245/115 939/2246/129 904/2247/129
f 905/2248/117 904/2247/129 939/2246/129 940/2249/117
f 906/2250/20 905/2248/117 940/2249/117 941/2251/20
f 907/2252/118 906/2250/20 941/2251/20 942/2253/118
f 908/2254/76 907/2252/118 942/2253/118 943/2255/76
f 909/2256/119 908/2254/76 943/2255/76 944/2257/119
f 911/2258/120 910/2259/32 945/2260/32 946/2261/120
f 912/2262/77 947/2263/77 948/2264/121 913/2265/121
f 921/2266/249 934/2267/249 926/2268/249 916/2269/249
f 928/2270/123 929/2271/123 919/2272/123 918/2273/123
f 930/2274/20 920/2275/20 919/2276/20 929/2277/20
f 935/2278/20 923/2279/20 914/2280/20 931/2281/20
f 926/2282/1 934/2283/1 933/2284/1 932/2285/1
f 933/2286/131 922/2287/131 915/2288/131 932/2289/131
f 932/2285/1 931/2290/1 928/2291/1
f 932/2285/1 928/2291/1 927/2292/1 926/2282/1
f 931/2290/1 930/2293/1 929/2294/1 928/2291/1
f 935/2295/1 936/2296/1 938/2297/1
f 938/2297/1 936/2296/1 939/2298/1
f 939/2298/1 936/2296/1 940/2299/1
f 940/2299/1 936/2296/1 941/2300/1
f 941/2300/1 936/2296/1 942/2301/1
f 942/2301/1 936/2296/1 943/2302/1
f 943/2302/1 936/2296/1 944/2303/1
f 944/2303/1 936/2296/1 945/2304/1
f 945/2304/1 936/2296/1 946/2305/1
f 946/2305/1 936/2296/1 947/2306/1
f 947/2306/1 936/2296/1 948/2307/1
f 948/2307/1 936/2296/1 937/2308/1
f 937/2308/1 936/2296/1 935/2295/1
f 931/2290/1 932/2285/1 937/2308/1 935/2295/1
f 923/2309/126 935/2310/126 938/2245/115 903/2244/115
f 909/2256/119 944/2257/119 945/2260/32 910/2259/32
f 911/2258/120 946/2261/120 947/2263/77 912/2262/77
f 925/2311/127 913/2265/121 948/2264/121 937/2312/127
f 925/2311/127 937/2312/127 932/2313/2 915/2314/2
f 922/2315/2 933/2316/2 934/2317/2 921/2318/2
f 949/2319/20 950/2320/20 951/2321/20 952/2322/20
f 950/2323/32 953/2324/32 954/2325/32 951/2326/32
f 953/2327/1 950/2328/1 949/2329/1 955/2330/1
f 953/2331/2 956/2332/2 957/2333/2 954/2334/2
f 954/2335/96 958/2336/96 952/2337/96 951/2338/96
f 959/2339/31 960/2340/31 949/2341/31 952/2342/31
f 955/2343/31 949/2341/31 960/2340/31 961/2344/31
f 952/2342/31 958/2345/31 962/2346/31 959/2339/31
s 0
f 961/2347/250 960/2348/250 963/2349/250 956/2350/250
f 959/2351/1 962/2352/1 957/2353/1 964/2354/1
s 1
f 957/2355/31 956/2356/31 963/2357/31 964/2358/31
f 964/2359/251 963/2360/251 960/2361/251 959/2362/251
f 953/2331/2 955/2363/2 961/2364/2 956/2332/2
f 957/2333/2 962/2365/2 958/2366/2 954/2334/2
