# Blender 5.1.2
# www.blender.org
mtllib Untitled.mtl
o Barrel_01
v -1.330703 0.336577 2.003257
v -1.330703 0.587699 2.003256
v -1.278382 0.587699 2.044247
v -1.278382 0.336577 2.044247
v -1.330609 0.335465 2.003102
v -1.278254 0.335465 2.044119
v -1.391312 0.336577 1.975978
v -1.391312 0.587699 1.975978
v -1.277940 0.588622 2.043805
v -1.330379 0.588622 2.002722
v -1.237392 0.587699 2.096567
v -1.237392 0.336577 2.096567
v -1.330329 0.334568 2.002638
v -1.277871 0.334568 2.043736
v -1.391259 0.335465 1.975806
v -1.237237 0.335465 2.096474
v -1.456689 0.336577 1.963997
v -1.456689 0.587699 1.963997
v -1.391127 0.588622 1.975381
v -1.328130 0.589393 1.999001
v -1.274866 0.589393 2.040730
v -1.236857 0.588622 2.096244
v -1.210113 0.587699 2.157177
v -1.210113 0.336577 2.157177
v -1.274010 0.328592 2.039876
v -1.327504 0.328592 1.997966
v -1.391098 0.334568 1.975289
v -1.236774 0.334568 2.096194
v -1.456678 0.335465 1.963817
v -1.209941 0.335465 2.157123
v -1.523034 0.336577 1.968011
v -1.523034 0.587699 1.968011
v -1.456652 0.588622 1.963373
v -1.389833 0.589393 1.971230
v -1.233136 0.589393 2.093994
v -1.273909 0.591388 2.039774
v -1.327430 0.591388 1.997843
v -1.209516 0.588622 2.156991
v -1.198132 0.587699 2.222554
v -1.198132 0.336577 2.222554
v -1.389473 0.328592 1.970076
v -1.232101 0.328592 2.093369
v -1.456646 0.334568 1.963277
v -1.209424 0.334568 2.156962
v -1.523066 0.335465 1.967833
v -1.197952 0.335465 2.222543
v -1.586490 0.336577 1.987784
v -1.586490 0.587699 1.987784
v -1.523146 0.588622 1.967396
v -1.456389 0.589393 1.959033
v -1.389431 0.591388 1.969939
v -1.205365 0.589393 2.155698
v -1.231978 0.591388 2.093295
v -1.197508 0.588622 2.222516
v -1.202145 0.587699 2.288898
v -1.202145 0.336577 2.288898
v -1.456316 0.328592 1.957826
v -1.204211 0.328592 2.155338
v -1.327504 0.325369 1.997966
v -1.274010 0.325369 2.039876
v -1.523164 0.334568 1.967300
v -1.197411 0.334568 2.222510
v -1.586564 0.335465 1.987620
v -1.201968 0.335465 2.288931
v -1.643370 0.336577 2.022169
v -1.643370 0.587699 2.022169
v -1.586746 0.588622 1.987214
v -1.523930 0.589393 1.963119
v -1.456307 0.591388 1.957684
v -1.193168 0.589393 2.222254
v -1.204074 0.591388 2.155295
v -1.327430 0.597504 1.997843
v -1.273909 0.597504 2.039774
v -1.201530 0.588622 2.289011
v -1.221919 0.587699 2.352354
v -1.221919 0.336577 2.352354
v -1.524148 0.328592 1.961930
v -1.389473 0.325369 1.970076
v -1.191961 0.328592 2.222181
v -1.232101 0.325369 2.093369
v -1.277871 0.319393 2.043736
v -1.330329 0.319393 2.002638
v -1.586786 0.334568 1.987126
v -1.201435 0.334568 2.289028
v -1.643481 0.335465 2.022027
v -1.221754 0.335465 2.352428
v -1.690368 0.336577 2.069168
v -1.690368 0.587699 2.069168
v -1.643755 0.588622 2.021677
v -1.588531 0.589393 1.983249
v -1.524174 0.591388 1.961789
v -1.389431 0.597504 1.969939
v -1.197254 0.589393 2.289795
v -1.191818 0.591388 2.222172
v -1.231978 0.597504 2.093295
v -1.328133 0.599430 1.999006
v -1.274870 0.599430 2.040735
v -1.221349 0.588622 2.352611
v -1.256304 0.587699 2.409234
v -1.256304 0.336577 2.409234
v -1.589027 0.328592 1.982147
v -1.456316 0.325369 1.957826
v -1.391098 0.319393 1.975289
v -1.196064 0.328592 2.290013
v -1.204211 0.325369 2.155338
v -1.236774 0.319393 2.096194
v -1.278254 0.318496 2.044119
v -1.330609 0.318496 2.003102
v -1.643815 0.334568 2.021601
v -1.221260 0.334568 2.352651
v -1.690510 0.335465 2.069056
v -1.256162 0.335465 2.409346
v -1.724753 0.336577 2.126048
v -1.724753 0.587699 2.126048
v -1.690860 0.588622 2.068782
v -1.646437 0.589393 2.018255
v -1.589086 0.591388 1.982016
v -1.456307 0.597504 1.957684
v -1.389835 0.599430 1.971236
v -1.217384 0.589393 2.354395
v -1.195924 0.591388 2.290038
v -1.204074 0.597504 2.155295
v -1.233141 0.599430 2.093998
v -1.331366 0.600212 2.004354
v -1.279289 0.600212 2.045154
v -1.255812 0.588622 2.409620
v -1.303302 0.587699 2.456233
v -1.303302 0.336577 2.456233
v -1.647182 0.328592 2.017303
v -1.524148 0.325369 1.961930
v -1.456646 0.319393 1.963277
v -1.391259 0.318496 1.975806
v -1.216281 0.328592 2.354892
v -1.191961 0.325369 2.222181
v -1.209424 0.319393 2.156962
v -1.237237 0.318496 2.096474
v -1.278382 0.317384 2.044247
v -1.330703 0.317384 2.003257
v -1.690936 0.334568 2.068722
v -1.255736 0.334568 2.409680
v -1.724918 0.335465 2.125973
v -1.303191 0.335465 2.456375
v -1.744527 0.336577 2.189504
v -1.744527 0.587699 2.189504
v -1.725323 0.588622 2.125791
v -1.694282 0.589393 2.066101
v -1.647271 0.591388 2.017190
v -1.524174 0.597504 1.961789
v -1.456389 0.599430 1.959040
v -1.391694 0.600212 1.977203
v -1.252389 0.589393 2.412301
v -1.216151 0.591388 2.354950
v -1.191818 0.597504 2.222172
v -1.205371 0.599430 2.155699
v -1.238490 0.600212 2.097231
v -1.332069 0.598627 2.005517
v -1.280250 0.598627 2.046115
v -1.302917 0.588622 2.456725
v -1.360182 0.587699 2.490618
v -1.360182 0.336577 2.490618
v -1.695234 0.328592 2.065355
v -1.589027 0.325369 1.982147
v -1.523164 0.319393 1.967300
v -1.456678 0.318496 1.963817
v -1.391312 0.317384 1.975978
v -1.251437 0.328592 2.413047
v -1.196064 0.325369 2.290013
v -1.197411 0.319393 2.222510
v -1.209941 0.318496 2.157123
v -1.237392 0.317384 2.096567
v -1.725412 0.334568 2.125751
v -1.302857 0.334568 2.456801
v -1.744704 0.335465 2.189471
v -1.360108 0.335465 2.490782
v -1.748540 0.336577 2.255848
v -1.748540 0.587699 2.255848
v -1.745142 0.588622 2.189391
v -1.729288 0.589393 2.124007
v -1.695347 0.591388 2.065267
v -1.589086 0.597504 1.982016
v -1.523929 0.599430 1.963125
v -1.456767 0.600212 1.965278
v -1.392098 0.598627 1.978500
v -1.300235 0.589393 2.460147
v -1.251325 0.591388 2.413135
v -1.195924 0.597504 2.290038
v -1.193175 0.599430 2.222254
v -1.211338 0.600212 2.157559
v -1.239653 0.598627 2.097934
v -1.332069 0.594409 2.005517
v -1.280250 0.594409 2.046115
v -1.359926 0.588622 2.491188
v -1.423638 0.587699 2.510392
v -1.423638 0.336577 2.510392
v -1.730391 0.328592 2.123510
v -1.647182 0.325369 2.017303
v -1.586786 0.319393 1.987126
v -1.523066 0.318496 1.967833
v -1.456689 0.317384 1.963997
v -1.299489 0.328592 2.461099
v -1.216281 0.325369 2.354892
v -1.201435 0.319393 2.289028
v -1.197952 0.318496 2.222543
v -1.210113 0.317384 2.157177
v -1.745237 0.334568 2.189373
v -1.359886 0.334568 2.491277
v -1.748720 0.335465 2.255859
v -1.423606 0.335465 2.510569
v -1.736559 0.336577 2.321225
v -1.736559 0.587699 2.321225
v -1.749164 0.588622 2.255886
v -1.749418 0.589393 2.188607
v -1.730521 0.591388 2.123452
v -1.647271 0.597504 2.017190
v -1.588528 0.599430 1.983255
v -1.522802 0.600212 1.969273
v -1.456849 0.598627 1.966635
v -1.392098 0.594409 1.978500
v -1.358141 0.589393 2.495153
v -1.299401 0.591388 2.461212
v -1.216151 0.597504 2.354950
v -1.197260 0.599430 2.289793
v -1.199413 0.600212 2.222631
v -1.212636 0.598627 2.157963
v -1.239653 0.594409 2.097934
v -1.332396 0.593598 2.006058
v -1.280696 0.593598 2.046561
v -1.423526 0.588622 2.511007
v -1.489982 0.587699 2.514405
v -1.489982 0.336577 2.514405
v -1.750608 0.328592 2.188389
v -1.695234 0.325369 2.065355
v -1.643815 0.319393 2.021601
v -1.586564 0.318496 1.987620
v -1.523034 0.317384 1.968011
v -1.357645 0.328592 2.496256
v -1.251437 0.325369 2.413047
v -1.221260 0.319393 2.352651
v -1.201968 0.318496 2.288931
v -1.198132 0.317384 2.222554
v -1.749261 0.334568 2.255892
v -1.423508 0.334568 2.511102
v -1.736731 0.335465 2.321279
v -1.489993 0.335465 2.514585
v -1.709281 0.336577 2.381835
v -1.709281 0.587699 2.381835
v -1.737156 0.588622 2.321411
v -1.753504 0.589393 2.256148
v -1.750748 0.591388 2.188364
v -1.695347 0.597504 2.065267
v -1.646433 0.599430 2.018260
v -1.585963 0.600212 1.988954
v -1.522557 0.598627 1.970609
v -1.456849 0.594409 1.966635
v -1.392286 0.593598 1.979103
v -1.422742 0.589393 2.515283
v -1.357586 0.591388 2.496386
v -1.251325 0.597504 2.413135
v -1.217390 0.599430 2.354393
v -1.203407 0.600212 2.288667
v -1.200769 0.598627 2.222713
v -1.212636 0.594409 2.157963
v -1.240193 0.593598 2.098260
v -1.473336 0.593597 2.239201
v -1.490020 0.588622 2.515029
v -1.555359 0.587699 2.502424
v -1.555359 0.336577 2.502424
v -1.754711 0.328592 2.256221
v -1.730391 0.325369 2.123510
v -1.690936 0.319393 2.068722
v -1.643481 0.318496 2.022027
v -1.586490 0.317384 1.987784
v -1.422524 0.328592 2.516473
v -1.299489 0.325369 2.461099
v -1.255736 0.319393 2.409680
v -1.221754 0.318496 2.352428
v -1.202145 0.317384 2.288898
v -1.737248 0.334568 2.321440
v -1.490026 0.334568 2.515126
v -1.709435 0.335465 2.381928
v -1.555413 0.335465 2.502597
v -1.668290 0.336577 2.434155
v -1.668290 0.587699 2.434155
v -1.709816 0.588622 2.382158
v -1.741307 0.589393 2.322704
v -1.754854 0.591388 2.256230
v -1.730521 0.597504 2.123452
v -1.694277 0.599430 2.066105
v -1.642578 0.600212 2.023180
v -1.585405 0.598627 1.990193
v -1.522557 0.594409 1.970609
v -1.456887 0.593598 1.967264
v -1.490283 0.589393 2.519369
v -1.422498 0.591388 2.516613
v -1.299401 0.597504 2.461212
v -1.252394 0.599430 2.412297
v -1.223089 0.600212 2.351828
v -1.204744 0.598627 2.288422
v -1.200769 0.594409 2.222713
v -1.213238 0.593598 2.158151
v -1.555545 0.588622 2.503021
v -1.615969 0.587699 2.475146
v -1.615969 0.336577 2.475146
v -1.742461 0.328592 2.323064
v -1.750608 0.325369 2.188389
v -1.725412 0.319393 2.125751
v -1.690510 0.318496 2.069056
v -1.643370 0.317384 2.022169
v -1.490356 0.328592 2.520576
v -1.357645 0.325369 2.496256
v -1.302857 0.319393 2.456801
v -1.256162 0.318496 2.409346
v -1.221919 0.317384 2.352354
v -1.709899 0.334568 2.382208
v -1.555574 0.334568 2.503114
v -1.668418 0.335465 2.434283
v -1.616063 0.335465 2.475300
v -1.668732 0.588622 2.434597
v -1.713536 0.589393 2.384408
v -1.742598 0.591388 2.323107
v -1.750748 0.597504 2.188364
v -1.729282 0.599430 2.124009
v -1.689358 0.600212 2.069959
v -1.641740 0.598627 2.024249
v -1.585405 0.594409 1.990193
v -1.522444 0.593598 1.971230
v -1.556839 0.589393 2.507172
v -1.490364 0.591388 2.520719
v -1.357586 0.597504 2.496386
v -1.300239 0.599430 2.460142
v -1.257314 0.600212 2.408443
v -1.224328 0.598627 2.351270
v -1.204744 0.594409 2.288422
v -1.201399 0.593598 2.222752
v -1.616293 0.588622 2.475681
v -1.714571 0.328592 2.385033
v -1.754711 0.325369 2.256221
v -1.745237 0.319393 2.189373
v -1.724918 0.318496 2.125973
v -1.690368 0.317384 2.069168
v -1.557199 0.328592 2.508327
v -1.422524 0.325369 2.516473
v -1.359886 0.319393 2.491277
v -1.303191 0.318496 2.456375
v -1.256304 0.317384 2.409234
v -1.668801 0.334568 2.434666
v -1.616343 0.334568 2.475764
v -1.671806 0.589393 2.437672
v -1.714694 0.591388 2.385107
v -1.754854 0.597504 2.256230
v -1.749412 0.599430 2.188608
v -1.723583 0.600212 2.126574
v -1.688288 0.598627 2.070797
v -1.641740 0.594409 2.024249
v -1.585146 0.593598 1.990769
v -1.618542 0.589393 2.479402
v -1.557241 0.591388 2.508463
v -1.422498 0.597504 2.516613
v -1.358144 0.599430 2.495147
v -1.304094 0.600212 2.455223
v -1.258384 0.598627 2.407605
v -1.224328 0.594409 2.351270
v -1.205365 0.593598 2.288308
v -1.672662 0.328592 2.438527
v -1.742461 0.325369 2.323064
v -1.749261 0.319393 2.255892
v -1.744704 0.318496 2.189471
v -1.724753 0.317384 2.126048
v -1.619168 0.328592 2.480437
v -1.490356 0.325369 2.520576
v -1.423508 0.319393 2.511102
v -1.360108 0.318496 2.490782
v -1.303302 0.317384 2.456233
v -1.672763 0.591388 2.438628
v -1.742598 0.597504 2.323107
v -1.753497 0.599430 2.256148
v -1.743265 0.600212 2.189735
v -1.722344 0.598627 2.127132
v -1.688288 0.594409 2.070797
v -1.641351 0.593598 2.024746
v -1.619242 0.591388 2.480559
v -1.490364 0.597504 2.520719
v -1.422743 0.599430 2.515277
v -1.360709 0.600212 2.489448
v -1.304932 0.598627 2.454153
v -1.258384 0.594409 2.407605
v -1.224904 0.593598 2.351011
v -1.714571 0.325369 2.385033
v -1.737248 0.319393 2.321440
v -1.748720 0.318496 2.255859
v -1.744527 0.317384 2.189504
v -1.557199 0.325369 2.508327
v -1.490026 0.319393 2.515126
v -1.423606 0.318496 2.510569
v -1.360182 0.317384 2.490618
v -1.714694 0.597504 2.385107
v -1.741301 0.599430 2.322702
v -1.747259 0.600212 2.255770
v -1.741928 0.598627 2.189980
v -1.722344 0.594409 2.127132
v -1.687791 0.593598 2.071186
v -1.557241 0.597504 2.508463
v -1.490282 0.599430 2.519362
v -1.423869 0.600212 2.509130
v -1.361266 0.598627 2.488209
v -1.304932 0.594409 2.454153
v -1.258880 0.593598 2.407216
v -1.672662 0.325369 2.438527
v -1.709899 0.319393 2.382208
v -1.736731 0.318496 2.321279
v -1.748540 0.317384 2.255848
v -1.619168 0.325369 2.480437
v -1.555574 0.319393 2.503114
v -1.489993 0.318496 2.514585
v -1.423638 0.317384 2.510392
v -1.672763 0.597504 2.438628
v -1.713531 0.599430 2.384404
v -1.735334 0.600212 2.320843
v -1.745903 0.598627 2.255688
v -1.741928 0.594409 2.189980
v -1.721768 0.593598 2.127391
v -1.619242 0.597504 2.480559
v -1.556837 0.599430 2.507166
v -1.489905 0.600212 2.513124
v -1.424114 0.598627 2.507793
v -1.361266 0.594409 2.488209
v -1.305321 0.593598 2.453656
v -1.668801 0.319393 2.434666
v -1.709435 0.318496 2.381928
v -1.736559 0.317384 2.321225
v -1.616343 0.319393 2.475764
v -1.555413 0.318496 2.502597
v -1.489982 0.317384 2.514405
v -1.671802 0.599430 2.437667
v -1.708183 0.600212 2.381171
v -1.734037 0.598627 2.320439
v -1.745903 0.594409 2.255688
v -1.741307 0.593598 2.190094
v -1.618539 0.599430 2.479396
v -1.554978 0.600212 2.501199
v -1.489823 0.598627 2.511768
v -1.424114 0.594409 2.507793
v -1.361526 0.593598 2.487633
v -1.668418 0.318496 2.434283
v -1.709281 0.317384 2.381835
v -1.616063 0.318496 2.475300
v -1.555359 0.317384 2.502424
v -1.667383 0.600212 2.433248
v -1.707020 0.598627 2.380468
v -1.734037 0.594409 2.320439
v -1.745273 0.593598 2.255650
v -1.615306 0.600212 2.474048
v -1.554573 0.598627 2.499902
v -1.489823 0.594409 2.511768
v -1.424228 0.593598 2.507172
v -1.668290 0.317384 2.434155
v -1.615969 0.317384 2.475146
v -1.666422 0.598627 2.432287
v -1.707020 0.594409 2.380468
v -1.733434 0.593598 2.320251
v -1.614603 0.598627 2.472885
v -1.554573 0.594409 2.499902
v -1.489785 0.593598 2.511138
v -1.666422 0.594409 2.432287
v -1.706480 0.593598 2.380141
v -1.614603 0.594409 2.472885
v -1.554386 0.593598 2.499300
v -1.665976 0.593598 2.431841
v -1.614276 0.593598 2.472345
v -1.281928 0.593598 2.047793
v -1.333297 0.593598 2.007548
v -1.392804 0.593598 1.980766
v -1.456992 0.593598 1.969003
v -1.522130 0.593598 1.972943
v -1.584432 0.593598 1.992357
v -1.640277 0.593598 2.026117
v -1.686420 0.593598 2.072260
v -1.720180 0.593598 2.128106
v -1.739594 0.593598 2.190408
v -1.743534 0.593598 2.255545
v -1.731771 0.593598 2.319733
v -1.704989 0.593598 2.379240
v -1.664744 0.593598 2.430609
v -1.613375 0.593598 2.470854
v -1.553867 0.593598 2.497636
v -1.489680 0.593598 2.509399
v -1.424542 0.593598 2.505459
v -1.362240 0.593598 2.486045
v -1.306395 0.593598 2.452285
v -1.260252 0.593598 2.406142
v -1.226492 0.593598 2.350296
v -1.207078 0.593598 2.287994
v -1.203138 0.593598 2.222857
v -1.214901 0.593598 2.158669
v -1.241683 0.593598 2.099162
v -1.363877 0.593597 2.111286
v -1.367307 0.593597 2.098485
v -1.366152 0.593597 2.085282
v -1.360551 0.593597 2.073271
v -1.351179 0.593597 2.063899
v -1.339168 0.593597 2.058298
v -1.325965 0.593597 2.057143
v -1.313164 0.593597 2.060573
v -1.302569 0.593597 2.067992
v -1.294706 0.593597 2.079031
v -1.291276 0.593597 2.091833
v -1.292431 0.593597 2.105035
v -1.298032 0.593597 2.117047
v -1.307403 0.593597 2.126418
v -1.319414 0.593597 2.132019
v -1.332617 0.593597 2.133174
v -1.345419 0.593597 2.129744
v -1.356450 0.593597 2.121893
v -1.363877 0.595088 2.111286
v -1.356450 0.595088 2.121893
v -1.345419 0.595088 2.129744
v -1.332617 0.595088 2.133174
v -1.319414 0.595088 2.132019
v -1.307403 0.595088 2.126418
v -1.298032 0.595088 2.117047
v -1.292431 0.595088 2.105035
v -1.291276 0.595088 2.091833
v -1.294706 0.595088 2.079031
v -1.302569 0.595088 2.067992
v -1.313164 0.595088 2.060573
v -1.325965 0.595088 2.057143
v -1.339168 0.595088 2.058298
v -1.351179 0.595088 2.063899
v -1.360551 0.595088 2.073271
v -1.366152 0.595088 2.085282
v -1.367307 0.595088 2.098485
v -1.363877 0.597912 2.111286
v -1.356450 0.597912 2.121893
v -1.345419 0.597912 2.129744
v -1.332617 0.597912 2.133174
v -1.319414 0.597912 2.132019
v -1.307403 0.597912 2.126418
v -1.298032 0.597912 2.117047
v -1.292431 0.597912 2.105035
v -1.291276 0.597912 2.091833
v -1.294706 0.597912 2.079031
v -1.302569 0.597912 2.067992
v -1.313164 0.597912 2.060573
v -1.325965 0.597912 2.057143
v -1.339168 0.597912 2.058298
v -1.351179 0.597912 2.063899
v -1.360551 0.597912 2.073271
v -1.366152 0.597912 2.085282
v -1.367307 0.597912 2.098485
v -1.364914 0.595325 2.111770
v -1.357262 0.595325 2.122699
v -1.345906 0.595325 2.130780
v -1.332717 0.595325 2.134315
v -1.319118 0.595325 2.133125
v -1.306746 0.595325 2.127356
v -1.297094 0.595325 2.117703
v -1.291325 0.595325 2.105332
v -1.290135 0.595325 2.091733
v -1.293670 0.595325 2.078543
v -1.301763 0.595325 2.067179
v -1.312680 0.595325 2.059536
v -1.325866 0.595325 2.056002
v -1.339464 0.595325 2.057192
v -1.351836 0.595325 2.062961
v -1.361489 0.595325 2.072614
v -1.367258 0.595325 2.084985
v -1.368447 0.595325 2.098584
v -1.357262 0.597675 2.122699
v -1.364914 0.597675 2.111770
v -1.368447 0.597675 2.098584
v -1.367258 0.597675 2.084985
v -1.361489 0.597675 2.072614
v -1.351836 0.597675 2.062961
v -1.339464 0.597675 2.057192
v -1.325866 0.597675 2.056002
v -1.312680 0.597675 2.059536
v -1.301763 0.597675 2.067179
v -1.293670 0.597675 2.078543
v -1.290135 0.597675 2.091733
v -1.291325 0.597675 2.105332
v -1.297094 0.597675 2.117703
v -1.306746 0.597675 2.127356
v -1.319118 0.597675 2.133125
v -1.332717 0.597675 2.134315
v -1.345906 0.597675 2.130780
v -1.355502 0.597912 2.121229
v -1.362804 0.597912 2.110786
v -1.366128 0.597912 2.098381
v -1.365009 0.597912 2.085588
v -1.359581 0.597912 2.073949
v -1.350501 0.597912 2.064868
v -1.338862 0.597912 2.059441
v -1.326069 0.597912 2.058322
v -1.313664 0.597912 2.061646
v -1.303225 0.597912 2.068944
v -1.295779 0.597912 2.079531
v -1.292455 0.597912 2.091936
v -1.293574 0.597912 2.104729
v -1.299001 0.597912 2.116368
v -1.308082 0.597912 2.125448
v -1.319721 0.597912 2.130876
v -1.332514 0.597912 2.131995
v -1.344918 0.597912 2.128671
v -1.365427 0.596178 2.112009
v -1.357664 0.596178 2.123097
v -1.346147 0.596178 2.131291
v -1.332766 0.596178 2.134878
v -1.318972 0.596178 2.133671
v -1.306422 0.596178 2.127819
v -1.296631 0.596178 2.118027
v -1.290779 0.596178 2.105478
v -1.289572 0.596178 2.091684
v -1.293159 0.596178 2.078302
v -1.301365 0.596178 2.066778
v -1.312441 0.596178 2.059023
v -1.325816 0.596178 2.055439
v -1.339611 0.596178 2.056646
v -1.352160 0.596178 2.062498
v -1.361952 0.596178 2.072289
v -1.367804 0.596178 2.084839
v -1.369010 0.596178 2.098634
v -1.357664 0.596821 2.123097
v -1.365427 0.596821 2.112009
v -1.369010 0.596821 2.098634
v -1.367804 0.596821 2.084839
v -1.361952 0.596821 2.072289
v -1.352160 0.596821 2.062498
v -1.339611 0.596821 2.056646
v -1.325816 0.596821 2.055439
v -1.312441 0.596821 2.059023
v -1.301365 0.596821 2.066778
v -1.293159 0.596821 2.078302
v -1.289572 0.596821 2.091684
v -1.290779 0.596821 2.105478
v -1.296631 0.596821 2.118027
v -1.306422 0.596821 2.127819
v -1.318972 0.596821 2.133671
v -1.332766 0.596821 2.134878
v -1.346147 0.596821 2.131291
v -1.354545 0.596449 2.120411
v -1.361659 0.596449 2.110252
v -1.364869 0.596449 2.098271
v -1.363788 0.596449 2.085915
v -1.358546 0.596449 2.074674
v -1.349776 0.596449 2.065903
v -1.338535 0.596449 2.060662
v -1.326179 0.596449 2.059581
v -1.314198 0.596449 2.062791
v -1.304038 0.596449 2.069905
v -1.296924 0.596449 2.080065
v -1.293713 0.596449 2.092046
v -1.294794 0.596449 2.104402
v -1.300036 0.596449 2.115643
v -1.308807 0.596449 2.124413
v -1.320048 0.596449 2.129655
v -1.332404 0.596449 2.130736
v -1.344385 0.596449 2.127526
v -1.354545 0.588523 2.120411
v -1.361659 0.588523 2.110252
v -1.364869 0.588523 2.098271
v -1.363788 0.588523 2.085915
v -1.358546 0.588523 2.074674
v -1.349776 0.588523 2.065903
v -1.338535 0.588523 2.060662
v -1.326179 0.588523 2.059581
v -1.314198 0.588523 2.062791
v -1.304038 0.588523 2.069905
v -1.296924 0.588523 2.080065
v -1.293713 0.588523 2.092046
v -1.294794 0.588523 2.104402
v -1.300036 0.588523 2.115643
v -1.308807 0.588523 2.124413
v -1.320048 0.588523 2.129655
v -1.332404 0.588523 2.130736
v -1.344385 0.588523 2.127526
v -1.329291 0.587796 2.095158
v -1.354145 0.587796 2.120012
v -1.361147 0.587796 2.110013
v -1.364306 0.587796 2.098222
v -1.363242 0.587796 2.086061
v -1.358083 0.587796 2.074998
v -1.349452 0.587796 2.066367
v -1.338388 0.587796 2.061208
v -1.326228 0.587796 2.060144
v -1.314437 0.587796 2.063303
v -1.304438 0.587796 2.070304
v -1.297436 0.587796 2.080304
v -1.294276 0.587796 2.092095
v -1.295340 0.587796 2.104256
v -1.300499 0.587796 2.115319
v -1.309131 0.587796 2.123950
v -1.320194 0.587796 2.129109
v -1.332355 0.587796 2.130173
v -1.344146 0.587796 2.127014
v -1.330703 -0.012807 2.003257
v -1.330703 -0.263929 2.003257
v -1.278382 -0.263929 2.044247
v -1.278382 -0.012807 2.044247
v -1.330609 -0.011695 2.003102
v -1.278254 -0.011695 2.044119
v -1.391312 -0.012807 1.975978
v -1.391312 -0.263929 1.975978
v -1.277940 -0.264851 2.043805
v -1.330379 -0.264851 2.002722
v -1.237392 -0.263929 2.096567
v -1.237392 -0.012807 2.096567
v -1.330329 -0.010797 2.002638
v -1.277871 -0.010797 2.043736
v -1.391259 -0.011695 1.975806
v -1.237237 -0.011695 2.096474
v -1.456689 -0.012807 1.963997
v -1.456689 -0.263929 1.963997
v -1.391127 -0.264851 1.975381
v -1.328130 -0.265623 1.999001
v -1.274866 -0.265623 2.040730
v -1.236857 -0.264851 2.096244
v -1.210113 -0.263929 2.157177
v -1.210113 -0.012807 2.157177
v -1.274010 -0.004822 2.039876
v -1.327504 -0.004822 1.997966
v -1.391098 -0.010797 1.975289
v -1.236774 -0.010797 2.096194
v -1.456678 -0.011695 1.963817
v -1.209941 -0.011695 2.157123
v -1.523034 -0.012807 1.968011
v -1.523034 -0.263929 1.968011
v -1.456652 -0.264851 1.963374
v -1.389833 -0.265623 1.971230
v -1.233136 -0.265623 2.093994
v -1.273909 -0.267618 2.039774
v -1.327430 -0.267618 1.997843
v -1.209516 -0.264851 2.156991
v -1.198132 -0.263929 2.222554
v -1.198132 -0.012807 2.222554
v -1.389473 -0.004822 1.970076
v -1.232101 -0.004822 2.093369
v -1.456646 -0.010797 1.963277
v -1.209424 -0.010797 2.156962
v -1.523066 -0.011695 1.967833
v -1.197952 -0.011695 2.222543
v -1.586490 -0.012807 1.987784
v -1.586490 -0.263929 1.987784
v -1.523146 -0.264851 1.967396
v -1.456389 -0.265623 1.959033
v -1.389431 -0.267618 1.969939
v -1.205365 -0.265623 2.155698
v -1.231978 -0.267618 2.093295
v -1.197508 -0.264851 2.222516
v -1.202145 -0.263929 2.288898
v -1.202145 -0.012807 2.288898
v -1.456316 -0.004822 1.957826
v -1.204211 -0.004822 2.155338
v -1.327504 -0.001598 1.997966
v -1.274010 -0.001598 2.039876
v -1.523164 -0.010797 1.967300
v -1.197411 -0.010797 2.222510
v -1.586564 -0.011695 1.987620
v -1.201968 -0.011695 2.288931
v -1.643370 -0.012807 2.022169
v -1.643370 -0.263929 2.022169
v -1.586746 -0.264851 1.987214
v -1.523930 -0.265623 1.963119
v -1.456307 -0.267618 1.957684
v -1.193168 -0.265623 2.222254
v -1.204074 -0.267618 2.155295
v -1.327430 -0.273734 1.997843
v -1.273909 -0.273734 2.039774
v -1.201530 -0.264851 2.289011
v -1.221919 -0.263929 2.352354
v -1.221919 -0.012807 2.352354
v -1.524148 -0.004822 1.961930
v -1.389473 -0.001598 1.970076
v -1.191961 -0.004822 2.222181
v -1.232101 -0.001598 2.093369
v -1.277871 0.004377 2.043736
v -1.330329 0.004377 2.002638
v -1.586786 -0.010797 1.987126
v -1.201435 -0.010797 2.289028
v -1.643481 -0.011695 2.022027
v -1.221754 -0.011695 2.352428
v -1.690368 -0.012807 2.069168
v -1.690368 -0.263929 2.069168
v -1.643755 -0.264851 2.021677
v -1.588531 -0.265623 1.983249
v -1.524174 -0.267618 1.961789
v -1.389431 -0.273734 1.969939
v -1.197254 -0.265623 2.289795
v -1.191818 -0.267618 2.222172
v -1.231978 -0.273734 2.093295
v -1.328133 -0.275660 1.999006
v -1.274870 -0.275660 2.040735
v -1.221349 -0.264851 2.352611
v -1.256304 -0.263929 2.409235
v -1.256304 -0.012807 2.409235
v -1.589027 -0.004822 1.982147
v -1.456316 -0.001598 1.957826
v -1.391098 0.004377 1.975289
v -1.196064 -0.004822 2.290013
v -1.204211 -0.001598 2.155338
v -1.236774 0.004377 2.096194
v -1.278254 0.005275 2.044119
v -1.330609 0.005275 2.003102
v -1.643815 -0.010797 2.021601
v -1.221260 -0.010797 2.352651
v -1.690510 -0.011695 2.069056
v -1.256162 -0.011695 2.409346
v -1.724753 -0.012807 2.126048
v -1.724753 -0.263929 2.126048
v -1.690860 -0.264851 2.068782
v -1.646437 -0.265623 2.018255
v -1.589086 -0.267618 1.982016
v -1.456307 -0.273734 1.957684
v -1.389835 -0.275660 1.971236
v -1.217384 -0.265623 2.354395
v -1.195924 -0.267618 2.290038
v -1.204074 -0.273734 2.155295
v -1.233141 -0.275660 2.093998
v -1.331366 -0.276442 2.004354
v -1.279289 -0.276442 2.045154
v -1.255812 -0.264851 2.409620
v -1.303302 -0.263929 2.456233
v -1.303302 -0.012807 2.456233
v -1.647182 -0.004822 2.017303
v -1.524148 -0.001598 1.961930
v -1.456646 0.004377 1.963277
v -1.391259 0.005275 1.975806
v -1.216281 -0.004822 2.354892
v -1.191961 -0.001598 2.222181
v -1.209424 0.004377 2.156962
v -1.237237 0.005275 2.096474
v -1.278382 0.006387 2.044247
v -1.330703 0.006387 2.003257
v -1.690936 -0.010797 2.068722
v -1.255736 -0.010797 2.409680
v -1.724918 -0.011695 2.125973
v -1.303191 -0.011695 2.456375
v -1.744527 -0.012807 2.189504
v -1.744527 -0.263929 2.189504
v -1.725323 -0.264851 2.125791
v -1.694282 -0.265623 2.066101
v -1.647271 -0.267618 2.017190
v -1.524174 -0.273734 1.961789
v -1.456389 -0.275660 1.959040
v -1.391694 -0.276442 1.977203
v -1.252389 -0.265623 2.412301
v -1.216151 -0.267618 2.354950
v -1.191818 -0.273734 2.222172
v -1.205371 -0.275660 2.155699
v -1.238490 -0.276442 2.097231
v -1.332069 -0.274856 2.005517
v -1.280250 -0.274856 2.046115
v -1.302917 -0.264851 2.456725
v -1.360182 -0.263929 2.490618
v -1.360182 -0.012807 2.490618
v -1.695234 -0.004822 2.065355
v -1.589027 -0.001598 1.982147
v -1.523164 0.004377 1.967300
v -1.456678 0.005275 1.963817
v -1.391312 0.006387 1.975978
v -1.251437 -0.004822 2.413047
v -1.196064 -0.001598 2.290013
v -1.197411 0.004377 2.222510
v -1.209941 0.005275 2.157123
v -1.237392 0.006387 2.096567
v -1.725412 -0.010797 2.125751
v -1.302857 -0.010797 2.456801
v -1.744704 -0.011695 2.189471
v -1.360108 -0.011695 2.490782
v -1.748540 -0.012807 2.255848
v -1.748540 -0.263929 2.255848
v -1.745142 -0.264851 2.189391
v -1.729288 -0.265623 2.124007
v -1.695347 -0.267618 2.065267
v -1.589086 -0.273734 1.982016
v -1.523929 -0.275660 1.963125
v -1.456767 -0.276442 1.965278
v -1.392098 -0.274856 1.978500
v -1.300235 -0.265623 2.460147
v -1.251325 -0.267618 2.413136
v -1.195924 -0.273734 2.290038
v -1.193175 -0.275660 2.222254
v -1.211338 -0.276442 2.157559
v -1.239653 -0.274856 2.097934
v -1.332069 -0.270639 2.005517
v -1.280250 -0.270639 2.046115
v -1.359926 -0.264851 2.491188
v -1.423638 -0.263929 2.510392
v -1.423638 -0.012807 2.510392
v -1.730391 -0.004822 2.123510
v -1.647182 -0.001598 2.017303
v -1.586786 0.004377 1.987126
v -1.523066 0.005275 1.967833
v -1.456689 0.006387 1.963997
v -1.299489 -0.004822 2.461099
v -1.216281 -0.001598 2.354892
v -1.201435 0.004377 2.289028
v -1.197952 0.005275 2.222543
v -1.210113 0.006387 2.157177
v -1.745237 -0.010797 2.189373
v -1.359886 -0.010797 2.491277
v -1.748720 -0.011695 2.255859
v -1.423606 -0.011695 2.510569
v -1.736559 -0.012807 2.321225
v -1.736559 -0.263929 2.321225
v -1.749164 -0.264851 2.255886
v -1.749418 -0.265623 2.188607
v -1.730521 -0.267618 2.123452
v -1.647271 -0.273734 2.017190
v -1.588528 -0.275660 1.983255
v -1.522802 -0.276442 1.969273
v -1.456849 -0.274856 1.966635
v -1.392098 -0.270639 1.978500
v -1.358141 -0.265623 2.495153
v -1.299401 -0.267618 2.461212
v -1.216151 -0.273734 2.354950
v -1.197260 -0.275660 2.289793
v -1.199413 -0.276442 2.222631
v -1.212636 -0.274856 2.157963
v -1.239653 -0.270639 2.097934
v -1.332396 -0.269827 2.006058
v -1.280696 -0.269827 2.046561
v -1.423526 -0.264851 2.511007
v -1.489982 -0.263929 2.514405
v -1.489982 -0.012807 2.514405
v -1.750608 -0.004822 2.188389
v -1.695234 -0.001598 2.065355
v -1.643815 0.004377 2.021601
v -1.586564 0.005275 1.987620
v -1.523034 0.006387 1.968011
v -1.357645 -0.004822 2.496256
v -1.251437 -0.001598 2.413047
v -1.221260 0.004377 2.352651
v -1.201968 0.005275 2.288931
v -1.198132 0.006387 2.222554
v -1.749261 -0.010797 2.255892
v -1.423508 -0.010797 2.511102
v -1.736731 -0.011695 2.321279
v -1.489993 -0.011695 2.514585
v -1.709281 -0.012807 2.381835
v -1.709281 -0.263929 2.381835
v -1.737156 -0.264851 2.321411
v -1.753504 -0.265623 2.256148
v -1.750748 -0.267618 2.188364
v -1.695347 -0.273734 2.065267
v -1.646433 -0.275660 2.018260
v -1.585963 -0.276442 1.988954
v -1.522557 -0.274856 1.970609
v -1.456849 -0.270639 1.966635
v -1.392286 -0.269827 1.979103
v -1.422742 -0.265623 2.515283
v -1.357586 -0.267618 2.496386
v -1.251325 -0.273734 2.413136
v -1.217390 -0.275660 2.354393
v -1.203407 -0.276442 2.288667
v -1.200769 -0.274856 2.222713
v -1.212636 -0.270639 2.157963
v -1.240193 -0.269827 2.098260
v -1.473336 -0.269827 2.239201
v -1.490020 -0.264851 2.515029
v -1.555359 -0.263929 2.502424
v -1.555359 -0.012807 2.502424
v -1.754711 -0.004822 2.256221
v -1.730391 -0.001598 2.123510
v -1.690936 0.004377 2.068722
v -1.643481 0.005275 2.022027
v -1.586490 0.006387 1.987784
v -1.422524 -0.004822 2.516473
v -1.299489 -0.001598 2.461099
v -1.255736 0.004377 2.409680
v -1.221754 0.005275 2.352428
v -1.202145 0.006387 2.288898
v -1.737248 -0.010797 2.321440
v -1.490026 -0.010797 2.515126
v -1.709435 -0.011695 2.381928
v -1.555413 -0.011695 2.502597
v -1.668290 -0.012807 2.434155
v -1.668290 -0.263929 2.434155
v -1.709816 -0.264851 2.382158
v -1.741307 -0.265623 2.322704
v -1.754854 -0.267618 2.256230
v -1.730521 -0.273734 2.123452
v -1.694277 -0.275660 2.066105
v -1.642578 -0.276442 2.023180
v -1.585405 -0.274856 1.990193
v -1.522557 -0.270639 1.970609
v -1.456887 -0.269827 1.967265
v -1.490283 -0.265623 2.519369
v -1.422498 -0.267618 2.516613
v -1.299401 -0.273734 2.461212
v -1.252394 -0.275660 2.412297
v -1.223089 -0.276442 2.351828
v -1.204744 -0.274856 2.288422
v -1.200769 -0.270639 2.222713
v -1.213238 -0.269827 2.158151
v -1.555545 -0.264851 2.503021
v -1.615969 -0.263929 2.475146
v -1.615969 -0.012807 2.475146
v -1.742461 -0.004822 2.323064
v -1.750608 -0.001598 2.188389
v -1.725412 0.004377 2.125751
v -1.690510 0.005275 2.069056
v -1.643370 0.006387 2.022169
v -1.490356 -0.004822 2.520576
v -1.357645 -0.001598 2.496256
v -1.302857 0.004377 2.456801
v -1.256162 0.005275 2.409346
v -1.221919 0.006387 2.352354
v -1.709899 -0.010797 2.382208
v -1.555574 -0.010797 2.503114
v -1.668418 -0.011695 2.434283
v -1.616063 -0.011695 2.475300
v -1.668732 -0.264851 2.434597
v -1.713536 -0.265623 2.384408
v -1.742598 -0.267618 2.323107
v -1.750748 -0.273734 2.188364
v -1.729282 -0.275660 2.124009
v -1.689358 -0.276442 2.069959
v -1.641740 -0.274856 2.024249
v -1.585405 -0.270639 1.990193
v -1.522444 -0.269827 1.971230
v -1.556839 -0.265623 2.507172
v -1.490364 -0.267618 2.520719
v -1.357586 -0.273734 2.496386
v -1.300239 -0.275660 2.460142
v -1.257314 -0.276442 2.408443
v -1.224328 -0.274856 2.351270
v -1.204744 -0.270639 2.288422
v -1.201399 -0.269827 2.222752
v -1.616293 -0.264851 2.475681
v -1.714571 -0.004822 2.385033
v -1.754711 -0.001598 2.256221
v -1.745237 0.004377 2.189373
v -1.724918 0.005275 2.125973
v -1.690368 0.006387 2.069168
v -1.557199 -0.004822 2.508327
v -1.422524 -0.001598 2.516473
v -1.359886 0.004377 2.491277
v -1.303191 0.005275 2.456375
v -1.256304 0.006387 2.409235
v -1.668801 -0.010797 2.434666
v -1.616343 -0.010797 2.475764
v -1.671806 -0.265623 2.437672
v -1.714694 -0.267618 2.385107
v -1.754854 -0.273734 2.256230
v -1.749412 -0.275660 2.188608
v -1.723583 -0.276442 2.126574
v -1.688288 -0.274856 2.070797
v -1.641740 -0.270639 2.024249
v -1.585146 -0.269827 1.990769
v -1.618542 -0.265623 2.479402
v -1.557241 -0.267618 2.508463
v -1.422498 -0.273734 2.516613
v -1.358144 -0.275660 2.495147
v -1.304094 -0.276442 2.455223
v -1.258384 -0.274856 2.407605
v -1.224328 -0.270639 2.351270
v -1.205365 -0.269827 2.288308
v -1.672662 -0.004822 2.438527
v -1.742461 -0.001598 2.323064
v -1.749261 0.004377 2.255892
v -1.744704 0.005275 2.189471
v -1.724753 0.006387 2.126048
v -1.619168 -0.004822 2.480437
v -1.490356 -0.001598 2.520576
v -1.423508 0.004377 2.511102
v -1.360108 0.005275 2.490782
v -1.303302 0.006387 2.456233
v -1.672763 -0.267618 2.438628
v -1.742598 -0.273734 2.323107
v -1.753497 -0.275660 2.256148
v -1.743264 -0.276442 2.189735
v -1.722344 -0.274856 2.127132
v -1.688288 -0.270639 2.070797
v -1.641351 -0.269827 2.024746
v -1.619242 -0.267618 2.480559
v -1.490364 -0.273734 2.520719
v -1.422743 -0.275660 2.515277
v -1.360709 -0.276442 2.489448
v -1.304932 -0.274856 2.454153
v -1.258384 -0.270639 2.407605
v -1.224904 -0.269827 2.351011
v -1.714571 -0.001598 2.385033
v -1.737248 0.004377 2.321440
v -1.748720 0.005275 2.255859
v -1.744527 0.006387 2.189504
v -1.557199 -0.001598 2.508327
v -1.490026 0.004377 2.515126
v -1.423606 0.005275 2.510569
v -1.360182 0.006387 2.490618
v -1.714694 -0.273734 2.385107
v -1.741301 -0.275660 2.322702
v -1.747259 -0.276442 2.255770
v -1.741928 -0.274856 2.189980
v -1.722344 -0.270639 2.127132
v -1.687791 -0.269827 2.071186
v -1.557241 -0.273734 2.508463
v -1.490282 -0.275660 2.519362
v -1.423869 -0.276442 2.509130
v -1.361266 -0.274856 2.488209
v -1.304932 -0.270639 2.454153
v -1.258880 -0.269827 2.407216
v -1.672662 -0.001598 2.438527
v -1.709899 0.004377 2.382208
v -1.736731 0.005275 2.321279
v -1.748540 0.006387 2.255848
v -1.619168 -0.001598 2.480437
v -1.555574 0.004377 2.503114
v -1.489993 0.005275 2.514585
v -1.423638 0.006387 2.510392
v -1.672763 -0.273734 2.438628
v -1.713531 -0.275660 2.384404
v -1.735334 -0.276442 2.320843
v -1.745903 -0.274856 2.255688
v -1.741928 -0.270639 2.189980
v -1.721768 -0.269827 2.127391
v -1.619242 -0.273734 2.480559
v -1.556837 -0.275660 2.507166
v -1.489905 -0.276442 2.513124
v -1.424114 -0.274856 2.507793
v -1.361266 -0.270639 2.488209
v -1.305321 -0.269827 2.453656
v -1.668801 0.004377 2.434666
v -1.709435 0.005275 2.381928
v -1.736559 0.006387 2.321225
v -1.616343 0.004377 2.475764
v -1.555413 0.005275 2.502597
v -1.489982 0.006387 2.514405
v -1.671802 -0.275660 2.437667
v -1.708183 -0.276442 2.381171
v -1.734037 -0.274856 2.320439
v -1.745903 -0.270639 2.255688
v -1.741307 -0.269827 2.190094
v -1.618539 -0.275660 2.479396
v -1.554978 -0.276442 2.501199
v -1.489823 -0.274856 2.511768
v -1.424114 -0.270639 2.507793
v -1.361526 -0.269827 2.487633
v -1.668418 0.005275 2.434283
v -1.709281 0.006387 2.381835
v -1.616063 0.005275 2.475300
v -1.555359 0.006387 2.502424
v -1.667383 -0.276442 2.433248
v -1.707020 -0.274856 2.380468
v -1.734037 -0.270639 2.320439
v -1.745273 -0.269827 2.255650
v -1.615306 -0.276442 2.474048
v -1.554573 -0.274856 2.499902
v -1.489823 -0.270639 2.511768
v -1.424228 -0.269827 2.507172
v -1.668290 0.006387 2.434155
v -1.615969 0.006387 2.475146
v -1.666422 -0.274856 2.432287
v -1.707020 -0.270639 2.380468
v -1.733434 -0.269827 2.320251
v -1.614603 -0.274856 2.472885
v -1.554573 -0.270639 2.499902
v -1.489785 -0.269827 2.511138
v -1.666422 -0.270639 2.432287
v -1.706480 -0.269827 2.380141
v -1.614603 -0.270639 2.472885
v -1.554386 -0.269827 2.499300
v -1.665976 -0.269827 2.431841
v -1.614276 -0.269827 2.472345
v -1.362097 0.597372 2.110456
v -1.365350 0.597372 2.098313
v -1.364255 0.597372 2.085790
v -1.358942 0.597372 2.074397
v -1.350053 0.597372 2.065508
v -1.338660 0.597372 2.060195
v -1.326136 0.597372 2.059099
v -1.313994 0.597372 2.062353
v -1.303716 0.597371 2.069547
v -1.296486 0.597372 2.079861
v -1.293232 0.597372 2.092004
v -1.294328 0.597372 2.104527
v -1.299641 0.597372 2.115920
v -1.308530 0.597372 2.124809
v -1.319923 0.597372 2.130122
v -1.332446 0.597372 2.131217
v -1.354902 0.597371 2.120735
v -1.344589 0.597372 2.127964
v -1.616462 0.595962 2.382329
v -1.621969 0.595767 2.379152
v -1.627992 0.595767 2.377538
v -1.634204 0.595767 2.378082
v -1.639855 0.595767 2.380717
v -1.644265 0.595767 2.385126
v -1.646900 0.595767 2.390777
v -1.647443 0.595767 2.396989
v -1.645829 0.595767 2.403012
v -1.642253 0.595767 2.408120
v -1.637145 0.595767 2.411697
v -1.631122 0.595767 2.413311
v -1.624910 0.595767 2.412767
v -1.619259 0.595767 2.410132
v -1.614850 0.595767 2.405723
v -1.612214 0.595767 2.400071
v -1.611671 0.595767 2.393859
v -1.612773 0.595962 2.387598
v -1.616462 0.602436 2.382329
v -1.621730 0.602436 2.378640
v -1.627943 0.602436 2.376975
v -1.634350 0.602436 2.377536
v -1.640180 0.602436 2.380254
v -1.644727 0.602436 2.384802
v -1.647446 0.602436 2.390631
v -1.648006 0.602436 2.397038
v -1.646341 0.602436 2.403251
v -1.642652 0.602436 2.408520
v -1.637384 0.602436 2.412209
v -1.631171 0.602436 2.413873
v -1.624764 0.602436 2.413313
v -1.618935 0.602436 2.410595
v -1.614387 0.602436 2.406047
v -1.611669 0.602436 2.400218
v -1.611108 0.602436 2.393810
v -1.612773 0.602436 2.387598
v -1.629557 0.603558 2.395424
v -1.617100 0.602748 2.382967
v -1.622112 0.602748 2.379458
v -1.628022 0.602748 2.377874
v -1.634117 0.602748 2.378407
v -1.639662 0.602748 2.380993
v -1.643988 0.602748 2.385319
v -1.646574 0.602748 2.390865
v -1.647107 0.602748 2.396960
v -1.645524 0.602748 2.402870
v -1.642014 0.602748 2.407881
v -1.637002 0.602748 2.411391
v -1.631093 0.602748 2.412975
v -1.624997 0.602748 2.412441
v -1.619452 0.602748 2.409856
v -1.615126 0.602748 2.405529
v -1.612540 0.602748 2.399984
v -1.612007 0.602748 2.393889
v -1.613590 0.602748 2.387979
v -1.617824 0.595767 2.383691
v -1.622545 0.595767 2.380386
v -1.628111 0.595767 2.378894
v -1.633852 0.595767 2.379397
v -1.639074 0.595767 2.381832
v -1.643149 0.595767 2.385907
v -1.645585 0.595767 2.391130
v -1.646087 0.595767 2.396871
v -1.644596 0.595767 2.402437
v -1.641290 0.595767 2.407157
v -1.636570 0.595767 2.410463
v -1.631003 0.595767 2.411954
v -1.625262 0.595767 2.411452
v -1.620040 0.595767 2.409017
v -1.615965 0.595767 2.404942
v -1.613529 0.595767 2.399719
v -1.613027 0.595767 2.393978
v -1.614519 0.595767 2.388412
v -1.617824 0.593384 2.383691
v -1.622545 0.593384 2.380386
v -1.628111 0.593384 2.378894
v -1.633852 0.593384 2.379397
v -1.639074 0.593384 2.381832
v -1.643149 0.593384 2.385907
v -1.645585 0.593384 2.391130
v -1.646087 0.593384 2.396871
v -1.644596 0.593384 2.402437
v -1.641290 0.593384 2.407157
v -1.636570 0.593384 2.410463
v -1.631003 0.593384 2.411954
v -1.625262 0.593384 2.411452
v -1.620040 0.593384 2.409017
v -1.615965 0.593384 2.404942
v -1.613529 0.593384 2.399719
v -1.613027 0.593384 2.393978
v -1.614519 0.593384 2.388412
v -1.616861 0.595767 2.382729
v -1.621730 0.595962 2.378640
v -1.627943 0.595962 2.376975
v -1.634350 0.595962 2.377536
v -1.640180 0.595962 2.380254
v -1.644727 0.595962 2.384802
v -1.647446 0.595962 2.390631
v -1.648006 0.595962 2.397038
v -1.646341 0.595962 2.403251
v -1.642652 0.595962 2.408520
v -1.637384 0.595962 2.412209
v -1.631171 0.595962 2.413873
v -1.624764 0.595962 2.413313
v -1.618935 0.595962 2.410595
v -1.614387 0.595962 2.406047
v -1.611669 0.595962 2.400218
v -1.611108 0.595962 2.393810
v -1.613285 0.595767 2.387836
v -1.622044 0.603558 2.387911
v -1.625067 0.603558 2.385795
v -1.628631 0.603558 2.384840
v -1.632307 0.603558 2.385161
v -1.635651 0.603558 2.386721
v -1.638260 0.603558 2.389330
v -1.639820 0.603558 2.392674
v -1.640142 0.603558 2.396350
v -1.639187 0.603558 2.399915
v -1.637070 0.603558 2.402937
v -1.634047 0.603558 2.405054
v -1.630483 0.603558 2.406009
v -1.626807 0.603558 2.405687
v -1.623463 0.603558 2.404128
v -1.620854 0.603558 2.401519
v -1.619294 0.603558 2.398174
v -1.618973 0.603558 2.394498
v -1.619928 0.603558 2.390934
v -1.308190 0.587654 2.074057
v -1.312645 0.587654 2.070938
v -1.317898 0.587654 2.069530
v -1.323315 0.587654 2.070004
v -1.328244 0.587654 2.072303
v -1.332090 0.587654 2.076148
v -1.334388 0.587654 2.081077
v -1.334862 0.587654 2.086494
v -1.333454 0.587654 2.091747
v -1.330335 0.587654 2.096202
v -1.325880 0.587654 2.099321
v -1.320627 0.587654 2.100729
v -1.315210 0.587654 2.100255
v -1.310281 0.587654 2.097957
v -1.306435 0.587654 2.094111
v -1.304137 0.587654 2.089182
v -1.303663 0.587654 2.083765
v -1.305071 0.587654 2.078512
v -1.308190 0.593292 2.074057
v -1.312645 0.593292 2.070938
v -1.317898 0.593292 2.069530
v -1.323315 0.593292 2.070004
v -1.328244 0.593292 2.072303
v -1.332090 0.593292 2.076148
v -1.334388 0.593292 2.081077
v -1.334862 0.593292 2.086494
v -1.333454 0.593292 2.091747
v -1.330335 0.593292 2.096202
v -1.325880 0.593292 2.099321
v -1.320627 0.593292 2.100729
v -1.315210 0.593292 2.100255
v -1.310281 0.593292 2.097957
v -1.306435 0.593292 2.094111
v -1.304137 0.593292 2.089182
v -1.303663 0.593292 2.083765
v -1.305071 0.593292 2.078512
v -1.319263 0.593557 2.085130
v -1.308729 0.593557 2.074597
v -1.312967 0.593557 2.071629
v -1.317964 0.593557 2.070290
v -1.323118 0.593557 2.070741
v -1.327806 0.593557 2.072927
v -1.331465 0.593557 2.076586
v -1.333651 0.593557 2.081274
v -1.334102 0.593557 2.086428
v -1.332763 0.593557 2.091425
v -1.329796 0.593557 2.095663
v -1.325558 0.593557 2.098630
v -1.320561 0.593557 2.099969
v -1.315407 0.593557 2.099518
v -1.310719 0.593557 2.097332
v -1.307060 0.593557 2.093674
v -1.304874 0.593557 2.088985
v -1.304423 0.593557 2.083831
v -1.305762 0.593557 2.078834
vn 0.5173 -0.0000 -0.8558
vn 0.7071 -0.0000 -0.7071
vn 0.5107 0.1603 -0.8447
vn 0.6980 0.1602 -0.6980
vn 0.6625 0.3495 -0.6625
vn 0.4847 0.3495 -0.8018
vn 0.2975 -0.0000 -0.9547
vn 0.5853 -0.5611 -0.5853
vn 0.4282 -0.5611 -0.7084
vn 0.2703 -0.8527 -0.4470
vn 0.3694 -0.8527 -0.3694
vn 0.8558 -0.0000 -0.5173
vn 0.5645 0.6022 -0.5645
vn 0.4130 0.6022 -0.6832
vn 0.2937 0.1602 -0.9424
vn 0.2787 0.3495 -0.8945
vn 0.8447 0.1602 -0.5107
vn 0.8018 0.3495 -0.4847
vn 0.0604 -0.0000 -0.9982
vn 0.2463 -0.5611 -0.7903
vn 0.1554 -0.8527 -0.4987
vn 0.2920 -0.8254 -0.4831
vn 0.3992 -0.8254 -0.3992
vn 0.7084 -0.5611 -0.4282
vn 0.4471 -0.8527 -0.2702
vn 0.9547 -0.0000 -0.2975
vn 0.6617 0.3528 -0.6617
vn 0.4841 0.3528 -0.8008
vn 0.2375 0.6022 -0.7622
vn 0.6832 0.6022 -0.4130
vn 0.0596 0.1603 -0.9853
vn 0.0566 0.3495 -0.9352
vn 0.9424 0.1603 -0.2937
vn 0.8945 0.3495 -0.2787
vn -0.1803 -0.0000 -0.9836
vn 0.0500 -0.5611 -0.8262
vn 0.0315 -0.8527 -0.5214
vn 0.1679 -0.8254 -0.5389
vn 0.4831 -0.8254 -0.2920
vn 0.4955 -0.2873 -0.8197
vn 0.6773 -0.2873 -0.6773
vn 0.7903 -0.5611 -0.2462
vn 0.4987 -0.8527 -0.1554
vn 0.9982 -0.0000 -0.0604
vn 0.2784 0.3528 -0.8933
vn 0.8008 0.3528 -0.4841
vn 0.6617 -0.3528 -0.6617
vn 0.4841 -0.3528 -0.8008
vn 0.0482 0.6022 -0.7969
vn 0.7622 0.6022 -0.2375
vn -0.1779 0.1603 -0.9709
vn -0.1689 0.3495 -0.9216
vn 0.9853 0.1603 -0.0596
vn 0.9352 0.3495 -0.0566
vn -0.4104 -0.0000 -0.9119
vn -0.1492 -0.5611 -0.8142
vn -0.0942 -0.8527 -0.5138
vn 0.0341 -0.8254 -0.5635
vn 0.2850 -0.2873 -0.9145
vn 0.5389 -0.8254 -0.1679
vn 0.8197 -0.2873 -0.4955
vn 0.4942 0.2960 -0.8174
vn 0.6754 0.2960 -0.6754
vn 0.8262 -0.5611 -0.0500
vn 0.5214 -0.8527 -0.0315
vn 0.9836 -0.0000 0.1803
vn 0.0565 0.3528 -0.9340
vn 0.2784 -0.3528 -0.8933
vn 0.8933 0.3528 -0.2784
vn 0.8008 -0.3528 -0.4841
vn -0.1439 0.6022 -0.7853
vn 0.7969 0.6022 -0.0482
vn -0.4051 0.1603 -0.9001
vn -0.3845 0.3495 -0.8544
vn 0.9709 0.1603 0.1779
vn 0.9216 0.3495 0.1689
vn -0.6167 -0.0000 -0.7872
vn -0.3397 -0.5611 -0.7548
vn -0.2144 -0.8527 -0.4764
vn -0.1018 -0.8254 -0.5553
vn 0.0578 -0.2873 -0.9561
vn 0.2842 0.2960 -0.9119
vn 0.5635 -0.8254 -0.0341
vn 0.9145 -0.2873 -0.2850
vn 0.8174 0.2960 -0.4942
vn 0.8142 -0.5611 0.1492
vn 0.5138 -0.8527 0.0942
vn 0.9119 -0.0000 0.4104
vn -0.1687 0.3528 -0.9204
vn 0.0565 -0.3528 -0.9340
vn 0.9340 0.3528 -0.0565
vn 0.8933 -0.3528 -0.2784
vn 0.4130 -0.6022 -0.6832
vn 0.5645 -0.6022 -0.5645
vn -0.3277 0.6022 -0.7280
vn 0.7853 0.6022 0.1439
vn -0.6087 0.1603 -0.7770
vn -0.5778 0.3495 -0.7375
vn 0.9001 0.1602 0.4051
vn 0.8544 0.3495 0.3845
vn -0.7872 -0.0000 -0.6167
vn -0.5105 -0.5611 -0.6516
vn -0.3222 -0.8527 -0.4112
vn -0.2317 -0.8254 -0.5148
vn -0.1727 -0.2873 -0.9421
vn 0.0577 0.2960 -0.9534
vn 0.5553 -0.8254 0.1018
vn 0.9561 -0.2873 -0.0578
vn 0.9119 0.2960 -0.2842
vn 0.2776 0.8439 -0.4592
vn 0.3794 0.8439 -0.3794
vn 0.7548 -0.5611 0.3397
vn 0.4764 -0.8527 0.2144
vn 0.7872 -0.0000 0.6167
vn -0.3840 0.3528 -0.8533
vn -0.1687 -0.3528 -0.9204
vn 0.2375 -0.6022 -0.7622
vn 0.9204 0.3528 0.1687
vn 0.9340 -0.3528 -0.0565
vn 0.6832 -0.6022 -0.4130
vn 0.6625 -0.3495 -0.6625
vn 0.4847 -0.3495 -0.8018
vn -0.4924 0.6022 -0.6285
vn 0.7280 0.6022 0.3277
vn -0.7770 0.1603 -0.6088
vn -0.7375 0.3495 -0.5778
vn 0.7770 0.1602 0.6087
vn 0.7375 0.3495 0.5778
vn -0.9119 -0.0000 -0.4104
vn -0.6516 -0.5611 -0.5105
vn -0.4112 -0.8527 -0.3222
vn -0.3481 -0.8254 -0.4444
vn -0.3931 -0.2873 -0.8734
vn -0.1722 0.2960 -0.9395
vn 0.1596 0.8439 -0.5123
vn 0.5148 -0.8254 0.2317
vn 0.9421 -0.2873 0.1727
vn 0.9534 0.2960 -0.0577
vn 0.4592 0.8439 -0.2776
vn 0.0878 0.9923 -0.0878
vn 0.0642 0.9923 -0.1063
vn 0.6516 -0.5611 0.5105
vn 0.4112 -0.8527 0.3222
vn 0.6167 -0.0000 0.7872
vn -0.5771 0.3528 -0.7366
vn -0.3840 -0.3528 -0.8533
vn 0.0482 -0.6022 -0.7969
vn 0.2787 -0.3495 -0.8945
vn 0.8533 0.3528 0.3840
vn 0.9204 -0.3528 0.1687
vn 0.7622 -0.6022 -0.2375
vn 0.8018 -0.3495 -0.4847
vn 0.6980 -0.1602 -0.6980
vn 0.5106 -0.1603 -0.8447
vn -0.6285 0.6022 -0.4924
vn 0.6285 0.6022 0.4924
vn -0.9001 0.1603 -0.4051
vn -0.8544 0.3495 -0.3845
vn 0.6088 0.1603 0.7770
vn 0.5778 0.3495 0.7375
vn -0.9836 -0.0000 -0.1803
vn -0.7548 -0.5611 -0.3397
vn -0.4764 -0.8527 -0.2144
vn -0.4444 -0.8254 -0.3481
vn -0.5907 -0.2873 -0.7540
vn -0.3920 0.2960 -0.8710
vn 0.0324 0.8439 -0.5356
vn 0.0369 0.9923 -0.1186
vn 0.4444 -0.8254 0.3481
vn 0.8734 -0.2873 0.3931
vn 0.9395 0.2960 0.1722
vn 0.5123 0.8439 -0.1596
vn 0.1063 0.9923 -0.0642
vn -0.3928 0.6508 0.6497
vn -0.5368 0.6508 0.5369
vn 0.5105 -0.5611 0.6516
vn 0.3222 -0.8527 0.4112
vn 0.4104 -0.0000 0.9119
vn -0.7366 0.3528 -0.5771
vn -0.5771 -0.3528 -0.7366
vn -0.1439 -0.6022 -0.7853
vn 0.0566 -0.3495 -0.9352
vn 0.2937 -0.1602 -0.9424
vn 0.7366 0.3528 0.5771
vn 0.8533 -0.3528 0.3840
vn 0.7969 -0.6022 -0.0482
vn 0.8945 -0.3495 -0.2787
vn 0.8447 -0.1602 -0.5106
vn -0.7280 0.6022 -0.3277
vn 0.4924 0.6022 0.6285
vn -0.9709 0.1602 -0.1779
vn -0.9216 0.3495 -0.1689
vn 0.4051 0.1603 0.9001
vn 0.3845 0.3495 0.8544
vn -0.9982 -0.0000 0.0604
vn -0.8142 -0.5611 -0.1492
vn -0.5138 -0.8527 -0.0942
vn -0.5148 -0.8254 -0.2317
vn -0.7540 -0.2873 -0.5907
vn -0.5891 0.2960 -0.7519
vn -0.0967 0.8439 -0.5278
vn 0.0075 0.9923 -0.1240
vn -0.2259 0.6508 0.7248
vn 0.3481 -0.8254 0.4444
vn 0.7540 -0.2873 0.5907
vn 0.8710 0.2960 0.3920
vn 0.5356 0.8439 -0.0324
vn 0.1186 0.9923 -0.0369
vn -0.6497 0.6508 0.3928
vn -0.5173 -0.0000 0.8558
vn -0.7071 -0.0000 0.7071
vn 0.3397 -0.5611 0.7548
vn 0.2144 -0.8527 0.4764
vn 0.1803 -0.0000 0.9836
vn -0.8533 0.3528 -0.3840
vn -0.7366 -0.3528 -0.5771
vn -0.3277 -0.6022 -0.7280
vn -0.1689 -0.3495 -0.9216
vn 0.0596 -0.1603 -0.9853
vn 0.5771 0.3528 0.7366
vn 0.7366 -0.3528 0.5771
vn 0.7853 -0.6022 0.1439
vn 0.9352 -0.3495 -0.0566
vn 0.9424 -0.1603 -0.2937
vn -0.7853 0.6022 -0.1439
vn 0.3277 0.6022 0.7280
vn -0.9853 0.1602 0.0596
vn -0.9352 0.3495 0.0566
vn 0.1779 0.1603 0.9709
vn 0.1689 0.3495 0.9216
vn -0.9547 -0.0000 0.2975
vn -0.8262 -0.5611 0.0500
vn -0.5214 -0.8527 0.0315
vn -0.5553 -0.8254 -0.1018
vn -0.8734 -0.2873 -0.3931
vn -0.7519 0.2960 -0.5891
vn -0.2202 0.8439 -0.4893
vn -0.0224 0.9923 -0.1221
vn -0.0458 0.6508 0.7578
vn -0.2975 -0.0000 0.9547
vn 0.2317 -0.8254 0.5148
vn 0.5907 -0.2873 0.7540
vn 0.7519 0.2960 0.5891
vn 0.5278 0.8439 0.0967
vn 0.1240 0.9923 -0.0075
vn -0.7248 0.6508 0.2259
vn -0.8558 -0.0000 0.5173
vn -0.4083 0.6140 0.6755
vn -0.5581 0.6140 0.5582
vn 0.1492 -0.5611 0.8142
vn 0.0942 -0.8527 0.5138
vn -0.0604 -0.0000 0.9982
vn -0.9204 0.3528 -0.1687
vn -0.8533 -0.3528 -0.3840
vn -0.4924 -0.6022 -0.6285
vn -0.3845 -0.3495 -0.8544
vn -0.1779 -0.1603 -0.9709
vn 0.3840 0.3528 0.8533
vn 0.5771 -0.3528 0.7366
vn 0.7280 -0.6022 0.3277
vn 0.9216 -0.3495 0.1689
vn 0.9853 -0.1603 -0.0596
vn -0.7969 0.6022 0.0482
vn 0.1439 0.6022 0.7853
vn -0.9424 0.1602 0.2937
vn -0.8945 0.3495 0.2787
vn -0.0596 0.1602 0.9853
vn -0.0566 0.3495 0.9352
vn -0.7903 -0.5611 0.2463
vn -0.4987 -0.8527 0.1554
vn -0.5635 -0.8254 0.0341
vn -0.9421 -0.2873 -0.1727
vn -0.8710 0.2960 -0.3920
vn -0.3309 0.8439 -0.4224
vn -0.0510 0.9923 -0.1132
vn 0.1368 0.6508 0.7468
vn -0.2348 0.6140 0.7536
vn 0.1018 -0.8254 0.5553
vn 0.3931 -0.2873 0.8734
vn 0.5891 0.2960 0.7519
vn 0.4893 0.8439 0.2202
vn 0.1221 0.9923 0.0224
vn -0.7578 0.6508 0.0458
vn -0.6755 0.6140 0.4084
vn -0.0000 1.0000 -0.0000
vn -0.0500 -0.5611 0.8262
vn -0.0315 -0.8527 0.5214
vn -0.9340 0.3528 0.0565
vn -0.9204 -0.3528 -0.1687
vn -0.6285 -0.6022 -0.4924
vn -0.5778 -0.3495 -0.7375
vn -0.4051 -0.1603 -0.9001
vn 0.1687 0.3528 0.9204
vn 0.3840 -0.3528 0.8533
vn 0.6284 -0.6022 0.4924
vn 0.8544 -0.3495 0.3845
vn 0.9709 -0.1603 0.1779
vn -0.7622 0.6022 0.2375
vn -0.0482 0.6022 0.7969
vn -0.8447 0.1602 0.5107
vn -0.8018 0.3495 0.4847
vn -0.2937 0.1603 0.9424
vn -0.2787 0.3495 0.8945
vn -0.7084 -0.5611 0.4282
vn -0.4470 -0.8527 0.2702
vn -0.5389 -0.8254 0.1679
vn -0.9561 -0.2873 0.0578
vn -0.9395 0.2960 -0.1722
vn -0.4224 0.8439 -0.3309
vn -0.0766 0.9923 -0.0978
vn 0.3116 0.6508 0.6923
vn -0.0477 0.6140 0.7879
vn -0.0341 -0.8254 0.5635
vn 0.1727 -0.2873 0.9421
vn 0.3920 0.2960 0.8710
vn 0.4224 0.8439 0.3309
vn 0.1132 0.9923 0.0510
vn -0.7468 0.6508 -0.1369
vn -0.7536 0.6139 0.2348
vn -0.2463 -0.5611 0.7903
vn -0.1554 -0.8527 0.4987
vn -0.8933 0.3528 0.2784
vn -0.9340 -0.3528 0.0565
vn -0.7280 -0.6022 -0.3277
vn -0.7375 -0.3495 -0.5778
vn -0.6087 -0.1603 -0.7770
vn -0.0565 0.3528 0.9340
vn 0.1687 -0.3528 0.9204
vn 0.4924 -0.6022 0.6285
vn 0.7375 -0.3495 0.5778
vn 0.9001 -0.1602 0.4051
vn -0.6832 0.6022 0.4130
vn -0.2375 0.6022 0.7622
vn -0.6980 0.1603 0.6980
vn -0.6625 0.3495 0.6625
vn -0.5107 0.1603 0.8447
vn -0.4847 0.3495 0.8018
vn -0.5853 -0.5611 0.5853
vn -0.3694 -0.8527 0.3694
vn -0.4831 -0.8254 0.2920
vn -0.9145 -0.2873 0.2850
vn -0.9534 0.2960 0.0577
vn -0.4893 0.8439 -0.2202
vn -0.0978 0.9923 -0.0766
vn 0.4682 0.6508 0.5976
vn 0.1423 0.6140 0.7764
vn -0.1679 -0.8254 0.5389
vn -0.0578 -0.2873 0.9561
vn 0.1722 0.2960 0.9395
vn 0.3309 0.8439 0.4224
vn 0.0977 0.9923 0.0766
vn -0.6923 0.6508 -0.3116
vn -0.7879 0.6139 0.0477
vn -0.4282 -0.5611 0.7084
vn -0.2702 -0.8527 0.4470
vn -0.8008 0.3528 0.4841
vn -0.8933 -0.3528 0.2784
vn -0.7853 -0.6022 -0.1439
vn -0.8544 -0.3495 -0.3845
vn -0.7770 -0.1603 -0.6087
vn -0.2784 0.3528 0.8933
vn -0.0565 -0.3528 0.9340
vn 0.3277 -0.6022 0.7280
vn 0.5778 -0.3495 0.7375
vn 0.7770 -0.1603 0.6088
vn -0.5645 0.6022 0.5645
vn -0.4130 0.6022 0.6832
vn -0.3992 -0.8254 0.3992
vn -0.8197 -0.2873 0.4955
vn -0.9119 0.2960 0.2842
vn -0.5278 0.8439 -0.0967
vn -0.1132 0.9923 -0.0510
vn 0.5976 0.6508 0.4682
vn 0.3240 0.6139 0.7198
vn 0.3239 0.6139 0.7198
vn -0.2920 -0.8254 0.4831
vn -0.2850 -0.2873 0.9145
vn -0.0577 0.2960 0.9534
vn 0.2202 0.8439 0.4893
vn 0.0766 0.9923 0.0978
vn -0.5977 0.6508 -0.4682
vn -0.7764 0.6140 -0.1423
vn -0.6617 0.3528 0.6617
vn -0.8008 -0.3528 0.4841
vn -0.7969 -0.6022 0.0482
vn -0.9216 -0.3495 -0.1689
vn -0.9001 -0.1603 -0.4051
vn -0.4841 0.3528 0.8008
vn -0.2784 -0.3528 0.8933
vn 0.1439 -0.6022 0.7853
vn 0.3845 -0.3495 0.8544
vn 0.6087 -0.1603 0.7770
vn -0.6773 -0.2873 0.6773
vn -0.8174 0.2960 0.4942
vn -0.5356 0.8439 0.0324
vn -0.1221 0.9923 -0.0224
vn 0.6923 0.6508 0.3116
vn 0.4868 0.6140 0.6214
vn -0.4955 -0.2873 0.8197
vn -0.2842 0.2960 0.9119
vn 0.0967 0.8439 0.5278
vn 0.0510 0.9923 0.1132
vn -0.4682 0.6508 -0.5976
vn -0.7198 0.6140 -0.3239
vn -0.6617 -0.3528 0.6617
vn -0.7622 -0.6022 0.2375
vn -0.9352 -0.3495 0.0566
vn -0.9709 -0.1602 -0.1779
vn -0.4841 -0.3528 0.8008
vn -0.0482 -0.6022 0.7969
vn 0.1689 -0.3495 0.9216
vn 0.4051 -0.1603 0.9001
vn -0.6754 0.2960 0.6754
vn -0.5123 0.8439 0.1596
vn -0.1240 0.9923 0.0075
vn 0.7468 0.6508 0.1369
vn 0.6214 0.6140 0.4868
vn -0.4941 0.2960 0.8174
vn -0.0324 0.8439 0.5356
vn 0.0224 0.9923 0.1221
vn -0.3116 0.6508 -0.6923
vn -0.6214 0.6140 -0.4868
vn -0.6832 -0.6022 0.4130
vn -0.8945 -0.3495 0.2787
vn -0.9853 -0.1602 0.0596
vn -0.2375 -0.6022 0.7622
vn -0.0566 -0.3495 0.9352
vn 0.1779 -0.1603 0.9709
vn -0.4592 0.8439 0.2776
vn -0.1186 0.9923 0.0369
vn 0.7578 0.6508 -0.0458
vn 0.7198 0.6139 0.3240
vn -0.1596 0.8439 0.5123
vn -0.0075 0.9923 0.1240
vn -0.1368 0.6508 -0.7468
vn -0.4868 0.6140 -0.6214
vn -0.5645 -0.6022 0.5645
vn -0.8018 -0.3495 0.4847
vn -0.9424 -0.1602 0.2937
vn -0.4130 -0.6022 0.6832
vn -0.2787 -0.3495 0.8945
vn -0.0596 -0.1602 0.9853
vn -0.3794 0.8439 0.3794
vn -0.1063 0.9923 0.0642
vn 0.7248 0.6508 -0.2259
vn 0.7764 0.6140 0.1423
vn -0.2776 0.8439 0.4592
vn -0.0369 0.9923 0.1186
vn 0.0458 0.6508 -0.7578
vn -0.3239 0.6140 -0.7198
vn -0.6625 -0.3495 0.6625
vn -0.8447 -0.1602 0.5107
vn -0.4847 -0.3495 0.8018
vn -0.2937 -0.1603 0.9424
vn -0.0878 0.9923 0.0878
vn 0.6497 0.6508 -0.3928
vn 0.7879 0.6140 -0.0477
vn -0.0642 0.9923 0.1063
vn 0.2259 0.6508 -0.7248
vn -0.1423 0.6139 -0.7764
vn -0.6980 -0.1603 0.6980
vn -0.5106 -0.1603 0.8447
vn 0.5369 0.6508 -0.5369
vn 0.7536 0.6140 -0.2348
vn 0.3928 0.6508 -0.6497
vn 0.0477 0.6140 -0.7879
vn 0.6755 0.6140 -0.4084
vn 0.2348 0.6140 -0.7536
vn 0.5581 0.6140 -0.5581
vn 0.4084 0.6140 -0.6755
vn -0.1026 0.9936 0.0478
vn -0.0802 0.9936 0.0796
vn -0.1128 0.9936 0.0099
vn -0.1093 0.9936 -0.0293
vn -0.0927 0.9936 -0.0649
vn -0.0649 0.9936 -0.0927
vn -0.0293 0.9936 -0.1093
vn 0.0099 0.9936 -0.1127
vn 0.0478 0.9936 -0.1026
vn 0.0795 0.9936 -0.0802
vn 0.1026 0.9936 -0.0483
vn 0.1128 0.9936 -0.0099
vn 0.1093 0.9936 0.0293
vn 0.0927 0.9936 0.0649
vn 0.0649 0.9936 0.0927
vn 0.0293 0.9936 0.1093
vn -0.0099 0.9936 0.1128
vn -0.0483 0.9936 0.1026
vn -0.9063 -0.0000 0.4226
vn -0.7098 -0.0000 0.7044
vn -0.4261 -0.0000 0.9047
vn -0.0872 -0.0000 0.9962
vn 0.2588 -0.0000 0.9659
vn 0.5736 -0.0000 0.8192
vn 0.8192 -0.0000 0.5736
vn 0.9659 -0.0000 0.2588
vn 0.9962 -0.0000 -0.0872
vn 0.9046 -0.0000 -0.4263
vn 0.7043 -0.0000 -0.7099
vn 0.4226 -0.0000 -0.9063
vn 0.0872 -0.0000 -0.9962
vn -0.2588 -0.0000 -0.9659
vn -0.5736 -0.0000 -0.8192
vn -0.8192 -0.0000 -0.5736
vn -0.9659 -0.0000 -0.2588
vn -0.9962 -0.0000 0.0872
vn -0.8701 -0.2800 0.4057
vn -0.6814 -0.2800 0.6762
vn -0.6814 0.2800 0.6762
vn -0.8701 0.2800 0.4057
vn -0.4090 -0.2799 0.8685
vn -0.4090 0.2799 0.8685
vn -0.0837 -0.2799 0.9564
vn -0.0837 0.2799 0.9564
vn 0.2485 -0.2799 0.9273
vn 0.2485 0.2799 0.9273
vn 0.5506 -0.2800 0.7864
vn 0.5507 0.2799 0.7864
vn 0.7864 -0.2799 0.5506
vn 0.7864 0.2799 0.5506
vn 0.9273 -0.2799 0.2485
vn 0.9273 0.2799 0.2485
vn 0.9564 -0.2799 -0.0837
vn 0.9564 0.2799 -0.0837
vn 0.8685 -0.2799 -0.4092
vn 0.8685 0.2799 -0.4092
vn 0.6761 -0.2800 -0.6815
vn 0.6761 0.2800 -0.6815
vn 0.4057 -0.2800 -0.8701
vn 0.4057 0.2800 -0.8701
vn 0.0837 -0.2800 -0.9564
vn 0.0837 0.2799 -0.9564
vn -0.2485 -0.2800 -0.9273
vn -0.2485 0.2799 -0.9273
vn -0.5506 -0.2799 -0.7864
vn -0.5506 0.2799 -0.7864
vn -0.7864 -0.2799 -0.5507
vn -0.7864 0.2799 -0.5507
vn -0.9273 -0.2799 -0.2485
vn -0.9273 0.2799 -0.2485
vn -0.9564 -0.2799 0.0837
vn -0.9564 0.2799 0.0837
vn -0.1838 -0.9792 0.0857
vn -0.1440 -0.9792 0.1429
vn -0.4172 -0.8091 0.4140
vn -0.5330 -0.8088 0.2485
vn -0.0864 -0.9792 0.1834
vn -0.2508 -0.8084 0.5325
vn -0.0177 -0.9792 0.2021
vn -0.0513 -0.8087 0.5859
vn 0.0525 -0.9792 0.1959
vn 0.1522 -0.8088 0.5681
vn 0.1163 -0.9792 0.1661
vn 0.3373 -0.8088 0.4818
vn 0.1661 -0.9792 0.1163
vn 0.4818 -0.8088 0.3373
vn 0.1959 -0.9792 0.0525
vn 0.5681 -0.8088 0.1522
vn 0.2021 -0.9792 -0.0177
vn 0.5859 -0.8087 -0.0513
vn 0.1834 -0.9792 -0.0864
vn 0.5324 -0.8084 -0.2509
vn 0.1429 -0.9792 -0.1441
vn 0.4139 -0.8091 -0.4172
vn 0.0857 -0.9792 -0.1838
vn 0.2485 -0.8088 -0.5330
vn 0.0177 -0.9792 -0.2021
vn 0.0513 -0.8088 -0.5859
vn -0.0525 -0.9792 -0.1959
vn -0.1522 -0.8088 -0.5681
vn -0.1164 -0.9792 -0.1661
vn -0.3374 -0.8088 -0.4818
vn -0.1661 -0.9792 -0.1163
vn -0.4818 -0.8088 -0.3373
vn -0.1959 -0.9792 -0.0525
vn -0.5681 -0.8088 -0.1522
vn -0.2020 -0.9792 0.0177
vn -0.5859 -0.8088 0.0513
vn -0.5331 0.8088 0.2485
vn -0.4172 0.8090 0.4140
vn -0.5859 0.8087 0.0513
vn -0.5681 0.8087 -0.1522
vn -0.4818 0.8087 -0.3374
vn -0.3374 0.8087 -0.4818
vn -0.1522 0.8087 -0.5681
vn 0.0513 0.8087 -0.5859
vn 0.2485 0.8088 -0.5330
vn 0.4139 0.8091 -0.4172
vn 0.5325 0.8084 -0.2509
vn 0.5860 0.8087 -0.0513
vn 0.5681 0.8087 0.1522
vn 0.4818 0.8087 0.3374
vn 0.3374 0.8087 0.4818
vn 0.1522 0.8087 0.5681
vn -0.0513 0.8087 0.5860
vn -0.2508 0.8084 0.5325
vn 0.5210 0.6745 -0.5231
vn 0.6678 0.6762 -0.3112
vn 0.5152 0.8228 -0.2400
vn 0.4074 0.8211 -0.3997
vn 0.7344 0.6757 -0.0642
vn 0.5669 0.8223 -0.0496
vn 0.7121 0.6757 0.1908
vn 0.5496 0.8223 0.1473
vn 0.6039 0.6757 0.4228
vn 0.4661 0.8223 0.3264
vn 0.4228 0.6757 0.6039
vn 0.3264 0.8223 0.4661
vn 0.1908 0.6757 0.7121
vn 0.1473 0.8223 0.5497
vn -0.0643 0.6757 0.7344
vn -0.0496 0.8223 0.5669
vn -0.3112 0.6762 0.6678
vn -0.2400 0.8228 0.5152
vn -0.5232 0.6743 0.5211
vn -0.3997 0.8210 0.4077
vn -0.6693 0.6740 0.3127
vn -0.5178 0.8204 0.2423
vn -0.7344 0.6757 0.0642
vn -0.5669 0.8223 0.0496
vn -0.7121 0.6757 -0.1908
vn -0.5496 0.8223 -0.1473
vn -0.6039 0.6757 -0.4228
vn -0.4661 0.8223 -0.3264
vn -0.4228 0.6757 -0.6039
vn -0.3264 0.8223 -0.4661
vn -0.1908 0.6757 -0.7121
vn -0.1473 0.8223 -0.5497
vn 0.0642 0.6757 -0.7344
vn 0.0496 0.8223 -0.5669
vn 0.3127 0.6741 -0.6692
vn 0.2422 0.8206 -0.5177
vn 0.9063 -0.0000 -0.4226
vn 0.6713 0.3140 -0.6713
vn 0.8605 0.3140 -0.4012
vn 0.9458 0.3140 -0.0827
vn 0.9171 0.3140 0.2457
vn 0.7777 0.3140 0.5446
vn 0.5446 0.3140 0.7777
vn 0.2457 0.3140 0.9171
vn -0.0827 0.3140 0.9458
vn -0.4226 -0.0000 0.9063
vn -0.4012 0.3140 0.8605
vn -0.6713 0.3140 0.6713
vn -0.8605 0.3140 0.4012
vn -0.9458 0.3140 0.0827
vn -0.9171 0.3140 -0.2457
vn -0.7777 0.3140 -0.5446
vn -0.5446 0.3140 -0.7777
vn -0.2457 0.3140 -0.9171
vn 0.0827 0.3140 -0.9458
vn 0.4012 0.3140 -0.8605
vn 0.5581 0.6140 -0.5582
vn 0.7154 0.6140 -0.3336
vn 0.7863 0.6140 -0.0688
vn 0.7624 0.6140 0.2043
vn 0.6466 0.6140 0.4528
vn 0.4527 0.6140 0.6466
vn 0.2043 0.6140 0.7624
vn -0.0688 0.6140 0.7863
vn -0.3336 0.6140 0.7154
vn -0.5582 0.6140 0.5581
vn -0.7154 0.6139 0.3336
vn -0.7863 0.6140 0.0688
vn -0.7624 0.6140 -0.2043
vn -0.6466 0.6140 -0.4527
vn -0.4527 0.6140 -0.6466
vn -0.2043 0.6140 -0.7624
vn 0.0688 0.6140 -0.7863
vn 0.3336 0.6140 -0.7154
vn 0.5107 -0.1602 -0.8447
vn 0.2703 0.8527 -0.4471
vn 0.4282 0.5611 -0.7084
vn 0.5853 0.5611 -0.5853
vn 0.3694 0.8527 -0.3694
vn 0.8447 -0.1602 -0.5107
vn 0.1554 0.8527 -0.4987
vn 0.2463 0.5611 -0.7903
vn 0.3992 0.8254 -0.3992
vn 0.2920 0.8254 -0.4831
vn 0.7084 0.5611 -0.4282
vn 0.4471 0.8527 -0.2703
vn 0.6616 -0.3528 -0.6617
vn 0.0596 -0.1602 -0.9853
vn 0.0315 0.8527 -0.5215
vn 0.0500 0.5611 -0.8263
vn 0.1679 0.8254 -0.5389
vn 0.4831 0.8254 -0.2920
vn 0.4955 0.2873 -0.8197
vn 0.6773 0.2873 -0.6773
vn 0.7903 0.5611 -0.2463
vn 0.4987 0.8527 -0.1554
vn 0.6616 0.3528 -0.6617
vn -0.1779 -0.1602 -0.9709
vn -0.0942 0.8527 -0.5138
vn -0.1492 0.5611 -0.8142
vn 0.0341 0.8254 -0.5635
vn 0.2850 0.2873 -0.9145
vn 0.5389 0.8254 -0.1679
vn 0.8197 0.2873 -0.4955
vn 0.6754 -0.2960 -0.6754
vn 0.4942 -0.2960 -0.8174
vn 0.8262 0.5611 -0.0500
vn 0.5214 0.8527 -0.0315
vn -0.2144 0.8527 -0.4764
vn -0.3397 0.5611 -0.7548
vn -0.1018 0.8254 -0.5553
vn 0.0578 0.2873 -0.9561
vn 0.2842 -0.2960 -0.9119
vn 0.5635 0.8254 -0.0341
vn 0.9145 0.2873 -0.2850
vn 0.8174 -0.2960 -0.4942
vn 0.8142 0.5611 0.1492
vn 0.5138 0.8527 0.0942
vn -0.3222 0.8527 -0.4112
vn -0.5105 0.5611 -0.6516
vn -0.2317 0.8254 -0.5148
vn -0.1727 0.2873 -0.9421
vn 0.0577 -0.2960 -0.9534
vn 0.5553 0.8254 0.1018
vn 0.9561 0.2873 -0.0578
vn 0.9119 -0.2960 -0.2842
vn 0.3794 -0.8439 -0.3794
vn 0.2776 -0.8439 -0.4592
vn 0.7548 0.5611 0.3397
vn 0.4764 0.8527 0.2144
vn 0.7770 -0.1602 0.6087
vn -0.4112 0.8527 -0.3222
vn -0.6516 0.5611 -0.5105
vn -0.3481 0.8254 -0.4444
vn -0.3931 0.2873 -0.8734
vn -0.1722 -0.2960 -0.9395
vn 0.1596 -0.8439 -0.5122
vn 0.5148 0.8254 0.2317
vn 0.9421 0.2873 0.1727
vn 0.9534 -0.2960 -0.0577
vn 0.4592 -0.8439 -0.2776
vn 0.0878 -0.9923 -0.0878
vn 0.0642 -0.9923 -0.1063
vn 0.6516 0.5611 0.5105
vn 0.4112 0.8527 0.3222
vn 0.5106 0.1602 -0.8447
vn -0.4764 0.8527 -0.2144
vn -0.7548 0.5611 -0.3397
vn -0.4444 0.8254 -0.3481
vn -0.5907 0.2873 -0.7540
vn -0.3920 -0.2960 -0.8710
vn 0.0324 -0.8439 -0.5356
vn 0.0369 -0.9923 -0.1185
vn 0.4444 0.8254 0.3481
vn 0.8734 0.2873 0.3931
vn 0.9395 -0.2960 0.1722
vn 0.5122 -0.8439 -0.1596
vn 0.1063 -0.9923 -0.0642
vn -0.5369 -0.6508 0.5369
vn -0.3928 -0.6508 0.6497
vn 0.5105 0.5611 0.6516
vn 0.3222 0.8527 0.4112
vn -0.9709 -0.1603 -0.1779
vn -0.5138 0.8527 -0.0942
vn -0.8142 0.5611 -0.1492
vn -0.5148 0.8254 -0.2317
vn -0.7540 0.2873 -0.5907
vn -0.5891 -0.2960 -0.7519
vn -0.0967 -0.8439 -0.5278
vn 0.0075 -0.9923 -0.1239
vn -0.2259 -0.6508 0.7249
vn 0.3481 0.8254 0.4444
vn 0.7540 0.2873 0.5907
vn 0.8710 -0.2960 0.3920
vn 0.5356 -0.8439 -0.0324
vn 0.1185 -0.9923 -0.0369
vn -0.6497 -0.6508 0.3928
vn -0.6706 -0.3172 0.6706
vn -0.4906 -0.3172 0.8116
vn 0.3397 0.5611 0.7548
vn 0.2144 0.8527 0.4764
vn 0.0596 0.1602 -0.9853
vn 0.1689 -0.3496 0.9216
vn -0.5214 0.8527 0.0315
vn -0.8262 0.5611 0.0500
vn -0.5553 0.8254 -0.1018
vn -0.8734 0.2873 -0.3931
vn -0.7519 -0.2960 -0.5891
vn -0.2202 -0.8439 -0.4893
vn -0.0224 -0.9923 -0.1221
vn -0.0458 -0.6508 0.7578
vn -0.2821 -0.3171 0.9054
vn 0.2317 0.8254 0.5148
vn 0.5907 0.2873 0.7540
vn 0.7519 -0.2960 0.5891
vn 0.5278 -0.8439 0.0967
vn 0.1239 -0.9923 -0.0075
vn -0.7248 -0.6508 0.2259
vn -0.8116 -0.3171 0.4906
vn -0.5581 -0.6140 0.5581
vn -0.4084 -0.6140 0.6755
vn 0.1492 0.5611 0.8142
vn 0.0942 0.8527 0.5138
vn -0.1779 0.1602 -0.9709
vn -0.0566 -0.3496 0.9352
vn -0.0596 -0.1603 0.9853
vn -0.4987 0.8527 0.1554
vn -0.7903 0.5611 0.2463
vn -0.5635 0.8254 0.0341
vn -0.9421 0.2873 -0.1727
vn -0.8710 -0.2960 -0.3920
vn -0.3309 -0.8439 -0.4224
vn -0.0510 -0.9923 -0.1132
vn 0.1369 -0.6508 0.7468
vn -0.0573 -0.3171 0.9466
vn -0.2348 -0.6140 0.7536
vn 0.1018 0.8254 0.5553
vn 0.3931 0.2873 0.8734
vn 0.5891 -0.2960 0.7519
vn 0.4893 -0.8439 0.2202
vn 0.1221 -0.9923 0.0224
vn -0.7578 -0.6508 0.0458
vn -0.9054 -0.3171 0.2821
vn -0.6755 -0.6140 0.4084
vn -0.0500 0.5611 0.8262
vn -0.0315 0.8527 0.5214
vn -0.4471 0.8527 0.2703
vn -0.7084 0.5611 0.4282
vn -0.5390 0.8254 0.1679
vn -0.9561 0.2873 0.0578
vn -0.9395 -0.2960 -0.1722
vn -0.4224 -0.8439 -0.3309
vn -0.0766 -0.9923 -0.0977
vn 0.3116 -0.6508 0.6923
vn 0.1709 -0.3172 0.9328
vn -0.0477 -0.6140 0.7879
vn -0.0341 0.8254 0.5635
vn 0.1727 0.2873 0.9421
vn 0.3920 -0.2960 0.8710
vn 0.4224 -0.8439 0.3309
vn 0.1132 -0.9923 0.0510
vn -0.7468 -0.6508 -0.1369
vn -0.9466 -0.3171 0.0573
vn -0.7536 -0.6140 0.2348
vn -0.2463 0.5611 0.7903
vn -0.1554 0.8527 0.4987
vn -0.5107 -0.1603 0.8447
vn -0.3694 0.8527 0.3694
vn -0.5853 0.5611 0.5853
vn -0.4831 0.8254 0.2920
vn -0.9145 0.2873 0.2850
vn -0.9534 -0.2960 0.0577
vn -0.4893 -0.8439 -0.2202
vn -0.0977 -0.9923 -0.0766
vn 0.4682 -0.6508 0.5976
vn 0.3892 -0.3171 0.8648
vn 0.1423 -0.6140 0.7764
vn -0.1679 0.8254 0.5390
vn -0.0578 0.2873 0.9561
vn 0.1722 -0.2960 0.9395
vn 0.3309 -0.8439 0.4224
vn 0.0977 -0.9923 0.0766
vn -0.6923 -0.6508 -0.3116
vn -0.9328 -0.3172 -0.1709
vn -0.7879 -0.6140 0.0477
vn -0.4282 0.5611 0.7084
vn -0.2703 0.8527 0.4471
vn -0.7770 0.1603 -0.6087
vn -0.3992 0.8254 0.3992
vn -0.8197 0.2873 0.4955
vn -0.9119 -0.2960 0.2842
vn -0.5278 -0.8439 -0.0967
vn -0.1132 -0.9923 -0.0510
vn 0.5976 -0.6508 0.4682
vn 0.5849 -0.3172 0.7465
vn 0.3240 -0.6140 0.7198
vn -0.2920 0.8254 0.4831
vn -0.2850 0.2873 0.9145
vn -0.0577 -0.2960 0.9534
vn 0.2202 -0.8439 0.4893
vn 0.0766 -0.9923 0.0977
vn -0.5977 -0.6508 -0.4682
vn -0.8648 -0.3172 -0.3892
vn -0.7764 -0.6140 -0.1423
vn -0.6616 -0.3528 0.6617
vn -0.6773 0.2873 0.6773
vn -0.8174 -0.2960 0.4942
vn -0.5356 -0.8439 0.0324
vn -0.1221 -0.9923 -0.0224
vn 0.6923 -0.6508 0.3116
vn 0.7465 -0.3172 0.5849
vn 0.4868 -0.6140 0.6213
vn -0.4955 0.2873 0.8197
vn -0.2842 -0.2960 0.9119
vn 0.0967 -0.8439 0.5278
vn 0.0510 -0.9923 0.1132
vn -0.4682 -0.6508 -0.5976
vn -0.7465 -0.3172 -0.5849
vn -0.7198 -0.6140 -0.3240
vn -0.6616 0.3528 0.6617
vn -0.9709 0.1603 -0.1779
vn -0.6754 -0.2960 0.6754
vn -0.5123 -0.8439 0.1596
vn -0.1239 -0.9923 0.0075
vn 0.7468 -0.6508 0.1369
vn 0.8648 -0.3171 0.3892
vn 0.6213 -0.6140 0.4868
vn -0.4942 -0.2960 0.8174
vn -0.0324 -0.8439 0.5356
vn 0.0224 -0.9923 0.1221
vn -0.3116 -0.6508 -0.6923
vn -0.5849 -0.3172 -0.7465
vn -0.6214 -0.6140 -0.4868
vn -0.4592 -0.8439 0.2776
vn -0.1185 -0.9923 0.0369
vn 0.7578 -0.6508 -0.0458
vn 0.9328 -0.3172 0.1709
vn 0.7198 -0.6140 0.3240
vn -0.1596 -0.8439 0.5123
vn -0.0075 -0.9923 0.1239
vn -0.1369 -0.6508 -0.7468
vn -0.3892 -0.3171 -0.8648
vn -0.4868 -0.6140 -0.6214
vn -0.0596 0.1603 0.9853
vn -0.3794 -0.8439 0.3794
vn -0.1063 -0.9923 0.0642
vn 0.7248 -0.6508 -0.2259
vn 0.9466 -0.3172 -0.0573
vn 0.7764 -0.6140 0.1423
vn -0.2776 -0.8439 0.4592
vn -0.0369 -0.9923 0.1185
vn 0.0458 -0.6508 -0.7578
vn -0.1710 -0.3171 -0.9328
vn -0.3240 -0.6140 -0.7198
vn -0.0878 -0.9923 0.0878
vn 0.6497 -0.6508 -0.3928
vn 0.9054 -0.3172 -0.2821
vn 0.7879 -0.6140 -0.0477
vn -0.0642 -0.9923 0.1063
vn 0.2259 -0.6508 -0.7249
vn 0.0573 -0.3171 -0.9466
vn -0.1423 -0.6140 -0.7764
vn -0.5106 0.1603 0.8447
vn 0.5369 -0.6508 -0.5369
vn 0.8116 -0.3172 -0.4906
vn 0.7536 -0.6140 -0.2348
vn 0.3928 -0.6508 -0.6497
vn 0.2821 -0.3171 -0.9054
vn 0.0477 -0.6140 -0.7879
vn 0.6706 -0.3172 -0.6706
vn 0.6755 -0.6140 -0.4084
vn 0.4906 -0.3171 -0.8116
vn 0.2348 -0.6139 -0.7536
vn 0.5581 -0.6140 -0.5581
vn 0.4084 -0.6139 -0.6755
vn -0.0000 -1.0000 -0.0000
vn 0.6252 0.4631 -0.6282
vn 0.8028 0.4642 -0.3743
vn 0.8826 0.4637 -0.0772
vn 0.8558 0.4637 0.2293
vn 0.7258 0.4637 0.5082
vn 0.5082 0.4637 0.7258
vn 0.2293 0.4637 0.8558
vn -0.0772 0.4637 0.8826
vn -0.3742 0.4642 0.8028
vn -0.6283 0.4631 0.6252
vn -0.8034 0.4626 0.3749
vn -0.8826 0.4637 0.0772
vn -0.8558 0.4637 -0.2293
vn -0.7258 0.4637 -0.5082
vn -0.5082 0.4637 -0.7257
vn -0.2293 0.4637 -0.8558
vn 0.0772 0.4637 -0.8826
vn 0.3748 0.4627 -0.8034
vn 0.0453 0.9979 -0.0453
vn 0.0271 0.9979 -0.0580
vn 0.0056 0.9979 -0.0638
vn -0.0166 0.9979 -0.0618
vn -0.0367 0.9979 -0.0524
vn -0.0525 0.9979 -0.0367
vn -0.0619 0.9979 -0.0166
vn -0.0638 0.9979 0.0056
vn -0.0580 0.9979 0.0271
vn -0.0453 0.9979 0.0453
vn -0.0271 0.9979 0.0580
vn -0.0056 0.9979 0.0638
vn 0.0166 0.9979 0.0618
vn 0.0367 0.9979 0.0524
vn 0.0525 0.9979 0.0367
vn 0.0619 0.9979 0.0166
vn 0.0638 0.9979 -0.0056
vn 0.0580 0.9979 -0.0271
vn 0.1655 0.9722 -0.1655
vn 0.2315 0.9449 -0.2315
vn 0.1384 0.9449 -0.2967
vn 0.0989 0.9722 -0.2121
vn 0.0285 0.9449 -0.3261
vn 0.0204 0.9722 -0.2331
vn -0.0847 0.9449 -0.3162
vn -0.0606 0.9722 -0.2260
vn -0.1878 0.9449 -0.2682
vn -0.1342 0.9722 -0.1917
vn -0.2682 0.9449 -0.1878
vn -0.1917 0.9722 -0.1342
vn -0.3162 0.9449 -0.0847
vn -0.2260 0.9722 -0.0606
vn -0.3262 0.9449 0.0285
vn -0.2331 0.9722 0.0204
vn -0.2967 0.9449 0.1384
vn -0.2121 0.9722 0.0989
vn -0.2315 0.9449 0.2315
vn -0.1654 0.9722 0.1655
vn -0.1383 0.9449 0.2967
vn -0.0989 0.9722 0.2121
vn -0.0285 0.9449 0.3261
vn -0.0204 0.9722 0.2331
vn 0.0847 0.9449 0.3162
vn 0.0606 0.9722 0.2260
vn 0.1878 0.9449 0.2682
vn 0.1342 0.9722 0.1917
vn 0.2682 0.9449 0.1878
vn 0.1917 0.9722 0.1342
vn 0.3162 0.9449 0.0847
vn 0.2260 0.9722 0.0606
vn 0.3262 0.9449 -0.0285
vn 0.2331 0.9722 -0.0204
vn 0.2967 0.9449 -0.1384
vn 0.2121 0.9722 -0.0989
vn 0.0001 -1.0000 -0.0000
vn 0.2316 -0.9449 -0.2315
vn 0.1384 -0.9449 -0.2968
vn 0.0285 -0.9449 -0.3262
vn -0.0847 -0.9449 -0.3163
vn -0.1878 -0.9449 -0.2682
vn -0.2683 -0.9449 -0.1878
vn -0.3163 -0.9449 -0.0848
vn -0.3263 -0.9449 0.0285
vn -0.2968 -0.9449 0.1384
vn -0.2316 -0.9449 0.2315
vn -0.1384 -0.9449 0.2968
vn -0.0285 -0.9449 0.3262
vn 0.0848 -0.9449 0.3163
vn 0.1879 -0.9449 0.2682
vn 0.2683 -0.9449 0.1878
vn 0.3163 -0.9449 0.0848
vn 0.3263 -0.9448 -0.0285
vn 0.2968 -0.9449 -0.1384
vn 0.1383 0.9449 -0.2967
vn -0.3261 0.9449 0.0285
vn 0.3163 0.9449 0.0847
vn 0.3261 0.9449 -0.0285
vt 0.492849 0.464292
vt 0.492849 0.501967
vt 0.351406 0.501968
vt 0.351406 0.464292
vt 0.350774 0.501968
vt 0.350773 0.464292
vt 0.492848 0.426620
vt 0.351405 0.426620
vt 0.918024 0.977589
vt 0.880366 0.977589
vt 0.880366 0.976963
vt 0.918024 0.976963
vt 0.492849 0.539645
vt 0.351406 0.539645
vt 0.350187 0.501968
vt 0.350187 0.464292
vt 0.350773 0.426619
vt 0.350774 0.539646
vt 0.492847 0.388951
vt 0.351404 0.388951
vt 0.842709 0.977589
vt 0.842709 0.976963
vt 0.880366 0.974493
vt 0.918024 0.974493
vt 0.955682 0.977589
vt 0.955682 0.976963
vt 0.492848 0.577324
vt 0.351405 0.577324
vt 0.345646 0.501967
vt 0.345646 0.464291
vt 0.350186 0.426619
vt 0.350187 0.539646
vt 0.350771 0.388950
vt 0.350773 0.577325
vt 0.492845 0.351287
vt 0.351402 0.351286
vt 0.805052 0.977589
vt 0.805052 0.976963
vt 0.842709 0.974493
vt 0.955682 0.974493
vt 0.993443 0.466733
vt 0.993443 0.504934
vt 0.992086 0.504934
vt 0.992086 0.466733
vt 0.993341 0.977589
vt 0.993341 0.976963
vt 0.492847 0.615000
vt 0.351404 0.615000
vt 0.345645 0.426618
vt 0.345646 0.539646
vt 0.343834 0.501967
vt 0.343834 0.464291
vt 0.350184 0.388949
vt 0.350186 0.577326
vt 0.350769 0.351284
vt 0.350771 0.615001
vt 0.492842 0.313625
vt 0.351399 0.313624
vt 0.767395 0.977589
vt 0.767395 0.976963
vt 0.805052 0.974493
vt 0.993443 0.543139
vt 0.992086 0.543139
vt 0.993341 0.974493
vt 0.993443 0.428535
vt 0.992086 0.428535
vt 0.988637 0.504934
vt 0.988637 0.466733
vt 0.542789 0.990951
vt 0.505131 0.990951
vt 0.505131 0.990325
vt 0.542789 0.990325
vt 0.492845 0.652672
vt 0.351402 0.652672
vt 0.345643 0.388948
vt 0.343833 0.426617
vt 0.345646 0.577327
vt 0.343834 0.539646
vt 0.350183 0.351282
vt 0.350184 0.615002
vt 0.350767 0.313622
vt 0.350770 0.652674
vt 0.492839 0.275970
vt 0.351396 0.275968
vt 0.729740 0.977589
vt 0.729740 0.976963
vt 0.767395 0.974493
vt 0.993443 0.581349
vt 0.992086 0.581349
vt 0.988637 0.543139
vt 0.505131 0.987855
vt 0.542789 0.987855
vt 0.993443 0.390338
vt 0.992086 0.390338
vt 0.988637 0.428535
vt 0.580447 0.990951
vt 0.580447 0.990324
vt 0.492842 0.690340
vt 0.351400 0.690340
vt 0.345642 0.351280
vt 0.343831 0.388946
vt 0.345643 0.615004
vt 0.343834 0.577327
vt 0.339295 0.464291
vt 0.339295 0.501968
vt 0.350181 0.313618
vt 0.350183 0.652676
vt 0.350763 0.275963
vt 0.350768 0.690343
vt 0.492835 0.238321
vt 0.351393 0.238317
vt 0.692086 0.977589
vt 0.692086 0.976963
vt 0.729740 0.974493
vt 0.993442 0.619566
vt 0.992086 0.619566
vt 0.988637 0.581349
vt 0.580447 0.987854
vt 0.981825 0.850189
vt 0.981825 0.888385
vt 0.980469 0.888385
vt 0.980469 0.850189
vt 0.988637 0.390338
vt 0.987312 0.504934
vt 0.987312 0.466733
vt 0.618105 0.990951
vt 0.618105 0.990324
vt 0.492839 0.728002
vt 0.351396 0.728004
vt 0.345641 0.313615
vt 0.343831 0.351278
vt 0.339294 0.426617
vt 0.345643 0.652678
vt 0.343832 0.615005
vt 0.339295 0.539647
vt 0.338711 0.501968
vt 0.338711 0.464291
vt 0.350178 0.275957
vt 0.350181 0.690347
vt 0.350763 0.238309
vt 0.350764 0.728009
vt 0.492828 0.200684
vt 0.351386 0.200676
vt 0.654432 0.977588
vt 0.654433 0.976962
vt 0.692086 0.974493
vt 0.993443 0.657791
vt 0.992086 0.657791
vt 0.988637 0.619566
vt 0.987312 0.543139
vt 0.618105 0.987854
vt 0.981825 0.811991
vt 0.980469 0.811991
vt 0.977020 0.888385
vt 0.977020 0.850189
vt 0.987312 0.428535
vt 0.918160 0.951630
vt 0.918170 0.955154
vt 0.880726 0.955151
vt 0.880724 0.951628
vt 0.655762 0.990951
vt 0.655762 0.990324
vt 0.492835 0.765658
vt 0.351393 0.765661
vt 0.345638 0.275951
vt 0.343830 0.313612
vt 0.339293 0.388945
vt 0.338710 0.426616
vt 0.345641 0.690350
vt 0.343831 0.652680
vt 0.339295 0.577328
vt 0.338711 0.539647
vt 0.338082 0.501968
vt 0.338082 0.464291
vt 0.350177 0.238298
vt 0.350178 0.728015
vt 0.350756 0.200658
vt 0.350763 0.765670
vt 0.492819 0.163066
vt 0.351378 0.163045
vt 0.616782 0.977513
vt 0.616781 0.976887
vt 0.654435 0.974493
vt 0.993443 0.696024
vt 0.992086 0.696024
vt 0.988637 0.657791
vt 0.987311 0.581349
vt 0.843289 0.955150
vt 0.843288 0.951627
vt 0.655762 0.987854
vt 0.981825 0.773790
vt 0.980469 0.773790
vt 0.977020 0.811991
vt 0.987312 0.390338
vt 0.955593 0.951635
vt 0.955660 0.955170
vt 0.880722 0.950455
vt 0.918148 0.950456
vt 0.693419 0.990951
vt 0.693419 0.990324
vt 0.492829 0.803301
vt 0.351387 0.803309
vt 0.345637 0.238289
vt 0.343828 0.275947
vt 0.339292 0.351276
vt 0.338710 0.388945
vt 0.338082 0.426616
vt 0.345639 0.728020
vt 0.343830 0.690353
vt 0.339293 0.615006
vt 0.338711 0.577328
vt 0.338082 0.539647
vt 0.162921 0.501968
vt 0.162921 0.464291
vt 0.350172 0.200639
vt 0.350177 0.765680
vt 0.350749 0.163008
vt 0.350756 0.803327
vt 0.492806 0.125538
vt 0.351366 0.125403
vt 0.579143 0.977438
vt 0.579134 0.976811
vt 0.616782 0.974417
vt 0.993443 0.734268
vt 0.992086 0.734268
vt 0.988637 0.696024
vt 0.987311 0.619566
vt 0.805854 0.955149
vt 0.805852 0.951626
vt 0.843288 0.950454
vt 0.693419 0.987854
vt 0.981825 0.735585
vt 0.980469 0.735585
vt 0.977019 0.773790
vt 0.975694 0.888385
vt 0.975694 0.850189
vt 0.992945 0.951588
vt 0.993484 0.955082
vt 0.955531 0.950450
vt 0.880487 0.919497
vt 0.880487 0.917122
vt 0.917552 0.917122
vt 0.917552 0.919497
vt 0.731075 0.990951
vt 0.731075 0.990325
vt 0.492820 0.840923
vt 0.351378 0.840943
vt 0.345633 0.200625
vt 0.343827 0.238283
vt 0.339292 0.313610
vt 0.338710 0.351276
vt 0.338082 0.388944
vt 0.162921 0.426616
vt 0.345637 0.765690
vt 0.343828 0.728025
vt 0.339293 0.652681
vt 0.338710 0.615006
vt 0.338082 0.577328
vt 0.350166 0.162976
vt 0.350172 0.803346
vt 0.350739 0.125354
vt 0.350749 0.840981
vt 0.492848 0.088092
vt 0.351404 0.087767
vt 0.541532 0.977944
vt 0.541488 0.977313
vt 0.579114 0.974338
vt 0.993443 0.772521
vt 0.992086 0.772522
vt 0.988637 0.734268
vt 0.987311 0.657791
vt 0.768427 0.955147
vt 0.768414 0.951627
vt 0.805850 0.950453
vt 0.843424 0.919497
vt 0.843424 0.917122
vt 0.731075 0.987855
vt 0.981825 0.697374
vt 0.980469 0.697374
vt 0.977020 0.735585
vt 0.975694 0.811991
vt 0.543417 0.964569
vt 0.543417 0.968086
vt 0.505932 0.968086
vt 0.505932 0.964569
vt 0.992746 0.950443
vt 0.954617 0.917122
vt 0.954617 0.919497
vt 0.880487 0.916545
vt 0.917552 0.916545
vt 0.768730 0.990951
vt 0.768730 0.990325
vt 0.492806 0.878450
vt 0.351366 0.878585
vt 0.345629 0.162953
vt 0.343824 0.200618
vt 0.339290 0.275945
vt 0.338709 0.313609
vt 0.338082 0.351275
vt 0.162921 0.388944
vt 0.345634 0.803360
vt 0.343827 0.765695
vt 0.339292 0.690355
vt 0.338710 0.652683
vt 0.338082 0.615007
vt 0.350158 0.125302
vt 0.350166 0.841013
vt 0.350769 0.087706
vt 0.350740 0.878634
vt 0.492938 0.050654
vt 0.351486 0.050189
vt 0.504015 0.977948
vt 0.503900 0.977336
vt 0.541431 0.974839
vt 0.993443 0.810786
vt 0.992086 0.810786
vt 0.988637 0.772522
vt 0.987311 0.696024
vt 0.731008 0.955416
vt 0.730974 0.951896
vt 0.768409 0.950455
vt 0.806362 0.919497
vt 0.806362 0.917122
vt 0.843424 0.916545
vt 0.768730 0.987855
vt 0.981825 0.659157
vt 0.980469 0.659157
vt 0.977020 0.697374
vt 0.975693 0.773790
vt 0.580900 0.964569
vt 0.580900 0.968086
vt 0.505932 0.963398
vt 0.543417 0.963398
vt 0.991683 0.917122
vt 0.991683 0.919497
vt 0.954617 0.916545
vt 0.763962 0.549840
vt 0.727729 0.556007
vt 0.751915 0.535137
vt 0.759152 0.534302
vt 0.806384 0.990950
vt 0.806384 0.990324
vt 0.492849 0.915893
vt 0.351405 0.916218
vt 0.345625 0.125263
vt 0.343822 0.162945
vt 0.339290 0.238282
vt 0.338708 0.275944
vt 0.338082 0.313608
vt 0.162921 0.351275
vt 0.345630 0.841036
vt 0.343825 0.803367
vt 0.339290 0.728027
vt 0.338709 0.690356
vt 0.338082 0.652683
vt 0.162922 0.615007
vt 0.162921 0.577328
vt 0.350180 0.087614
vt 0.350159 0.878686
vt 0.350834 0.050096
vt 0.350770 0.916279
vt 0.493065 0.013219
vt 0.351624 0.012700
vt 0.994464 0.990957
vt 0.956949 0.990953
vt 0.956990 0.990321
vt 0.994576 0.990343
vt 0.503529 0.974880
vt 0.993443 0.849057
vt 0.992087 0.849064
vt 0.988637 0.810786
vt 0.987311 0.734268
vt 0.693571 0.955947
vt 0.693543 0.952419
vt 0.730965 0.950724
vt 0.769302 0.919496
vt 0.769302 0.917122
vt 0.806362 0.916545
vt 0.806384 0.987854
vt 0.981825 0.620932
vt 0.980469 0.620932
vt 0.977020 0.659157
vt 0.975694 0.735585
vt 0.618379 0.964569
vt 0.618379 0.968086
vt 0.580900 0.963398
vt 0.509936 0.904255
vt 0.509936 0.901880
vt 0.547002 0.901880
vt 0.547002 0.904255
vt 0.991683 0.916545
vt 0.797666 0.535181
vt 0.774547 0.511219
vt 0.772417 0.504065
vt 0.826883 0.512882
vt 0.844036 0.990950
vt 0.844037 0.990323
vt 0.492939 0.953328
vt 0.351487 0.953793
vt 0.345643 0.087535
vt 0.343821 0.125254
vt 0.339288 0.200618
vt 0.338708 0.238282
vt 0.338081 0.275944
vt 0.162922 0.313609
vt 0.345625 0.878726
vt 0.343823 0.841044
vt 0.339290 0.765697
vt 0.338709 0.728027
vt 0.338082 0.690356
vt 0.162922 0.652683
vt 0.350228 0.049914
vt 0.350181 0.916371
vt 0.350994 0.012575
vt 0.350834 0.953887
vt 0.493065 0.990762
vt 0.351625 0.991282
vt 0.919333 0.990949
vt 0.919340 0.990322
vt 0.957032 0.987845
vt 0.994944 0.987887
vt 0.993443 0.887279
vt 0.992087 0.887385
vt 0.988637 0.849064
vt 0.987311 0.772521
vt 0.656151 0.955943
vt 0.656101 0.952431
vt 0.693532 0.951243
vt 0.732245 0.919499
vt 0.732244 0.917124
vt 0.769302 0.916544
vt 0.691073 0.553324
vt 0.656125 0.541947
vt 0.720450 0.403721
vt 0.844037 0.987854
vt 0.981825 0.582699
vt 0.980469 0.582699
vt 0.977020 0.620932
vt 0.975694 0.697374
vt 0.655854 0.964569
vt 0.655854 0.968086
vt 0.618379 0.963398
vt 0.584067 0.901880
vt 0.584067 0.904255
vt 0.509936 0.901303
vt 0.547002 0.901303
vt 0.881687 0.990949
vt 0.881689 0.990323
vt 0.345685 0.049719
vt 0.343838 0.087527
vt 0.339287 0.162951
vt 0.338707 0.200623
vt 0.338081 0.238283
vt 0.162922 0.275944
vt 0.345643 0.916450
vt 0.343822 0.878734
vt 0.339289 0.803367
vt 0.338709 0.765697
vt 0.338082 0.728027
vt 0.162922 0.690356
vt 0.350405 0.012295
vt 0.350229 0.954069
vt 0.350995 0.991407
vt 0.919348 0.987852
vt 0.981825 0.391444
vt 0.981825 0.429666
vt 0.980469 0.429659
vt 0.980469 0.391338
vt 0.988637 0.887385
vt 0.987312 0.810786
vt 0.618722 0.957140
vt 0.618679 0.953611
vt 0.656089 0.951264
vt 0.695190 0.919523
vt 0.695188 0.917149
vt 0.732244 0.916547
vt 0.624915 0.522536
vt 0.881690 0.987853
vt 0.981825 0.544455
vt 0.980469 0.544455
vt 0.977020 0.582699
vt 0.975694 0.659157
vt 0.693322 0.964569
vt 0.693322 0.968086
vt 0.655854 0.963398
vt 0.621132 0.901880
vt 0.621132 0.904255
vt 0.584067 0.901303
vt 0.849914 0.484239
vt 0.345811 0.011642
vt 0.343887 0.049712
vt 0.339287 0.125275
vt 0.338706 0.162964
vt 0.338081 0.200626
vt 0.162922 0.238283
vt 0.345686 0.954263
vt 0.343839 0.916458
vt 0.339287 0.841038
vt 0.338707 0.803363
vt 0.338082 0.765696
vt 0.162922 0.728028
vt 0.350406 0.991687
vt 0.981825 0.467938
vt 0.980469 0.467937
vt 0.977020 0.429659
vt 0.977020 0.391338
vt 0.987312 0.849057
vt 0.581107 0.957587
vt 0.581279 0.954045
vt 0.618687 0.952434
vt 0.658137 0.919544
vt 0.658136 0.917170
vt 0.695188 0.916571
vt 0.599257 0.496220
vt 0.981825 0.506202
vt 0.980469 0.506202
vt 0.977020 0.544455
vt 0.975694 0.620932
vt 0.730782 0.964569
vt 0.730782 0.968086
vt 0.693322 0.963398
vt 0.658195 0.901880
vt 0.658195 0.904255
vt 0.621132 0.901303
vt 0.865421 0.450917
vt 0.345813 0.992340
vt 0.343896 0.011635
vt 0.339302 0.087585
vt 0.338706 0.125307
vt 0.338081 0.162973
vt 0.162922 0.200626
vt 0.343889 0.954271
vt 0.339288 0.878714
vt 0.338707 0.841026
vt 0.338082 0.803360
vt 0.162922 0.765696
vt 0.977020 0.467937
vt 0.987312 0.887279
vt 0.543396 0.954433
vt 0.544055 0.950942
vt 0.581365 0.952865
vt 0.621085 0.919574
vt 0.621087 0.917200
vt 0.658136 0.916593
vt 0.580642 0.464529
vt 0.977020 0.506202
vt 0.975694 0.582699
vt 0.768234 0.964569
vt 0.768234 0.968086
vt 0.730782 0.963398
vt 0.695257 0.901880
vt 0.695257 0.904255
vt 0.658195 0.901303
vt 0.872503 0.414852
vt 0.343897 0.992347
vt 0.339345 0.049884
vt 0.338716 0.087663
vt 0.338081 0.125330
vt 0.162923 0.162973
vt 0.339303 0.916400
vt 0.338707 0.878681
vt 0.338081 0.841017
vt 0.162923 0.803360
vt 0.975694 0.429666
vt 0.975694 0.391445
vt 0.506733 0.944289
vt 0.508104 0.941016
vt 0.544298 0.949786
vt 0.584031 0.919488
vt 0.584042 0.917114
vt 0.621088 0.916622
vt 0.570152 0.429303
vt 0.975694 0.544455
vt 0.805675 0.964570
vt 0.805675 0.968087
vt 0.768234 0.963399
vt 0.732317 0.901880
vt 0.732317 0.904255
vt 0.695257 0.901303
vt 0.870748 0.378139
vt 0.339300 0.012265
vt 0.338742 0.050056
vt 0.338084 0.087711
vt 0.162923 0.125330
vt 0.339347 0.954099
vt 0.338716 0.916322
vt 0.338082 0.878659
vt 0.162923 0.841017
vt 0.975694 0.467938
vt 0.992609 0.964528
vt 0.993147 0.968016
vt 0.955383 0.968104
vt 0.955316 0.964575
vt 0.508527 0.939920
vt 0.546985 0.919212
vt 0.546999 0.916838
vt 0.584044 0.916537
vt 0.568397 0.392591
vt 0.975694 0.506202
vt 0.843104 0.964573
vt 0.843105 0.968089
vt 0.805675 0.963399
vt 0.769374 0.901880
vt 0.769374 0.904255
vt 0.732317 0.901303
vt 0.860259 0.342914
vt 0.339302 0.991718
vt 0.338711 0.012536
vt 0.338093 0.050141
vt 0.162919 0.087711
vt 0.338743 0.953927
vt 0.338085 0.916274
vt 0.162923 0.878659
vt 0.917937 0.968092
vt 0.917926 0.964574
vt 0.955253 0.963392
vt 0.992411 0.963384
vt 0.509936 0.919212
vt 0.509947 0.916838
vt 0.547005 0.916261
vt 0.575479 0.356526
vt 0.880522 0.964573
vt 0.880524 0.968090
vt 0.843104 0.963402
vt 0.806430 0.901880
vt 0.806430 0.904255
vt 0.769374 0.901303
vt 0.841644 0.311223
vt 0.338712 0.991446
vt 0.338082 0.012655
vt 0.162911 0.050141
vt 0.338094 0.953842
vt 0.162920 0.916275
vt 0.917915 0.963401
vt 0.954629 0.904254
vt 0.954624 0.901880
vt 0.991674 0.901880
vt 0.991683 0.904254
vt 0.510000 0.916260
vt 0.590987 0.323204
vt 0.880520 0.963402
vt 0.843482 0.901880
vt 0.843482 0.904255
vt 0.806430 0.901303
vt 0.815986 0.284907
vt 0.338083 0.991327
vt 0.162922 0.012655
vt 0.162912 0.953842
vt 0.917581 0.904254
vt 0.917580 0.901880
vt 0.954618 0.901303
vt 0.991622 0.901303
vt 0.614018 0.294561
vt 0.880533 0.901880
vt 0.880533 0.904255
vt 0.843482 0.901303
vt 0.784776 0.265496
vt 0.162923 0.991328
vt 0.917579 0.901303
vt 0.643234 0.272262
vt 0.880533 0.901303
vt 0.749827 0.254119
vt 0.676938 0.257603
vt 0.713171 0.251435
vt 0.764242 0.550780
vt 0.727776 0.556987
vt 0.690884 0.554287
vt 0.655711 0.542836
vt 0.624300 0.523301
vt 0.598477 0.496815
vt 0.579742 0.464920
vt 0.569185 0.429468
vt 0.567419 0.392520
vt 0.574547 0.356222
vt 0.590153 0.322686
vt 0.613333 0.293858
vt 0.642737 0.271416
vt 0.676658 0.256662
vt 0.713125 0.250455
vt 0.750016 0.253156
vt 0.785190 0.264607
vt 0.816601 0.284142
vt 0.842424 0.310627
vt 0.861158 0.342523
vt 0.871716 0.377975
vt 0.873482 0.414923
vt 0.866354 0.451221
vt 0.850747 0.484757
vt 0.827568 0.513585
vt 0.798163 0.536027
vt 0.679669 0.886686
vt 0.687043 0.886686
vt 0.687043 0.887430
vt 0.679669 0.887430
vt 0.694535 0.886686
vt 0.694535 0.887430
vt 0.701910 0.886686
vt 0.701910 0.887430
vt 0.709323 0.886686
vt 0.709323 0.887430
vt 0.716855 0.886686
vt 0.716855 0.887430
vt 0.724226 0.886686
vt 0.724226 0.887430
vt 0.731639 0.886686
vt 0.731639 0.887430
vt 0.739140 0.886686
vt 0.739140 0.887430
vt 0.746497 0.886686
vt 0.746497 0.887430
vt 0.754048 0.886686
vt 0.754048 0.887430
vt 0.761539 0.886686
vt 0.761539 0.887430
vt 0.768960 0.886686
vt 0.768960 0.887430
vt 0.776154 0.886686
vt 0.776154 0.887430
vt 0.642505 0.886686
vt 0.649955 0.886686
vt 0.649955 0.887430
vt 0.642505 0.887430
vt 0.657281 0.886686
vt 0.657281 0.887430
vt 0.664724 0.886686
vt 0.664724 0.887430
vt 0.672155 0.886686
vt 0.672155 0.887430
vt 0.766006 0.530941
vt 0.771136 0.525519
vt 0.774102 0.518670
vt 0.732290 0.508695
vt 0.731845 0.516146
vt 0.738424 0.529294
vt 0.744654 0.533405
vt 0.754477 0.492228
vt 0.746908 0.493160
vt 0.761738 0.493960
vt 0.767968 0.498071
vt 0.740387 0.496424
vt 0.735256 0.501846
vt 0.733975 0.523301
vt 0.871766 0.888662
vt 0.879059 0.888662
vt 0.879059 0.889502
vt 0.871766 0.889502
vt 0.886684 0.888662
vt 0.886684 0.889502
vt 0.894149 0.888662
vt 0.894149 0.889502
vt 0.901613 0.888662
vt 0.901613 0.889502
vt 0.909078 0.888662
vt 0.909078 0.889502
vt 0.916542 0.888662
vt 0.916542 0.889502
vt 0.782206 0.888662
vt 0.789670 0.888662
vt 0.789670 0.889502
vt 0.782206 0.889502
vt 0.797134 0.888662
vt 0.797134 0.889502
vt 0.804599 0.888662
vt 0.804599 0.889502
vt 0.812233 0.888662
vt 0.812233 0.889502
vt 0.819517 0.888662
vt 0.819517 0.889502
vt 0.826981 0.888662
vt 0.826981 0.889502
vt 0.834445 0.888662
vt 0.834445 0.889502
vt 0.841909 0.888662
vt 0.841909 0.889502
vt 0.849374 0.888662
vt 0.849374 0.889502
vt 0.856838 0.888662
vt 0.856838 0.889502
vt 0.864302 0.888662
vt 0.864302 0.889502
vt 0.687043 0.889154
vt 0.679669 0.889154
vt 0.679669 0.888644
vt 0.687043 0.888644
vt 0.672155 0.889154
vt 0.672155 0.888644
vt 0.664724 0.889154
vt 0.664724 0.888644
vt 0.657281 0.889154
vt 0.657281 0.888644
vt 0.649955 0.889154
vt 0.649955 0.888644
vt 0.642505 0.889154
vt 0.642505 0.888644
vt 0.776154 0.889154
vt 0.768960 0.889154
vt 0.768960 0.888644
vt 0.776154 0.888644
vt 0.761539 0.889154
vt 0.761539 0.888644
vt 0.754048 0.889154
vt 0.754048 0.888644
vt 0.746497 0.889154
vt 0.746497 0.888644
vt 0.739140 0.889154
vt 0.739140 0.888644
vt 0.731639 0.889154
vt 0.731639 0.888644
vt 0.724226 0.889154
vt 0.724226 0.888644
vt 0.716855 0.889154
vt 0.716855 0.888644
vt 0.709323 0.889154
vt 0.709323 0.888644
vt 0.701910 0.889154
vt 0.701910 0.888644
vt 0.694535 0.889154
vt 0.694535 0.888644
vt 0.687043 0.890523
vt 0.679669 0.890523
vt 0.679669 0.889817
vt 0.687043 0.889817
vt 0.672155 0.890523
vt 0.672155 0.889817
vt 0.664724 0.890523
vt 0.664724 0.889817
vt 0.657281 0.890523
vt 0.657281 0.889817
vt 0.649955 0.890523
vt 0.649955 0.889817
vt 0.642505 0.890523
vt 0.642505 0.889817
vt 0.776154 0.890523
vt 0.768960 0.890523
vt 0.768960 0.889817
vt 0.776154 0.889817
vt 0.761539 0.890523
vt 0.761539 0.889817
vt 0.754048 0.890523
vt 0.754048 0.889817
vt 0.746497 0.890523
vt 0.746497 0.889817
vt 0.739140 0.890523
vt 0.739140 0.889817
vt 0.731639 0.890523
vt 0.731639 0.889817
vt 0.724226 0.890523
vt 0.724226 0.889817
vt 0.716855 0.890523
vt 0.716855 0.889817
vt 0.709323 0.890523
vt 0.709323 0.889817
vt 0.701910 0.890523
vt 0.701910 0.889817
vt 0.694535 0.890523
vt 0.694535 0.889817
vt 0.687043 0.888121
vt 0.679669 0.888121
vt 0.694535 0.888121
vt 0.701910 0.888121
vt 0.709323 0.888121
vt 0.716855 0.888121
vt 0.724226 0.888121
vt 0.731639 0.888121
vt 0.739140 0.888121
vt 0.746497 0.888121
vt 0.754048 0.888121
vt 0.761539 0.888121
vt 0.768960 0.888121
vt 0.776154 0.888121
vt 0.649955 0.888121
vt 0.642505 0.888121
vt 0.657281 0.888121
vt 0.664724 0.888121
vt 0.672155 0.888121
vt 0.679669 0.885938
vt 0.687043 0.885938
vt 0.694535 0.885938
vt 0.701910 0.885938
vt 0.709323 0.885938
vt 0.716855 0.885938
vt 0.724226 0.885938
vt 0.731639 0.885938
vt 0.739140 0.885938
vt 0.746497 0.885938
vt 0.754048 0.885938
vt 0.761539 0.885938
vt 0.768960 0.885938
vt 0.776154 0.885938
vt 0.642505 0.885938
vt 0.649955 0.885938
vt 0.657281 0.885938
vt 0.664724 0.885938
vt 0.672155 0.885938
vt 0.551110 0.890153
vt 0.544150 0.890153
vt 0.544151 0.885688
vt 0.551109 0.885688
vt 0.558073 0.890153
vt 0.558067 0.885687
vt 0.565039 0.890133
vt 0.565023 0.885668
vt 0.572001 0.890103
vt 0.571981 0.885638
vt 0.578960 0.890068
vt 0.578939 0.885604
vt 0.585916 0.890036
vt 0.585899 0.885571
vt 0.592868 0.890013
vt 0.592860 0.885548
vt 0.599821 0.890012
vt 0.599820 0.885547
vt 0.606779 0.890011
vt 0.606779 0.885547
vt 0.613741 0.890011
vt 0.613738 0.885546
vt 0.620720 0.890010
vt 0.620690 0.885546
vt 0.627715 0.889924
vt 0.627639 0.885461
vt 0.634705 0.889780
vt 0.634606 0.885314
vt 0.516225 0.889934
vt 0.509237 0.889733
vt 0.509373 0.885267
vt 0.516339 0.885471
vt 0.523218 0.890078
vt 0.523288 0.885614
vt 0.530210 0.890154
vt 0.530237 0.885689
vt 0.537188 0.890154
vt 0.537191 0.885689
vt 0.572128 0.860016
vt 0.569130 0.853829
vt 0.588173 0.848421
vt 0.577061 0.864805
vt 0.583334 0.867618
vt 0.590191 0.868115
vt 0.596805 0.866237
vt 0.602378 0.862210
vt 0.606237 0.856520
vt 0.607917 0.849853
vt 0.607216 0.843014
vt 0.604219 0.836827
vt 0.599285 0.832038
vt 0.593012 0.829225
vt 0.586155 0.828728
vt 0.579541 0.830606
vt 0.573968 0.834633
vt 0.570109 0.840323
vt 0.568429 0.846989
vt 0.544151 0.885172
vt 0.551109 0.885172
vt 0.558066 0.885172
vt 0.565022 0.885152
vt 0.571979 0.885122
vt 0.578938 0.885088
vt 0.585898 0.885055
vt 0.592859 0.885032
vt 0.599819 0.885031
vt 0.606778 0.885031
vt 0.613734 0.885030
vt 0.620684 0.885030
vt 0.627626 0.884946
vt 0.634533 0.884797
vt 0.509450 0.884751
vt 0.516356 0.884956
vt 0.523297 0.885098
vt 0.530242 0.885173
vt 0.537194 0.885173
vt 0.149595 0.501968
vt 0.008151 0.501968
vt 0.008152 0.464292
vt 0.149595 0.464293
vt 0.150228 0.501968
vt 0.150228 0.464292
vt 0.008153 0.426620
vt 0.149596 0.426620
vt 0.537529 0.678315
vt 0.536902 0.678311
vt 0.536928 0.640384
vt 0.537554 0.640385
vt 0.149595 0.539646
vt 0.008152 0.539646
vt 0.150815 0.501968
vt 0.150815 0.464292
vt 0.150229 0.426620
vt 0.150228 0.539646
vt 0.008154 0.388952
vt 0.149598 0.388952
vt 0.537377 0.716239
vt 0.536750 0.716231
vt 0.540025 0.640388
vt 0.540001 0.678327
vt 0.536899 0.602453
vt 0.537526 0.602451
vt 0.149596 0.577325
vt 0.008153 0.577325
vt 0.155356 0.464292
vt 0.155356 0.501968
vt 0.150816 0.426619
vt 0.150815 0.539646
vt 0.150231 0.388951
vt 0.150229 0.577326
vt 0.008156 0.351287
vt 0.149599 0.351286
vt 0.537035 0.754157
vt 0.536411 0.754139
vt 0.539850 0.716267
vt 0.539998 0.602447
vt 0.541357 0.678339
vt 0.541380 0.640392
vt 0.536787 0.564522
vt 0.537414 0.564519
vt 0.149598 0.615001
vt 0.008154 0.615001
vt 0.155357 0.426619
vt 0.155357 0.539646
vt 0.157168 0.501968
vt 0.157168 0.464291
vt 0.150818 0.388949
vt 0.150816 0.577326
vt 0.150232 0.351285
vt 0.150231 0.615002
vt 0.008159 0.313626
vt 0.149602 0.313625
vt 0.537025 0.792052
vt 0.536400 0.792012
vt 0.539497 0.754205
vt 0.541206 0.716288
vt 0.539886 0.564504
vt 0.541353 0.602444
vt 0.544826 0.640395
vt 0.544803 0.678353
vt 0.536549 0.526595
vt 0.537174 0.526586
vt 0.149600 0.652673
vt 0.008156 0.652672
vt 0.155359 0.388948
vt 0.157169 0.426617
vt 0.155357 0.577327
vt 0.157169 0.539647
vt 0.150819 0.351282
vt 0.150818 0.615003
vt 0.150235 0.313622
vt 0.150233 0.652675
vt 0.008162 0.275970
vt 0.149606 0.275969
vt 0.537039 0.829885
vt 0.536413 0.829789
vt 0.539492 0.792146
vt 0.540843 0.754247
vt 0.544650 0.716316
vt 0.539638 0.526562
vt 0.541242 0.564495
vt 0.544799 0.602438
vt 0.536537 0.488681
vt 0.537163 0.488664
vt 0.149602 0.690341
vt 0.008159 0.690340
vt 0.155360 0.351280
vt 0.157171 0.388947
vt 0.155359 0.615004
vt 0.157169 0.577328
vt 0.161708 0.464291
vt 0.161708 0.501968
vt 0.150821 0.313618
vt 0.150820 0.652677
vt 0.150239 0.275964
vt 0.150235 0.690344
vt 0.008166 0.238322
vt 0.149608 0.238318
vt 0.536869 0.867543
vt 0.536241 0.867364
vt 0.539501 0.830103
vt 0.540839 0.792233
vt 0.544286 0.754282
vt 0.539632 0.488621
vt 0.540988 0.526541
vt 0.544687 0.564479
vt 0.546150 0.640397
vt 0.546126 0.678359
vt 0.536537 0.450808
vt 0.537163 0.450769
vt 0.149606 0.728004
vt 0.008162 0.728002
vt 0.155362 0.313615
vt 0.157172 0.351278
vt 0.161708 0.426617
vt 0.155360 0.652679
vt 0.157171 0.615005
vt 0.161708 0.539647
vt 0.162292 0.464291
vt 0.162292 0.501968
vt 0.150825 0.275957
vt 0.150822 0.690347
vt 0.150239 0.238309
vt 0.150239 0.728009
vt 0.008173 0.200684
vt 0.149615 0.200677
vt 0.527317 0.829897
vt 0.527948 0.829802
vt 0.527951 0.867378
vt 0.527336 0.867555
vt 0.539367 0.868145
vt 0.540837 0.830280
vt 0.544277 0.792272
vt 0.545972 0.716323
vt 0.539630 0.450677
vt 0.540983 0.488577
vt 0.544432 0.526519
vt 0.546123 0.602436
vt 0.549672 0.640398
vt 0.549647 0.678369
vt 0.536499 0.413030
vt 0.537131 0.412935
vt 0.149609 0.765661
vt 0.008167 0.765658
vt 0.155364 0.275951
vt 0.157173 0.313612
vt 0.161710 0.388945
vt 0.162293 0.426616
vt 0.155362 0.690351
vt 0.157172 0.652681
vt 0.161709 0.577328
vt 0.162292 0.539647
vt 0.150826 0.238298
vt 0.150825 0.728015
vt 0.150246 0.200659
vt 0.150240 0.765670
vt 0.008182 0.163066
vt 0.149624 0.163046
vt 0.527285 0.792064
vt 0.527911 0.792025
vt 0.524862 0.868151
vt 0.524843 0.830109
vt 0.540786 0.868477
vt 0.544258 0.830324
vt 0.545613 0.754291
vt 0.549492 0.716344
vt 0.539604 0.412721
vt 0.540978 0.450592
vt 0.544426 0.488550
vt 0.546010 0.564474
vt 0.549644 0.602430
vt 0.556856 0.756988
vt 0.558028 0.756988
vt 0.558028 0.794084
vt 0.556856 0.794084
vt 0.536496 0.375452
vt 0.537111 0.375275
vt 0.149616 0.803309
vt 0.008173 0.803301
vt 0.155366 0.238289
vt 0.157175 0.275947
vt 0.161710 0.351277
vt 0.162293 0.388945
vt 0.155365 0.728021
vt 0.157173 0.690354
vt 0.161710 0.615006
vt 0.162293 0.577328
vt 0.162921 0.539647
vt 0.150831 0.200640
vt 0.150826 0.765681
vt 0.150253 0.163008
vt 0.150247 0.803327
vt 0.008196 0.125539
vt 0.149636 0.125404
vt 0.527287 0.754172
vt 0.527913 0.754155
vt 0.524818 0.792155
vt 0.523486 0.830284
vt 0.523488 0.868480
vt 0.544302 0.868523
vt 0.545596 0.792265
vt 0.549139 0.754306
vt 0.558028 0.831179
vt 0.556856 0.831179
vt 0.539585 0.374679
vt 0.540962 0.412546
vt 0.544417 0.450556
vt 0.545759 0.526510
vt 0.549531 0.564459
vt 0.556856 0.719892
vt 0.558028 0.719892
vt 0.560404 0.756988
vt 0.560404 0.794084
vt 0.527484 0.375282
vt 0.528111 0.375460
vt 0.527941 0.413035
vt 0.527315 0.412939
vt 0.149624 0.840944
vt 0.008183 0.840923
vt 0.155369 0.200625
vt 0.157176 0.238284
vt 0.161711 0.313610
vt 0.162294 0.351276
vt 0.155366 0.765690
vt 0.157175 0.728025
vt 0.161711 0.652682
vt 0.162294 0.615007
vt 0.150837 0.162976
vt 0.150832 0.803346
vt 0.150263 0.125354
vt 0.150254 0.840981
vt 0.008153 0.088093
vt 0.149598 0.087767
vt 0.527285 0.716253
vt 0.527911 0.716245
vt 0.524819 0.754213
vt 0.523471 0.792238
vt 0.520033 0.868523
vt 0.520035 0.830325
vt 0.545557 0.830240
vt 0.549116 0.792257
vt 0.558028 0.868275
vt 0.556856 0.868275
vt 0.560404 0.831179
vt 0.524853 0.412723
vt 0.524986 0.374680
vt 0.540960 0.374350
vt 0.544413 0.412504
vt 0.545749 0.488540
vt 0.549284 0.526497
vt 0.556856 0.682797
vt 0.558028 0.682797
vt 0.560404 0.719892
vt 0.560981 0.756988
vt 0.560981 0.794084
vt 0.527956 0.450811
vt 0.527331 0.450772
vt 0.149637 0.878585
vt 0.008196 0.878450
vt 0.155374 0.162954
vt 0.157178 0.200618
vt 0.161713 0.275945
vt 0.162294 0.313609
vt 0.155370 0.803360
vt 0.157176 0.765696
vt 0.161712 0.690355
vt 0.162294 0.652683
vt 0.150844 0.125302
vt 0.150838 0.841013
vt 0.150233 0.087707
vt 0.150264 0.878634
vt 0.008063 0.050655
vt 0.149516 0.050190
vt 0.527191 0.678323
vt 0.527818 0.678320
vt 0.524817 0.716274
vt 0.523467 0.754255
vt 0.520032 0.792273
vt 0.545687 0.868285
vt 0.549070 0.830165
vt 0.991492 0.929617
vt 0.991492 0.930790
vt 0.954396 0.930790
vt 0.954396 0.929617
vt 0.560404 0.868275
vt 0.560981 0.831179
vt 0.524864 0.450680
vt 0.523568 0.374350
vt 0.523517 0.412547
vt 0.544415 0.374306
vt 0.545737 0.450565
vt 0.549271 0.488537
vt 0.556856 0.645702
vt 0.558028 0.645702
vt 0.560404 0.682797
vt 0.560981 0.719892
vt 0.527956 0.488683
vt 0.527331 0.488666
vt 0.149598 0.916218
vt 0.008154 0.915893
vt 0.155378 0.125263
vt 0.157181 0.162945
vt 0.161713 0.238282
vt 0.162295 0.275945
vt 0.155374 0.841036
vt 0.157179 0.803368
vt 0.161713 0.728027
vt 0.162295 0.690356
vt 0.150822 0.087615
vt 0.150845 0.878686
vt 0.150168 0.050096
vt 0.150234 0.916279
vt 0.007936 0.013220
vt 0.149377 0.012701
vt 0.527158 0.640389
vt 0.527785 0.640388
vt 0.524720 0.678333
vt 0.523466 0.716295
vt 0.520024 0.754281
vt 0.518676 0.868285
vt 0.518722 0.830240
vt 0.549235 0.867730
vt 0.917301 0.930790
vt 0.917301 0.929617
vt 0.991492 0.933165
vt 0.954396 0.933165
vt 0.560981 0.868275
vt 0.524865 0.488623
vt 0.523518 0.450595
vt 0.520096 0.412505
vt 0.520052 0.374306
vt 0.545726 0.412589
vt 0.549258 0.450576
vt 0.556856 0.608607
vt 0.558028 0.608607
vt 0.560404 0.645701
vt 0.560981 0.682797
vt 0.527815 0.526594
vt 0.527189 0.526586
vt 0.149517 0.953793
vt 0.008064 0.953329
vt 0.155360 0.087535
vt 0.157182 0.125254
vt 0.161715 0.200619
vt 0.162295 0.238282
vt 0.155378 0.878726
vt 0.157181 0.841044
vt 0.161714 0.765697
vt 0.162296 0.728028
vt 0.150775 0.049914
vt 0.150823 0.916371
vt 0.150008 0.012576
vt 0.150169 0.953887
vt 0.149378 0.991282
vt 0.007938 0.990763
vt 0.527147 0.602452
vt 0.527773 0.602453
vt 0.524688 0.640392
vt 0.523365 0.678343
vt 0.520022 0.716313
vt 0.518712 0.792264
vt 0.515127 0.867736
vt 0.515211 0.830167
vt 0.880205 0.930790
vt 0.880205 0.929617
vt 0.917301 0.933165
vt 0.991492 0.933743
vt 0.954396 0.933743
vt 0.524717 0.526564
vt 0.523516 0.488581
vt 0.520080 0.450559
vt 0.545772 0.374543
vt 0.549237 0.412661
vt 0.556854 0.571514
vt 0.558026 0.571513
vt 0.560404 0.608607
vt 0.560981 0.645701
vt 0.527772 0.564520
vt 0.527146 0.564516
vt 0.155318 0.049719
vt 0.157165 0.087527
vt 0.161716 0.162951
vt 0.162296 0.200623
vt 0.155361 0.916450
vt 0.157183 0.878735
vt 0.161715 0.803367
vt 0.162296 0.765697
vt 0.150597 0.012295
vt 0.150776 0.954069
vt 0.150009 0.991407
vt 0.524677 0.602450
vt 0.523333 0.640395
vt 0.519920 0.678354
vt 0.518701 0.754289
vt 0.515191 0.792253
vt 0.843110 0.930790
vt 0.843110 0.929617
vt 0.880205 0.933165
vt 0.917301 0.933742
vt 0.524675 0.564507
vt 0.523362 0.526543
vt 0.520074 0.488551
vt 0.518797 0.412591
vt 0.518667 0.374545
vt 0.549321 0.375092
vt 0.556810 0.534420
vt 0.557982 0.534420
vt 0.560402 0.571512
vt 0.560981 0.608607
vt 0.155191 0.011642
vt 0.157115 0.049712
vt 0.161716 0.125275
vt 0.162297 0.162964
vt 0.155319 0.954264
vt 0.157165 0.916458
vt 0.161717 0.841038
vt 0.162297 0.803363
vt 0.150598 0.991687
vt 0.523322 0.602446
vt 0.519888 0.640398
vt 0.518696 0.716321
vt 0.515179 0.754291
vt 0.806014 0.930790
vt 0.806014 0.929617
vt 0.843110 0.933165
vt 0.880205 0.933743
vt 0.523320 0.564496
vt 0.519917 0.526522
vt 0.518760 0.450568
vt 0.515284 0.412667
vt 0.515118 0.375101
vt 0.556738 0.497323
vt 0.557910 0.497325
vt 0.560358 0.534419
vt 0.560979 0.571512
vt 0.155192 0.992340
vt 0.157107 0.011635
vt 0.161701 0.087585
vt 0.162297 0.125307
vt 0.157116 0.954271
vt 0.161717 0.878714
vt 0.162298 0.841026
vt 0.519877 0.602443
vt 0.518596 0.678358
vt 0.515172 0.716327
vt 0.768920 0.930790
vt 0.768919 0.929617
vt 0.806014 0.933165
vt 0.843110 0.933743
vt 0.519875 0.564485
vt 0.518748 0.488544
vt 0.515240 0.450578
vt 0.556624 0.460215
vt 0.557796 0.460224
vt 0.560286 0.497328
vt 0.560935 0.534419
vt 0.157108 0.992347
vt 0.161658 0.049884
vt 0.162288 0.087663
vt 0.161702 0.916400
vt 0.162297 0.878682
vt 0.518564 0.640400
vt 0.515075 0.678365
vt 0.731825 0.930790
vt 0.731825 0.929617
vt 0.768920 0.933165
vt 0.806014 0.933743
vt 0.518595 0.526515
vt 0.515224 0.488537
vt 0.556737 0.423079
vt 0.557911 0.423113
vt 0.560172 0.460244
vt 0.560863 0.497330
vt 0.161702 0.012265
vt 0.162262 0.050056
vt 0.161659 0.954099
vt 0.162288 0.916323
vt 0.518552 0.602441
vt 0.515041 0.640402
vt 0.694730 0.930790
vt 0.694730 0.929617
vt 0.731825 0.933165
vt 0.768920 0.933743
vt 0.518551 0.564480
vt 0.515074 0.526505
vt 0.557895 0.385890
vt 0.559062 0.386033
vt 0.560287 0.423177
vt 0.560750 0.460253
vt 0.161703 0.991718
vt 0.162292 0.012536
vt 0.162262 0.953928
vt 0.515030 0.602441
vt 0.657636 0.930790
vt 0.657636 0.929617
vt 0.694730 0.933165
vt 0.731825 0.933742
vt 0.515029 0.564476
vt 0.546327 0.929616
vt 0.546344 0.930789
vt 0.509254 0.930793
vt 0.509135 0.929623
vt 0.561435 0.386129
vt 0.560865 0.423197
vt 0.162293 0.991447
vt 0.620542 0.930790
vt 0.620540 0.929617
vt 0.657637 0.933165
vt 0.694731 0.933742
vt 0.583440 0.929617
vt 0.583446 0.930790
vt 0.546374 0.933165
vt 0.509299 0.933166
vt 0.562010 0.386198
vt 0.620545 0.933165
vt 0.657638 0.933742
vt 0.583456 0.933165
vt 0.546387 0.933743
vt 0.509360 0.933743
vt 0.620547 0.933742
vt 0.583461 0.933743
vt 0.715962 0.861380
vt 0.762857 0.715282
vt 0.752289 0.868358
vt 0.789230 0.866439
vt 0.824638 0.855736
vt 0.856455 0.836869
vt 0.882833 0.810937
vt 0.902239 0.779445
vt 0.913544 0.744224
vt 0.916092 0.707322
vt 0.909734 0.670882
vt 0.894840 0.637022
vt 0.872276 0.607711
vt 0.843354 0.584651
vt 0.809752 0.569183
vt 0.773426 0.562206
vt 0.736485 0.564125
vt 0.701077 0.574828
vt 0.669259 0.593695
vt 0.642882 0.619627
vt 0.623476 0.651119
vt 0.612171 0.686339
vt 0.609623 0.723242
vt 0.615981 0.759682
vt 0.630875 0.793542
vt 0.653439 0.822853
vt 0.682362 0.845913
vt 0.679669 0.885333
vt 0.687043 0.885333
vt 0.694535 0.885333
vt 0.701910 0.885334
vt 0.709323 0.885334
vt 0.716855 0.885334
vt 0.724226 0.885334
vt 0.731639 0.885334
vt 0.739140 0.885334
vt 0.746497 0.885334
vt 0.754048 0.885334
vt 0.761539 0.885334
vt 0.768960 0.885334
vt 0.776154 0.885334
vt 0.642505 0.885333
vt 0.649955 0.885333
vt 0.657281 0.885333
vt 0.664724 0.885333
vt 0.672155 0.885333
vt 0.669186 0.075727
vt 0.646726 0.075727
vt 0.646726 0.053120
vt 0.669186 0.053120
vt 0.624266 0.075727
vt 0.624266 0.053120
vt 0.601805 0.075727
vt 0.601805 0.053120
vt 0.579345 0.075727
vt 0.579345 0.053120
vt 0.556884 0.075727
vt 0.556884 0.053120
vt 0.534423 0.075727
vt 0.534423 0.053120
vt 0.511962 0.075727
vt 0.511961 0.053120
vt 0.916257 0.075726
vt 0.893796 0.075726
vt 0.893796 0.053120
vt 0.916257 0.053120
vt 0.871334 0.075726
vt 0.871334 0.053120
vt 0.848873 0.075726
vt 0.848873 0.053120
vt 0.826412 0.075726
vt 0.826412 0.053120
vt 0.803951 0.075727
vt 0.803951 0.053120
vt 0.781490 0.075727
vt 0.781490 0.053120
vt 0.759029 0.075727
vt 0.759029 0.053120
vt 0.736568 0.075727
vt 0.736568 0.053120
vt 0.714108 0.075727
vt 0.714108 0.053120
vt 0.691647 0.075727
vt 0.691647 0.053120
vt 0.727556 0.121230
vt 0.740065 0.118186
vt 0.742443 0.155178
vt 0.752861 0.119603
vt 0.764400 0.125312
vt 0.773290 0.134622
vt 0.778460 0.146412
vt 0.779286 0.159259
vt 0.775668 0.171614
vt 0.768043 0.181986
vt 0.757330 0.189125
vt 0.744821 0.192170
vt 0.732026 0.190752
vt 0.720486 0.185044
vt 0.711596 0.175733
vt 0.706425 0.163943
vt 0.705599 0.151096
vt 0.709217 0.138741
vt 0.716843 0.128369
vt 0.717693 0.098739
vt 0.716359 0.095696
vt 0.738276 0.090361
vt 0.738489 0.093678
vt 0.760696 0.092845
vt 0.759762 0.096035
vt 0.780914 0.102847
vt 0.778946 0.105525
vt 0.796493 0.119161
vt 0.793727 0.121004
vt 0.805552 0.139819
vt 0.802323 0.140605
vt 0.806999 0.162329
vt 0.803696 0.161963
vt 0.800659 0.183977
vt 0.797681 0.182504
vt 0.787298 0.202152
vt 0.785003 0.199748
vt 0.768527 0.214661
vt 0.767193 0.211617
vt 0.746610 0.219995
vt 0.746397 0.216678
vt 0.724190 0.217511
vt 0.725124 0.214321
vt 0.703971 0.207509
vt 0.705940 0.204831
vt 0.688393 0.191195
vt 0.691159 0.189352
vt 0.679334 0.170537
vt 0.682563 0.169751
vt 0.677886 0.148026
vt 0.681190 0.148392
vt 0.684226 0.126378
vt 0.687205 0.127852
vt 0.697587 0.108204
vt 0.699882 0.110608
vt 0.638226 0.243383
vt 0.660610 0.241755
vt 0.660985 0.246614
vt 0.638559 0.248245
vt 0.615826 0.244805
vt 0.616130 0.249672
vt 0.593419 0.246127
vt 0.593715 0.251001
vt 0.571032 0.247477
vt 0.571309 0.252326
vt 0.548489 0.247469
vt 0.549516 0.252403
vt 0.527247 0.255434
vt 0.529720 0.259659
vt 0.509844 0.270005
vt 0.513649 0.273180
vt 0.870101 0.281057
vt 0.877038 0.302655
vt 0.872122 0.303319
vt 0.865686 0.283324
vt 0.856450 0.262969
vt 0.852940 0.266486
vt 0.838147 0.249660
vt 0.835686 0.253979
vt 0.817226 0.241126
vt 0.815728 0.245859
vt 0.795136 0.236553
vt 0.794394 0.241446
vt 0.772678 0.234835
vt 0.772454 0.239754
vt 0.750179 0.234847
vt 0.750292 0.239765
vt 0.727735 0.236127
vt 0.728049 0.241014
vt 0.705346 0.237951
vt 0.705742 0.242820
vt 0.682980 0.239914
vt 0.683385 0.244773
vt 0.632540 0.037872
vt 0.652665 0.037872
vt 0.652665 0.046194
vt 0.632540 0.046194
vt 0.612416 0.037872
vt 0.612416 0.046194
vt 0.592292 0.037872
vt 0.592292 0.046194
vt 0.572168 0.037872
vt 0.572168 0.046194
vt 0.552043 0.037872
vt 0.552043 0.046194
vt 0.531919 0.037872
vt 0.531919 0.046194
vt 0.511793 0.037872
vt 0.511793 0.046194
vt 0.853910 0.037872
vt 0.874035 0.037872
vt 0.874035 0.046194
vt 0.853910 0.046194
vt 0.833785 0.037872
vt 0.833785 0.046194
vt 0.813660 0.037872
vt 0.813660 0.046194
vt 0.793535 0.037872
vt 0.793535 0.046194
vt 0.773411 0.037872
vt 0.773411 0.046194
vt 0.753286 0.037872
vt 0.753286 0.046194
vt 0.733162 0.037872
vt 0.733162 0.046194
vt 0.713037 0.037872
vt 0.713037 0.046194
vt 0.692913 0.037872
vt 0.692913 0.046194
vt 0.672789 0.037872
vt 0.672789 0.046194
vt 0.660447 0.239619
vt 0.638078 0.241246
vt 0.615691 0.242664
vt 0.593284 0.243983
vt 0.570835 0.245344
vt 0.547926 0.245277
vt 0.526148 0.253624
vt 0.508186 0.268597
vt 0.879198 0.302349
vt 0.872049 0.280071
vt 0.858014 0.261434
vt 0.839257 0.247765
vt 0.817913 0.239040
vt 0.795487 0.234392
vt 0.772794 0.232665
vt 0.750142 0.232675
vt 0.727607 0.233974
vt 0.705178 0.235808
vt 0.682806 0.237778
vt 0.939903 0.675258
vt 0.939903 0.648477
vt 0.967673 0.648477
vt 0.967673 0.675258
vt 0.939903 0.621696
vt 0.967673 0.621696
vt 0.939903 0.594916
vt 0.967673 0.594916
vt 0.939903 0.568136
vt 0.967673 0.568136
vt 0.939904 0.541356
vt 0.967673 0.541356
vt 0.939904 0.514576
vt 0.967673 0.514576
vt 0.939904 0.487796
vt 0.967673 0.487796
vt 0.939903 0.461015
vt 0.967673 0.461015
vt 0.939903 0.434234
vt 0.967673 0.434234
vt 0.939903 0.407452
vt 0.967673 0.407452
vt 0.939903 0.889507
vt 0.939903 0.862725
vt 0.967673 0.862725
vt 0.967673 0.889507
vt 0.939903 0.835944
vt 0.967673 0.835944
vt 0.939903 0.809162
vt 0.967673 0.809162
vt 0.939903 0.782381
vt 0.967673 0.782381
vt 0.939903 0.755600
vt 0.967673 0.755600
vt 0.939903 0.728819
vt 0.967673 0.728819
vt 0.939903 0.702039
vt 0.967673 0.702039
vt 0.654023 0.158147
vt 0.650394 0.178999
vt 0.593080 0.158286
vt 0.639854 0.197353
vt 0.623671 0.210994
vt 0.603799 0.218278
vt 0.582634 0.218326
vt 0.562729 0.211133
vt 0.546485 0.197565
vt 0.535861 0.179259
vt 0.532138 0.158424
vt 0.535766 0.137572
vt 0.546307 0.119219
vt 0.562489 0.105577
vt 0.582361 0.098293
vt 0.603526 0.098245
vt 0.623431 0.105438
vt 0.639676 0.119006
vt 0.650300 0.137312
vt 0.657322 0.158140
vt 0.653497 0.180121
vt 0.642386 0.199468
vt 0.625327 0.213848
vt 0.604379 0.221526
vt 0.582069 0.221577
vt 0.561086 0.213994
vt 0.543962 0.199691
vt 0.532763 0.180395
vt 0.528839 0.158432
vt 0.532663 0.136451
vt 0.543775 0.117104
vt 0.560833 0.102723
vt 0.581781 0.095045
vt 0.604092 0.094994
vt 0.625074 0.102577
vt 0.642198 0.116880
vt 0.653397 0.136176
s 1
usemtl Barrel_01
f 2/1/1 3/2/2 4/3/2 1/4/1
f 1/4/3 4/3/4 6/5/5 5/6/6
f 8/7/7 2/1/1 1/4/1 7/8/7
f 3/9/8 2/10/9 10/11/10 9/12/11
f 3/2/2 11/13/12 12/14/12 4/3/2
f 5/6/6 6/5/5 14/15/13 13/16/14
f 7/8/15 1/4/3 5/6/6 15/17/16
f 4/3/4 12/14/17 16/18/18 6/5/5
f 18/19/19 8/7/7 7/8/7 17/20/19
f 2/10/9 8/21/20 19/22/21 10/11/10
f 10/11/10 20/23/22 21/24/23 9/12/11
f 11/25/24 3/9/8 9/12/11 22/26/25
f 11/13/12 23/27/26 24/28/26 12/14/12
f 14/15/13 25/29/27 26/30/28 13/16/14
f 15/17/16 5/6/6 13/16/14 27/31/29
f 6/5/5 16/18/18 28/32/30 14/15/13
f 17/20/31 7/8/15 15/17/16 29/33/32
f 12/14/17 24/28/33 30/34/34 16/18/18
f 32/35/35 18/19/19 17/20/19 31/36/35
f 8/21/20 18/37/36 33/38/37 19/22/21
f 19/22/21 34/39/38 20/23/22 10/11/10
f 9/12/11 21/24/23 35/40/39 22/26/25
f 21/41/23 20/42/22 37/43/40 36/44/41
f 23/45/42 11/25/24 22/26/25 38/46/43
f 23/27/26 39/47/44 40/48/44 24/28/26
f 13/16/14 26/30/28 41/49/45 27/31/29
f 28/32/30 42/50/46 25/29/27 14/15/13
f 26/30/28 25/29/27 60/51/47 59/52/48
f 29/33/32 15/17/16 27/31/29 43/53/49
f 16/18/18 30/34/34 44/54/50 28/32/30
f 31/36/51 17/20/31 29/33/32 45/55/52
f 24/28/33 40/48/53 46/56/54 30/34/34
f 48/57/55 32/35/35 31/36/35 47/58/55
f 18/37/36 32/59/56 49/60/57 33/38/37
f 33/38/37 50/61/58 34/39/38 19/22/21
f 20/42/22 34/62/38 51/63/59 37/43/40
f 22/26/25 35/40/39 52/64/60 38/46/43
f 35/65/39 21/41/23 36/44/41 53/66/61
f 72/67/62 73/68/63 36/44/41 37/43/40
f 39/69/64 23/70/42 38/71/43 54/72/65
f 39/47/44 55/73/66 56/74/66 40/48/44
f 27/31/29 41/49/45 57/75/67 43/53/49
f 41/49/45 26/30/28 59/52/48 78/76/68
f 44/54/50 58/77/69 42/50/46 28/32/30
f 25/29/27 42/50/46 80/78/70 60/51/47
f 45/55/52 29/33/32 43/53/49 61/79/71
f 30/34/34 46/56/54 62/80/72 44/54/50
f 47/58/73 31/36/51 45/55/52 63/81/74
f 40/48/53 56/74/75 64/82/76 46/56/54
f 66/83/77 48/57/55 47/58/55 65/84/77
f 32/59/56 48/85/78 67/86/79 49/60/57
f 49/60/57 68/87/80 50/61/58 33/38/37
f 34/62/38 50/88/58 69/89/81 51/63/59
f 92/90/82 72/67/62 37/43/40 51/63/59
f 38/71/43 52/91/60 70/92/83 54/72/65
f 52/93/60 35/65/39 53/66/61 71/94/84
f 73/68/63 95/95/85 53/66/61 36/44/41
f 55/96/86 39/69/64 54/72/65 74/97/87
f 55/73/66 75/98/88 76/99/88 56/74/66
f 43/53/49 57/75/67 77/100/89 61/79/71
f 57/75/67 41/49/45 78/76/68 102/101/90
f 62/80/72 79/102/91 58/77/69 44/54/50
f 42/50/46 58/77/69 105/103/92 80/78/70
f 82/104/93 59/52/48 60/51/47 81/105/94
f 63/81/74 45/55/52 61/79/71 83/106/95
f 46/56/54 64/82/76 84/107/96 62/80/72
f 65/84/97 47/58/73 63/81/74 85/108/98
f 56/74/75 76/99/99 86/109/100 64/82/76
f 88/110/101 66/83/77 65/84/77 87/111/101
f 48/85/78 66/112/102 89/113/103 67/86/79
f 67/86/79 90/114/104 68/87/80 49/60/57
f 50/88/58 68/115/80 91/116/105 69/89/81
f 118/117/106 92/90/82 51/63/59 69/89/81
f 54/72/65 70/92/83 93/118/107 74/97/87
f 70/119/83 52/120/60 71/121/84 94/122/108
f 95/95/85 122/123/109 71/94/84 53/66/61
f 96/124/110 97/125/111 73/68/63 72/67/62
f 75/126/112 55/96/86 74/97/87 98/127/113
f 75/98/88 99/128/114 100/129/114 76/99/88
f 61/79/71 77/100/89 101/130/115 83/106/95
f 77/100/89 57/75/67 102/101/90 130/131/116
f 103/132/117 78/76/68 59/52/48 82/104/93
f 84/107/96 104/133/118 79/102/91 62/80/72
f 58/77/69 79/102/91 134/134/119 105/103/92
f 81/105/94 60/51/47 80/78/70 106/135/120
f 107/136/121 108/137/122 82/104/93 81/105/94
f 85/108/98 63/81/74 83/106/95 109/138/123
f 64/82/76 86/109/100 110/139/124 84/107/96
f 87/111/125 65/84/97 85/108/98 111/140/126
f 76/99/99 100/129/127 112/141/128 86/109/100
f 114/142/129 88/110/101 87/111/101 113/143/129
f 66/112/102 88/144/130 115/145/131 89/113/103
f 89/113/103 116/146/132 90/114/104 67/86/79
f 68/115/80 90/147/104 117/148/133 91/116/105
f 148/149/134 118/117/106 69/89/81 91/116/105
f 119/150/135 96/124/110 72/67/62 92/90/82
f 74/97/87 93/118/107 120/151/136 98/127/113
f 93/152/107 70/119/83 94/122/108 121/153/137
f 122/154/109 153/155/138 94/122/108 71/121/84
f 97/125/111 123/156/139 95/95/85 73/68/63
f 125/157/140 97/158/111 96/159/110 124/160/141
f 99/161/142 75/126/112 98/127/113 126/162/143
f 99/128/114 127/163/144 128/164/144 100/129/114
f 83/106/95 101/130/115 129/165/145 109/138/123
f 101/130/115 77/100/89 130/131/116 162/166/146
f 131/167/147 102/101/90 78/76/68 103/132/117
f 108/137/122 132/168/148 103/132/117 82/104/93
f 110/139/124 133/169/149 104/133/118 84/107/96
f 79/102/91 104/133/118 167/170/150 134/134/119
f 106/135/120 80/78/70 105/103/92 135/171/151
f 136/172/152 107/136/121 81/105/94 106/135/120
f 137/173/153 138/174/154 108/137/122 107/136/121
f 111/140/126 85/108/98 109/138/123 139/175/155
f 86/109/100 112/141/128 140/176/156 110/139/124
f 113/143/157 87/111/125 111/140/126 141/177/158
f 100/129/127 128/164/159 142/178/160 112/141/128
f 144/179/161 114/142/129 113/143/129 143/180/161
f 88/144/130 114/181/162 145/182/163 115/145/131
f 115/145/131 146/183/164 116/146/132 89/113/103
f 90/147/104 116/184/132 147/185/165 117/148/133
f 180/186/166 148/149/134 91/116/105 117/148/133
f 149/187/167 119/150/135 92/90/82 118/117/106
f 124/160/141 96/159/110 119/188/135 150/189/168
f 98/127/113 120/151/136 151/190/169 126/162/143
f 120/191/136 93/152/107 121/153/137 152/192/170
f 153/155/138 186/193/171 121/153/137 94/122/108
f 123/156/139 154/194/172 122/123/109 95/95/85
f 155/195/173 123/196/139 97/158/111 125/157/140
f 156/197/174 157/198/175 125/157/175 124/160/174
f 127/199/176 99/161/142 126/162/143 158/200/177
f 127/163/144 159/201/178 160/202/178 128/164/144
f 109/138/123 129/165/145 161/203/179 139/175/155
f 129/165/145 101/130/115 162/166/146 196/204/180
f 163/205/181 130/131/116 102/101/90 131/167/147
f 132/168/148 164/206/182 131/167/147 103/132/117
f 138/174/154 165/207/183 132/168/148 108/137/122
f 140/176/156 166/208/184 133/169/149 110/139/124
f 104/133/118 133/169/149 201/209/185 167/170/150
f 135/171/151 105/103/92 134/134/119 168/210/186
f 169/211/187 136/172/152 106/135/120 135/171/151
f 170/212/188 137/173/153 107/136/121 136/172/152
f 138/174/1 137/173/2 831/213/2 832/214/1
f 141/177/158 111/140/126 139/175/155 171/215/189
f 112/141/128 142/178/160 172/216/190 140/176/156
f 143/180/191 113/143/157 141/177/158 173/217/192
f 128/164/159 160/202/193 174/218/194 142/178/160
f 176/219/195 144/179/161 143/180/161 175/220/195
f 114/181/162 144/221/196 177/222/197 145/182/163
f 145/182/163 178/223/198 146/183/164 115/145/131
f 116/184/132 146/224/164 179/225/199 147/185/165
f 214/226/200 180/186/166 117/148/133 147/185/165
f 181/227/201 149/187/167 118/117/106 148/149/134
f 150/189/168 119/188/135 149/228/167 182/229/202
f 183/230/203 156/197/174 124/160/174 150/189/203
f 126/162/143 151/190/169 184/231/204 158/200/177
f 151/232/169 120/191/136 152/192/170 185/233/205
f 186/193/171 221/234/206 152/192/170 121/153/137
f 154/235/172 187/236/207 153/155/138 122/154/109
f 188/237/208 154/238/172 123/196/139 155/195/173
f 157/198/175 189/239/209 155/195/209 125/157/175
f 156/240/210 190/241/210 191/242/211 157/243/211
f 159/244/212 127/199/176 158/200/177 192/245/213
f 159/201/178 193/246/214 194/247/214 160/202/178
f 139/175/155 161/203/179 195/248/215 171/215/189
f 161/203/179 129/165/145 196/204/180 232/249/216
f 197/250/217 162/166/146 130/131/116 163/205/181
f 164/206/182 198/251/218 163/205/181 131/167/147
f 165/207/183 199/252/219 164/206/182 132/168/148
f 165/207/7 138/174/1 832/214/1 859/253/7
f 172/216/190 200/254/220 166/208/184 140/176/156
f 133/169/149 166/208/184 237/255/221 201/209/185
f 168/210/186 134/134/119 167/170/150 202/256/222
f 203/257/223 169/211/187 135/171/151 168/210/186
f 204/258/224 170/212/188 136/172/152 169/211/187
f 173/217/192 141/177/158 171/215/189 205/259/225
f 142/178/160 174/218/194 206/260/226 172/216/190
f 175/220/227 143/180/191 173/217/192 207/261/228
f 160/202/193 194/247/229 208/262/230 174/218/194
f 210/263/231 176/219/195 175/220/195 209/264/231
f 144/221/196 176/265/232 211/266/233 177/222/197
f 177/222/197 212/267/234 178/223/198 145/182/163
f 146/224/164 178/268/198 213/269/235 179/225/199
f 250/270/236 214/226/200 147/185/165 179/225/199
f 215/271/237 181/227/201 148/149/134 180/186/166
f 182/229/202 149/228/167 181/272/201 216/273/238
f 217/274/239 183/230/203 150/189/203 182/229/239
f 183/275/240 218/276/240 190/241/210 156/240/210
f 158/200/177 184/231/204 219/277/241 192/245/213
f 184/278/204 151/232/169 185/233/205 220/279/242
f 221/234/206 258/280/243 185/233/205 152/192/170
f 187/236/207 222/281/244 186/193/171 153/155/138
f 223/282/245 187/283/207 154/284/172 188/285/208
f 189/239/209 224/286/246 188/237/246 155/195/209
f 157/243/211 191/242/211 225/287/247 189/288/247
f 226/289/248 227/290/249 191/242/249 190/241/248
f 193/291/250 159/244/212 192/245/213 228/292/251
f 193/246/214 229/293/252 230/294/252 194/247/214
f 171/215/189 195/248/215 231/295/253 205/259/225
f 195/248/215 161/203/179 232/249/216 269/296/254
f 233/297/255 196/204/180 162/166/146 197/250/217
f 198/251/218 234/298/256 197/250/217 163/205/181
f 199/252/219 235/299/257 198/251/218 164/206/182
f 199/252/19 165/207/7 859/253/7 893/300/19
f 206/260/226 236/301/258 200/254/220 172/216/190
f 166/208/184 200/254/220 274/302/259 237/255/221
f 202/256/222 167/170/150 201/209/185 238/303/260
f 239/304/261 203/257/223 168/210/186 202/256/222
f 240/305/262 204/258/224 169/211/187 203/257/223
f 207/261/228 173/217/192 205/259/225 241/306/263
f 174/218/194 208/262/230 242/307/264 206/260/226
f 209/264/265 175/220/227 207/261/228 243/308/266
f 194/247/229 230/294/267 244/309/268 208/262/230
f 246/310/247 210/263/231 209/264/231 245/311/247
f 176/265/232 210/312/269 247/313/270 211/266/233
f 211/266/233 248/314/271 212/267/234 177/222/197
f 178/268/198 212/315/234 249/316/272 213/269/235
f 287/317/273 250/270/236 179/225/199 213/269/235
f 251/318/274 215/271/237 180/186/166 214/226/200
f 216/273/238 181/272/201 215/319/237 252/320/275
f 253/321/276 217/274/239 182/229/239 216/273/276
f 217/322/252 254/323/252 218/276/240 183/275/240
f 255/324/277 226/289/248 190/241/248 218/276/277
f 192/245/213 219/277/241 256/325/278 228/292/251
f 219/326/241 184/278/204 220/279/242 257/327/279
f 258/280/243 295/328/280 220/279/242 185/233/205
f 222/281/244 259/329/281 221/234/206 186/193/171
f 260/330/282 222/331/244 187/283/207 223/282/245
f 224/332/246 261/333/283 223/282/283 188/285/246
f 189/288/247 225/287/247 262/334/231 224/335/231
f 227/290/249 263/336/284 225/287/284 191/242/249
f 470/337/285 471/338/285 503/339/285 504/340/285
f 229/341/286 193/291/250 228/292/251 265/342/287
f 229/293/252 266/343/240 267/344/240 230/294/252
f 205/259/225 231/295/253 268/345/288 241/306/263
f 231/295/253 195/248/215 269/296/254 305/346/289
f 270/347/290 232/249/216 196/204/180 233/297/255
f 234/298/256 271/348/291 233/297/255 197/250/217
f 235/299/257 272/349/292 234/298/256 198/251/218
f 235/299/35 199/252/19 893/300/19 929/350/35
f 242/307/264 273/351/293 236/301/258 206/260/226
f 200/254/220 236/301/258 310/352/294 274/302/259
f 238/303/260 201/209/185 237/255/221 275/353/295
f 276/354/296 239/304/261 202/256/222 238/303/260
f 277/355/297 240/305/262 203/257/223 239/304/261
f 204/258/26 240/305/44 934/356/44 898/357/26
f 243/308/266 207/261/228 241/306/263 278/358/298
f 208/262/230 244/309/268 279/359/299 242/307/264
f 245/311/300 209/264/265 243/308/266 280/360/301
f 230/294/267 267/344/302 281/361/303 244/309/268
f 283/362/211 246/310/247 245/311/247 282/363/211
f 210/364/269 246/365/304 284/366/305 247/367/270
f 247/313/270 285/368/306 248/314/271 211/266/233
f 212/315/234 248/369/271 286/370/307 249/316/272
f 321/371/308 287/317/273 213/269/235 249/316/272
f 288/372/309 251/318/274 214/226/200 250/270/236
f 252/320/275 215/319/237 251/373/274 289/374/310
f 290/375/311 253/321/276 216/273/276 252/320/311
f 253/376/214 291/377/214 254/323/252 217/322/252
f 292/378/312 255/324/277 218/276/277 254/323/312
f 228/292/251 256/325/278 293/379/313 265/342/287
f 256/380/278 219/326/241 257/327/279 294/381/314
f 295/328/280 329/382/315 257/327/279 220/279/242
f 259/329/281 296/383/316 258/280/243 221/234/206
f 297/384/317 259/385/281 222/331/244 260/330/282
f 261/333/283 298/386/318 260/330/318 223/282/283
f 224/387/231 262/388/231 299/389/195 261/390/195
f 263/336/284 300/391/319 262/334/319 225/287/284
f 495/392/285 508/393/285 509/394/285 494/395/285
f 266/396/320 229/341/286 265/342/287 301/397/321
f 266/343/240 302/398/210 303/399/210 267/344/240
f 241/306/263 268/345/288 304/400/322 278/358/298
f 268/345/288 231/295/253 305/346/289 337/401/323
f 306/402/324 269/296/254 232/249/216 270/347/290
f 271/348/291 307/403/325 270/347/290 233/297/255
f 272/349/292 308/404/326 271/348/291 234/298/256
f 272/349/55 235/299/35 929/350/35 966/405/55
f 279/359/299 309/406/327 273/351/293 242/307/264
f 236/301/258 273/351/293 342/407/328 310/352/294
f 275/353/295 237/255/221 274/302/259 311/408/329
f 312/409/330 276/354/296 238/303/260 275/353/295
f 313/410/331 277/355/297 239/304/261 276/354/296
f 240/305/44 277/355/66 971/411/66 934/356/44
f 280/360/301 243/308/266 278/358/298 314/412/332
f 244/309/268 281/361/303 315/413/333 279/359/299
f 282/363/334 245/311/300 280/360/301 316/414/335
f 267/344/302 303/399/336 317/415/337 281/361/303
f 302/398/210 283/416/211 282/417/211 303/399/210
f 246/365/304 283/418/338 318/419/339 284/366/305
f 284/366/305 319/420/340 285/421/306 247/367/270
f 248/369/271 285/422/306 320/423/341 286/370/307
f 350/424/342 321/371/308 249/316/272 286/370/307
f 322/425/343 288/372/309 250/270/236 287/317/273
f 289/374/310 251/373/274 288/426/309 323/427/344
f 324/428/345 290/375/311 252/320/311 289/374/345
f 290/429/178 325/430/178 291/377/214 253/376/214
f 326/431/346 292/378/312 254/323/312 291/377/346
f 472/432/285 473/433/285 264/434/285
f 265/342/287 293/379/313 327/435/347 301/397/321
f 293/436/313 256/380/278 294/381/314 328/437/348
f 329/382/315 358/438/349 294/381/314 257/327/279
f 296/383/316 330/439/350 295/328/280 258/280/243
f 331/440/351 296/441/316 259/385/281 297/384/317
f 298/386/318 332/442/352 297/384/352 260/330/318
f 261/390/195 299/389/195 333/443/161 298/444/161
f 300/445/319 334/446/353 299/389/353 262/388/319
f 302/447/354 266/396/320 301/397/321 335/448/355
f 278/358/298 304/400/322 336/449/356 314/412/332
f 304/400/322 268/345/288 337/401/323 365/450/357
f 338/451/358 305/346/289 269/296/254 306/402/324
f 307/403/325 339/452/359 306/402/324 270/347/290
f 308/404/326 340/453/360 307/403/325 271/348/291
f 308/404/77 272/349/55 966/405/55 1002/454/77
f 315/413/333 341/455/361 309/406/327 279/359/299
f 273/351/293 309/406/327 370/456/362 342/407/328
f 311/408/329 274/302/259 310/352/294 343/457/363
f 344/458/364 312/409/330 275/353/295 311/408/329
f 345/459/365 313/410/331 276/354/296 312/409/330
f 277/355/66 313/410/88 1007/460/88 971/411/66
f 316/414/335 280/360/301 314/412/332 346/461/366
f 281/361/303 317/415/337 347/462/367 315/413/333
f 303/399/336 282/417/334 316/463/335 317/415/337
f 283/418/338 302/447/354 335/448/355 318/419/339
f 318/419/339 348/464/368 319/420/340 284/366/305
f 285/465/306 319/466/340 349/467/369 320/468/341
f 375/469/370 350/424/342 286/370/307 320/423/341
f 351/470/371 322/425/343 287/317/273 321/371/308
f 323/427/344 288/426/309 322/471/343 352/472/372
f 353/473/373 324/428/345 289/374/345 323/427/373
f 324/474/144 354/475/144 325/430/178 290/429/178
f 355/476/374 326/431/346 291/377/346 325/430/375
f 473/433/285 474/477/285 264/434/285
f 301/397/321 327/435/347 356/478/376 335/448/355
f 327/479/347 293/436/313 328/437/348 357/480/377
f 358/438/349 382/481/378 328/437/348 294/381/314
f 330/439/350 359/482/379 329/382/315 295/328/280
f 360/483/380 330/484/350 296/441/316 331/440/351
f 332/442/352 361/485/381 331/440/381 297/384/352
f 298/444/161 333/443/161 362/486/129 332/487/129
f 334/446/353 363/488/382 333/443/382 299/389/353
f 493/489/285 494/395/285 264/434/285
f 314/412/332 336/449/356 364/490/383 346/461/366
f 336/449/356 304/400/322 365/450/357 388/491/384
f 366/492/385 337/401/323 305/346/289 338/451/358
f 339/452/359 367/493/386 338/451/358 306/402/324
f 340/453/360 368/494/387 339/452/359 307/403/325
f 340/453/101 308/404/77 1002/454/77 1034/495/101
f 347/462/367 369/496/388 341/455/361 315/413/333
f 309/406/327 341/455/361 392/497/389 370/456/362
f 343/457/363 310/352/294 342/407/328 371/498/390
f 372/499/391 344/458/364 311/408/329 343/457/363
f 373/500/392 345/459/365 312/409/330 344/458/364
f 313/410/88 345/459/114 1039/501/114 1007/460/88
f 317/415/337 316/463/335 346/502/366 347/462/367
f 335/448/355 356/478/376 348/464/368 318/419/339
f 319/466/340 348/503/368 374/504/393 349/467/369
f 396/505/394 375/506/370 320/468/341 349/467/369
f 376/507/395 351/470/371 321/371/308 350/424/342
f 352/472/372 322/471/343 351/508/371 377/509/396
f 378/510/397 353/473/373 323/427/373 352/472/397
f 353/511/114 379/512/114 354/475/144 324/474/144
f 380/513/398 355/476/374 325/430/375 354/475/398
f 474/477/285 475/514/285 264/434/285
f 356/515/376 327/479/347 357/480/377 381/516/399
f 382/481/378 402/517/400 357/480/377 328/437/348
f 359/482/379 383/518/401 358/438/349 329/382/315
f 384/519/402 359/520/379 330/484/350 360/483/380
f 361/485/381 385/521/403 360/483/403 331/440/381
f 332/487/129 362/486/129 386/522/101 361/523/101
f 363/488/382 387/524/404 362/486/404 333/443/382
f 492/525/285 493/489/285 264/434/285
f 346/502/366 364/526/383 369/496/388 347/462/367
f 364/490/383 336/449/356 388/491/384 408/527/405
f 389/528/406 365/450/357 337/401/323 366/492/385
f 367/493/386 390/529/407 366/492/385 338/451/358
f 368/494/387 391/530/408 367/493/386 339/452/359
f 368/494/129 340/453/101 1034/495/101 1062/531/129
f 341/455/361 369/496/388 412/532/409 392/497/389
f 371/498/390 342/407/328 370/456/362 393/533/410
f 394/534/411 372/499/391 343/457/363 371/498/390
f 395/535/412 373/500/392 344/458/364 372/499/391
f 345/459/114 373/500/144 1067/536/144 1039/501/114
f 348/503/368 356/515/376 381/516/399 374/504/393
f 416/537/413 396/505/394 349/467/369 374/504/393
f 397/538/414 376/507/395 350/424/342 375/469/370
f 377/509/396 351/508/371 376/539/395 398/540/415
f 399/541/416 378/510/397 352/472/397 377/509/416
f 378/542/88 400/543/88 379/512/114 353/511/114
f 401/544/417 380/513/398 354/475/398 379/512/417
f 475/514/285 476/545/285 264/434/285
f 402/517/400 422/546/418 381/516/399 357/480/377
f 383/518/401 403/547/419 382/481/378 358/438/349
f 404/548/420 383/549/401 359/520/379 384/519/402
f 385/521/403 405/550/421 384/519/421 360/483/403
f 361/523/101 386/522/101 406/551/77 385/552/77
f 387/524/404 407/553/422 386/522/422 362/486/404
f 491/554/285 492/525/285 264/434/285
f 369/496/388 364/526/383 408/555/405 412/532/409
f 409/556/423 388/491/384 365/450/357 389/528/406
f 390/529/407 410/557/424 389/528/406 366/492/385
f 391/530/408 411/558/425 390/529/407 367/493/386
f 391/530/161 368/494/129 1062/531/129 1085/559/161
f 393/533/410 370/456/362 392/497/389 413/560/426
f 414/561/427 394/534/411 371/498/390 393/533/410
f 415/562/428 395/535/412 372/499/391 394/534/411
f 373/500/144 395/535/178 1089/563/178 1067/536/144
f 422/546/418 416/537/413 374/504/393 381/516/399
f 417/564/429 397/565/414 375/506/370 396/505/394
f 398/540/415 376/539/395 397/566/414 418/567/430
f 419/568/431 399/541/416 377/509/416 398/540/431
f 399/569/66 420/570/66 400/543/88 378/542/88
f 421/571/432 401/544/417 379/512/417 400/543/432
f 476/545/285 477/572/285 264/434/285
f 403/547/419 423/573/433 402/517/400 382/481/378
f 424/574/434 403/575/419 383/549/401 404/548/420
f 405/550/421 425/576/435 404/548/435 384/519/421
f 385/552/77 406/551/77 426/577/55 405/578/55
f 407/553/422 427/579/436 406/551/436 386/522/422
f 490/580/285 491/554/285 264/434/285
f 428/581/437 408/527/405 388/491/384 409/556/423
f 410/557/424 429/582/438 409/556/423 389/528/406
f 411/558/425 430/583/439 410/557/424 390/529/407
f 411/558/195 391/530/161 1085/559/161 1105/584/195
f 413/560/426 392/497/389 412/532/409 431/585/440
f 432/586/441 414/561/427 393/533/410 413/560/426
f 433/587/442 415/562/428 394/534/411 414/561/427
f 395/535/178 415/562/214 1109/588/214 1089/563/178
f 434/589/443 417/564/429 396/505/394 416/537/413
f 418/590/430 397/591/414 417/592/429 435/593/444
f 436/594/445 419/568/431 398/540/431 418/567/445
f 419/595/44 437/596/44 420/570/66 399/569/66
f 438/597/446 421/571/432 400/543/432 420/570/446
f 477/572/285 478/598/285 264/434/285
f 423/573/433 439/599/447 422/546/418 402/517/400
f 440/600/448 423/601/433 403/575/419 424/574/434
f 425/576/435 441/602/449 424/574/449 404/548/435
f 405/578/55 426/577/55 442/603/35 425/604/35
f 427/579/436 443/605/450 426/577/450 406/551/436
f 489/606/285 490/580/285 264/434/285
f 431/585/440 412/532/409 408/555/405 428/607/437
f 429/582/438 444/608/451 428/581/437 409/556/423
f 430/583/439 445/609/452 429/582/438 410/557/424
f 430/583/231 411/558/195 1105/584/195 1124/610/231
f 446/611/453 432/586/441 413/560/426 431/585/440
f 447/612/454 433/587/442 414/561/427 432/586/441
f 415/562/214 433/587/252 1127/613/252 1109/588/214
f 439/599/447 434/589/443 416/537/413 422/546/418
f 435/593/444 417/592/429 434/614/443 448/615/455
f 449/616/456 436/617/445 418/590/445 435/593/456
f 436/618/26 450/619/26 437/596/44 419/595/44
f 451/620/457 438/597/446 420/570/446 437/596/457
f 478/598/285 479/621/285 264/434/285
f 452/622/458 439/623/447 423/601/433 440/600/448
f 441/602/449 453/624/459 440/600/459 424/574/449
f 425/604/35 442/603/35 454/625/19 441/626/19
f 443/605/450 455/627/460 442/603/460 426/577/450
f 488/628/285 489/606/285 264/434/285
f 444/629/451 446/611/453 431/585/440 428/607/437
f 445/609/452 456/630/461 444/608/451 429/582/438
f 445/609/247 430/583/231 1124/610/231 1139/631/247
f 457/632/462 447/612/454 432/586/441 446/611/453
f 433/587/252 447/612/240 1141/633/240 1127/613/252
f 448/615/455 434/614/443 439/623/447 452/622/458
f 458/634/463 449/616/456 435/593/456 448/615/463
f 449/635/12 459/636/12 450/637/26 436/638/26
f 460/639/464 451/620/457 437/596/457 450/619/464
f 479/621/285 480/640/285 264/434/285
f 453/624/459 461/641/465 452/622/465 440/600/459
f 441/626/19 454/625/19 462/642/7 453/643/7
f 455/627/460 463/644/466 454/625/466 442/603/460
f 487/645/285 488/628/285 264/434/285
f 456/646/461 457/632/462 446/611/453 444/629/451
f 456/630/211 445/609/247 1139/631/247 1150/647/211
f 447/612/240 457/632/210 1151/648/210 1141/633/240
f 461/641/465 458/634/463 448/615/463 452/622/465
f 458/649/2 464/650/2 459/636/12 449/635/12
f 465/651/467 460/652/464 450/637/464 459/636/467
f 480/640/285 481/653/285 264/434/285
f 453/643/7 462/642/7 466/654/1 461/655/1
f 463/644/466 467/656/468 462/642/468 454/625/466
f 486/657/285 487/645/285 264/434/285
f 457/632/210 456/646/211 1150/658/211 1151/648/210
f 461/655/1 466/654/1 464/650/2 458/649/2
f 468/659/469 465/651/467 459/636/467 464/650/469
f 481/653/285 482/660/285 264/434/285
f 467/656/468 469/661/470 466/654/470 462/642/468
f 485/662/285 486/657/285 264/434/285
f 469/661/470 468/659/469 464/650/469 466/654/470
f 482/660/285 483/663/285 264/434/285
f 484/664/285 485/662/285 264/434/285
f 483/663/285 484/664/285 264/434/285
f 227/665/285 226/666/285 471/338/285 470/337/285
f 226/666/285 255/667/285 472/432/285 471/338/285
f 255/667/285 292/668/285 473/433/285 472/432/285
f 292/668/285 326/669/285 474/477/285 473/433/285
f 326/669/285 355/670/285 475/514/285 474/477/285
f 355/670/285 380/671/285 476/545/285 475/514/285
f 380/671/285 401/672/285 477/572/285 476/545/285
f 401/672/285 421/673/285 478/598/285 477/572/285
f 421/673/285 438/674/285 479/621/285 478/598/285
f 438/674/285 451/675/285 480/640/285 479/621/285
f 451/675/285 460/676/285 481/653/285 480/640/285
f 460/676/285 465/677/285 482/660/285 481/653/285
f 465/677/285 468/678/285 483/663/285 482/660/285
f 468/678/285 469/679/285 484/664/285 483/663/285
f 469/679/285 467/680/285 485/662/285 484/664/285
f 467/680/285 463/681/285 486/657/285 485/662/285
f 463/681/285 455/682/285 487/645/285 486/657/285
f 455/682/285 443/683/285 488/628/285 487/645/285
f 443/683/285 427/684/285 489/606/285 488/628/285
f 427/684/285 407/685/285 490/580/285 489/606/285
f 407/685/285 387/686/285 491/554/285 490/580/285
f 387/686/285 363/687/285 492/525/285 491/554/285
f 363/687/285 334/688/285 493/489/285 492/525/285
f 334/688/285 300/689/285 494/395/285 493/489/285
f 300/689/285 263/690/285 495/392/285 494/395/285
f 263/690/285 227/665/285 470/337/285 495/392/285
f 586/691/285 587/692/285 532/693/471 533/694/472
f 587/692/285 588/695/285 549/696/473 532/693/471
f 588/695/285 589/697/285 548/698/474 549/696/473
f 589/697/285 590/699/285 547/700/475 548/698/474
f 590/699/285 591/701/285 546/702/476 547/700/475
f 591/701/285 592/703/285 545/704/477 546/702/476
f 592/703/285 593/705/285 544/706/478 545/704/477
f 593/705/285 594/707/285 543/708/479 544/706/478
f 594/707/285 595/709/285 542/710/480 543/708/479
f 595/709/285 596/711/285 541/712/481 542/710/480
f 596/711/285 597/713/285 540/714/482 541/712/481
f 597/713/285 598/715/285 539/716/483 540/714/482
f 598/715/285 599/717/285 538/718/484 539/716/483
f 599/719/285 600/720/285 537/721/485 538/722/484
f 600/720/285 601/723/285 536/724/486 537/721/485
f 601/723/285 602/725/285 535/726/487 536/724/486
f 602/725/285 603/727/285 534/728/488 535/726/487
f 603/727/285 586/691/285 533/694/472 534/728/488
f 495/392/285 470/337/285 504/340/285 505/729/285
f 495/392/285 505/729/285 506/730/285
f 495/392/285 506/730/285 507/731/285
f 472/432/285 264/434/285 498/732/285 499/733/285
f 471/338/285 501/734/285 502/735/285
f 471/338/285 502/735/285 503/339/285
f 512/736/285 513/737/285 264/434/285
f 511/738/285 512/736/285 264/434/285
f 510/739/285 511/738/285 264/434/285
f 264/434/285 513/737/285 496/740/285
f 264/434/285 496/740/285 497/741/285
f 264/434/285 497/741/285 498/732/285
f 495/392/285 507/731/285 508/393/285
f 510/739/285 264/434/285 494/395/285 509/394/285
f 500/742/285 501/734/285 471/338/285
f 499/733/285 500/742/285 471/338/285 472/432/285
f 496/743/489 513/744/490 515/745/490 514/746/489
f 513/744/490 512/747/491 516/748/491 515/745/490
f 512/747/491 511/749/492 517/750/492 516/748/491
f 511/749/492 510/751/493 518/752/493 517/750/492
f 510/751/493 509/753/494 519/754/494 518/752/493
f 509/753/494 508/755/495 520/756/495 519/754/494
f 508/757/495 507/758/496 521/759/496 520/760/495
f 507/758/496 506/761/497 522/762/497 521/759/496
f 506/761/497 505/763/498 523/764/498 522/762/497
f 505/763/498 504/765/499 524/766/499 523/764/498
f 504/765/499 503/767/500 525/768/500 524/766/499
f 503/767/500 502/769/501 526/770/501 525/768/500
f 502/769/501 501/771/502 527/772/502 526/770/501
f 501/771/502 500/773/503 528/774/503 527/772/502
f 500/773/503 499/775/504 529/776/504 528/774/503
f 499/775/504 498/777/505 530/778/505 529/776/504
f 498/777/505 497/779/506 531/780/506 530/778/505
f 497/779/506 496/743/489 514/746/489 531/780/506
f 604/781/507 605/782/508 622/783/509 623/784/510
f 605/782/508 606/785/511 639/786/512 622/783/509
f 606/785/511 607/787/513 638/788/514 639/786/512
f 607/787/513 608/789/515 637/790/516 638/788/514
f 608/789/515 609/791/517 636/792/518 637/790/516
f 609/791/517 610/793/519 635/794/520 636/792/518
f 610/795/519 611/796/521 634/797/522 635/798/520
f 611/796/521 612/799/523 633/800/524 634/797/522
f 612/799/523 613/801/525 632/802/526 633/800/524
f 613/801/525 614/803/527 631/804/528 632/802/526
f 614/803/527 615/805/529 630/806/530 631/804/528
f 615/805/529 616/807/531 629/808/532 630/806/530
f 616/807/531 617/809/533 628/810/534 629/808/532
f 617/809/533 618/811/535 627/812/536 628/810/534
f 618/811/535 619/813/537 626/814/538 627/812/536
f 619/813/537 620/815/539 625/816/540 626/814/538
f 620/815/539 621/817/541 624/818/542 625/816/540
f 621/817/541 604/781/507 623/784/510 624/818/542
f 514/819/543 515/820/544 551/821/545 550/822/546
f 515/820/544 516/823/547 552/824/548 551/821/545
f 516/823/547 517/825/549 553/826/550 552/824/548
f 517/825/549 518/827/551 554/828/552 553/826/550
f 518/827/551 519/829/553 555/830/554 554/828/552
f 519/829/553 520/831/555 556/832/556 555/830/554
f 520/833/555 521/834/557 557/835/558 556/836/556
f 521/834/557 522/837/559 558/838/560 557/835/558
f 522/837/559 523/839/561 559/840/562 558/838/560
f 523/839/561 524/841/563 560/842/564 559/840/562
f 524/841/563 525/843/565 561/844/566 560/842/564
f 525/843/565 526/845/567 562/846/568 561/844/566
f 526/845/567 527/847/569 563/848/570 562/846/568
f 527/847/569 528/849/571 564/850/572 563/848/570
f 528/849/571 529/851/573 565/852/574 564/850/572
f 529/851/573 530/853/575 566/854/576 565/852/574
f 530/853/575 531/855/577 567/856/578 566/854/576
f 531/855/577 514/819/543 550/822/546 567/856/578
f 533/694/472 532/693/471 569/857/579 568/858/580
f 532/693/471 549/696/473 570/859/581 569/857/579
f 549/696/473 548/698/474 571/860/582 570/859/581
f 548/698/474 547/700/475 572/861/583 571/860/582
f 547/700/475 546/702/476 573/862/584 572/861/583
f 546/702/476 545/704/477 574/863/585 573/862/584
f 545/704/477 544/706/478 575/864/586 574/863/585
f 544/706/478 543/708/479 576/865/587 575/864/586
f 543/708/479 542/710/480 577/866/588 576/865/587
f 542/710/480 541/712/481 578/867/589 577/866/588
f 541/712/481 540/714/482 579/868/590 578/867/589
f 540/714/482 539/716/483 580/869/591 579/868/590
f 539/716/483 538/718/484 581/870/592 580/869/591
f 538/722/484 537/721/485 582/871/593 581/872/592
f 537/721/485 536/724/486 583/873/594 582/871/593
f 536/724/486 535/726/487 584/874/595 583/873/594
f 535/726/487 534/728/488 585/875/596 584/874/595
f 534/728/488 533/694/472 568/858/580 585/875/596
f 1180/876/597 1164/877/598 587/692/599 586/691/600
f 1164/877/598 1165/878/601 588/695/602 587/692/599
f 1165/878/601 1166/879/603 589/697/604 588/695/602
f 1166/879/603 1167/880/605 590/699/606 589/697/604
f 1167/880/605 1168/881/607 591/701/608 590/699/606
f 1168/881/607 1169/882/609 592/703/610 591/701/608
f 1169/882/609 1170/883/611 593/705/612 592/703/610
f 1170/883/611 1171/884/613 594/707/614 593/705/612
f 1171/884/613 1172/885/615 595/709/616 594/707/614
f 1172/885/615 1173/886/617 596/711/618 595/709/616
f 1173/886/617 1174/887/619 597/713/620 596/711/618
f 1174/887/619 1175/888/621 598/715/622 597/713/620
f 1175/888/621 1176/889/623 599/717/624 598/715/622
f 1176/890/623 1177/891/625 600/720/626 599/719/624
f 1177/891/625 1178/892/627 601/723/628 600/720/626
f 1178/892/627 1179/893/629 602/725/630 601/723/628
f 1179/893/629 1181/894/631 603/727/632 602/725/630
f 1181/894/631 1180/876/597 586/691/600 603/727/632
f 604/781/507 550/822/546 551/821/545 605/782/508
f 605/782/508 551/821/545 552/824/548 606/785/511
f 606/785/511 552/824/548 553/826/550 607/787/513
f 607/787/513 553/826/550 554/828/552 608/789/515
f 608/789/515 554/828/552 555/830/554 609/791/517
f 609/791/517 555/830/554 556/832/556 610/793/519
f 610/795/519 556/836/556 557/835/558 611/796/521
f 611/796/521 557/835/558 558/838/560 612/799/523
f 612/799/523 558/838/560 559/840/562 613/801/525
f 613/801/525 559/840/562 560/842/564 614/803/527
f 614/803/527 560/842/564 561/844/566 615/805/529
f 615/805/529 561/844/566 562/846/568 616/807/531
f 616/807/531 562/846/568 563/848/570 617/809/533
f 617/809/533 563/848/570 564/850/572 618/811/535
f 618/811/535 564/850/572 565/852/574 619/813/537
f 619/813/537 565/852/574 566/854/576 620/815/539
f 620/815/539 566/854/576 567/856/578 621/817/541
f 621/817/541 567/856/578 550/822/546 604/781/507
f 622/783/509 568/858/580 569/857/579 623/784/510
f 623/784/510 569/857/579 570/859/581 624/818/542
f 624/818/542 570/859/581 571/860/582 625/816/540
f 625/816/540 571/860/582 572/861/583 626/814/538
f 626/814/538 572/861/583 573/862/584 627/812/536
f 627/812/536 573/862/584 574/863/585 628/810/534
f 628/810/534 574/863/585 575/864/586 629/808/532
f 629/808/532 575/864/586 576/865/587 630/806/530
f 630/806/530 576/865/587 577/866/588 631/804/528
f 631/804/528 577/866/588 578/867/589 632/802/526
f 632/802/526 578/867/589 579/868/590 633/800/524
f 633/800/524 579/868/590 580/869/591 634/797/522
f 634/797/522 580/869/591 581/870/592 635/798/520
f 635/794/520 581/872/592 582/871/593 636/792/518
f 636/792/518 582/871/593 583/873/594 637/790/516
f 637/790/516 583/873/594 584/874/595 638/788/514
f 638/788/514 584/874/595 585/875/596 639/786/512
f 639/786/512 585/875/596 568/858/580 622/783/509
f 641/895/633 640/896/2 658/897/634 659/898/635
f 642/899/497 641/895/633 659/898/635 660/900/636
f 643/901/496 642/899/497 660/900/636 661/902/637
f 644/903/495 643/901/496 661/902/637 662/904/638
f 645/905/494 644/903/495 662/904/638 663/906/639
f 646/907/493 645/905/494 663/906/639 664/908/640
f 647/909/492 646/907/493 664/908/640 665/910/641
f 648/911/642 647/909/492 665/910/641 666/912/643
f 649/913/211 648/911/642 666/912/643 667/914/644
f 650/915/489 649/913/211 667/914/644 668/916/645
f 651/917/506 650/915/489 668/916/645 669/918/646
f 652/919/505 651/917/506 669/918/646 670/920/647
f 653/921/504 652/919/505 670/920/647 671/922/648
f 654/923/503 653/924/504 671/925/648 672/926/649
f 655/927/502 654/923/503 672/926/649 673/928/650
f 656/929/501 655/927/502 673/928/650 674/930/651
f 657/931/500 656/929/501 674/930/651 675/932/652
f 640/896/2 657/931/500 675/932/652 658/897/634
f 678/933/285 677/934/285 676/935/285
f 679/936/285 678/933/285 676/935/285
f 680/937/285 679/936/285 676/935/285
f 681/938/285 680/937/285 676/935/285
f 682/939/285 681/938/285 676/935/285
f 683/940/285 682/939/285 676/935/285
f 684/941/285 683/940/285 676/935/285
f 685/942/285 684/941/285 676/935/285
f 686/943/285 685/942/285 676/935/285
f 687/944/285 686/943/285 676/935/285
f 688/945/285 687/944/285 676/935/285
f 689/946/285 688/945/285 676/935/285
f 690/947/285 689/946/285 676/935/285
f 691/948/285 690/947/285 676/935/285
f 692/949/285 691/948/285 676/935/285
f 693/950/285 692/949/285 676/935/285
f 694/951/285 693/950/285 676/935/285
f 677/934/285 694/951/285 676/935/285
f 658/897/634 677/952/653 678/953/654 659/898/635
f 659/898/635 678/953/654 679/954/655 660/900/636
f 660/900/636 679/954/655 680/955/656 661/902/637
f 661/902/637 680/955/656 681/956/657 662/904/638
f 662/904/638 681/956/657 682/957/658 663/906/639
f 663/906/639 682/957/658 683/958/659 664/908/640
f 664/908/640 683/958/659 684/959/660 665/910/641
f 665/910/641 684/959/660 685/960/661 666/912/643
f 666/912/643 685/960/661 686/961/662 667/914/644
f 667/914/644 686/961/662 687/962/663 668/916/645
f 668/916/645 687/962/663 688/963/664 669/918/646
f 669/918/646 688/963/664 689/964/665 670/920/647
f 670/920/647 689/964/665 690/965/666 671/922/648
f 671/925/648 690/966/666 691/967/667 672/926/649
f 672/926/649 691/967/667 692/968/668 673/928/650
f 673/928/650 692/968/668 693/969/669 674/930/651
f 674/930/651 693/969/669 694/970/670 675/932/652
f 675/932/652 694/970/670 677/952/653 658/897/634
f 698/971/2 697/972/2 696/973/1 695/974/1
f 700/975/121 698/971/153 695/974/671 699/976/122
f 695/974/1 696/973/1 702/977/7 701/978/7
f 704/979/672 696/980/673 697/981/674 703/982/675
f 706/983/12 705/984/12 697/972/2 698/971/2
f 708/985/94 700/975/121 699/976/122 707/986/93
f 699/976/122 695/974/671 701/978/183 709/987/148
f 710/988/152 706/983/676 698/971/153 700/975/121
f 701/978/7 702/977/7 712/989/19 711/990/19
f 713/991/677 702/992/678 696/980/673 704/979/672
f 715/993/679 714/994/680 704/979/672 703/982/675
f 703/982/675 697/981/674 705/995/681 716/996/682
f 718/997/26 717/998/26 705/984/12 706/983/12
f 720/999/48 719/1000/683 708/985/94 707/986/93
f 707/986/93 699/976/122 709/987/148 721/1001/117
f 722/1002/120 710/988/152 700/975/121 708/985/94
f 709/987/148 701/978/183 711/990/684 723/1003/182
f 724/1004/187 718/997/224 706/983/676 710/988/152
f 711/990/19 712/989/19 726/1005/35 725/1006/35
f 727/1007/685 712/1008/686 702/992/678 713/991/677
f 714/994/680 728/1009/687 713/991/677 704/979/672
f 729/1010/688 715/993/679 703/982/675 716/996/682
f 731/1011/689 714/994/680 715/993/679 730/1012/690
f 716/996/682 705/995/681 717/1013/691 732/1014/692
f 734/1015/44 733/1016/44 717/998/26 718/997/26
f 735/1017/68 720/999/48 707/986/93 721/1001/117
f 719/1000/683 736/1018/70 722/1002/120 708/985/94
f 754/1019/693 719/1000/683 720/999/48 753/1020/28
f 721/1001/117 709/987/148 723/1003/182 737/1021/147
f 738/1022/151 724/1004/187 710/988/152 722/1002/120
f 723/1003/182 711/990/684 725/1006/694 739/1023/218
f 740/1024/223 734/1015/262 718/997/224 724/1004/187
f 725/1006/35 726/1005/35 742/1025/55 741/1026/55
f 743/1027/695 726/1028/696 712/1008/686 727/1007/685
f 728/1009/687 744/1029/697 727/1007/685 713/991/677
f 745/1030/698 728/1009/687 714/994/680 731/1011/689
f 746/1031/699 729/1010/688 716/996/682 732/1014/692
f 730/1012/690 715/993/679 729/1010/688 747/1032/700
f 730/1012/690 767/1033/701 766/1034/702 731/1011/689
f 732/1014/692 717/1013/691 733/1035/703 748/1036/704
f 750/1037/66 749/1038/66 733/1016/44 734/1015/44
f 751/1039/90 735/1017/68 721/1001/117 737/1021/147
f 753/1020/28 720/999/48 735/1017/68 772/1040/45
f 736/1018/70 752/1041/92 738/1022/151 722/1002/120
f 774/1042/46 736/1018/70 719/1000/683 754/1019/693
f 737/1021/147 723/1003/182 739/1023/218 755/1043/181
f 756/1044/186 740/1024/223 724/1004/187 738/1022/151
f 739/1023/218 725/1006/694 741/1026/292 757/1045/256
f 758/1046/261 750/1037/297 734/1015/262 740/1024/223
f 741/1026/55 742/1025/55 760/1047/77 759/1048/77
f 761/1049/705 742/1050/706 726/1028/696 743/1027/695
f 744/1029/697 762/1051/707 743/1027/695 727/1007/685
f 763/1052/708 744/1029/697 728/1009/687 745/1030/698
f 731/1011/689 766/1034/702 786/1053/709 745/1030/698
f 764/1054/710 746/1031/699 732/1014/692 748/1036/704
f 747/1032/700 729/1010/688 746/1031/699 765/1055/711
f 747/1032/700 789/1056/712 767/1033/701 730/1012/690
f 748/1036/704 733/1035/703 749/1057/713 768/1058/714
f 770/1059/88 769/1060/88 749/1038/66 750/1037/66
f 771/1061/116 751/1039/90 737/1021/147 755/1043/181
f 772/1040/45 735/1017/68 751/1039/90 796/1062/67
f 752/1041/92 773/1063/119 756/1044/186 738/1022/151
f 799/1064/69 752/1041/92 736/1018/70 774/1042/46
f 754/1019/693 753/1020/28 776/1065/14 775/1066/13
f 755/1043/181 739/1023/218 757/1045/256 777/1067/217
f 778/1068/222 758/1046/261 740/1024/223 756/1044/186
f 757/1045/256 741/1026/292 759/1048/326 779/1069/291
f 780/1070/296 770/1059/331 750/1037/297 758/1046/261
f 759/1048/77 760/1047/77 782/1071/101 781/1072/101
f 783/1073/715 760/1074/716 742/1050/706 761/1049/705
f 762/1051/707 784/1075/717 761/1049/705 743/1027/695
f 785/1076/718 762/1051/707 744/1029/697 763/1052/708
f 745/1030/698 786/1053/709 812/1077/719 763/1052/708
f 787/1078/720 764/1054/710 748/1036/704 768/1058/714
f 765/1055/711 746/1031/699 764/1054/710 788/1079/721
f 765/1055/711 816/1080/722 789/1056/712 747/1032/700
f 767/1033/701 791/1081/723 790/1082/724 766/1034/702
f 768/1058/714 749/1057/713 769/1083/725 792/1084/726
f 794/1085/114 793/1086/114 769/1060/88 770/1059/88
f 795/1087/146 771/1061/116 755/1043/181 777/1067/217
f 796/1062/67 751/1039/90 771/1061/116 824/1088/89
f 753/1020/28 772/1040/45 797/1089/29 776/1065/14
f 773/1063/119 798/1090/150 778/1068/222 756/1044/186
f 828/1091/91 773/1063/119 752/1041/92 799/1064/69
f 774/1042/46 754/1019/693 775/1066/13 800/1092/30
f 776/1065/14 802/1093/6 801/1094/5 775/1066/13
f 777/1067/217 757/1045/256 779/1069/291 803/1095/255
f 804/1096/260 780/1070/296 758/1046/261 778/1068/222
f 779/1069/291 759/1048/326 781/1072/360 805/1097/325
f 806/1098/330 794/1085/727 770/1059/331 780/1070/296
f 781/1072/101 782/1071/101 808/1099/129 807/1100/129
f 809/1101/728 782/1102/729 760/1103/716 783/1104/715
f 784/1075/717 810/1105/730 783/1073/715 761/1049/705
f 811/1106/731 784/1075/717 762/1051/707 785/1076/718
f 763/1052/708 812/1077/719 842/1107/732 785/1076/718
f 766/1034/702 790/1082/724 813/1108/733 786/1053/709
f 814/1109/734 787/1078/720 768/1058/714 792/1084/726
f 788/1079/721 764/1054/710 787/1078/720 815/1110/735
f 788/1079/721 847/1111/736 816/1080/722 765/1055/711
f 789/1056/712 817/1112/737 791/1081/723 767/1033/701
f 790/1082/724 791/1081/723 819/1113/738 818/1114/739
f 792/1084/726 769/1083/725 793/1115/740 820/1116/741
f 822/1117/144 821/1118/144 793/1086/114 794/1085/114
f 823/1119/180 795/1087/146 777/1067/217 803/1095/255
f 824/1088/89 771/1061/116 795/1087/146 856/1120/115
f 772/1040/45 796/1062/67 825/1121/49 797/1089/29
f 797/1089/29 826/1122/16 802/1093/6 776/1065/14
f 798/1090/150 827/1123/185 804/1096/260 778/1068/222
f 861/1124/118 798/1090/150 773/1063/119 828/1091/91
f 799/1064/69 774/1042/46 800/1092/30 829/1125/50
f 775/1066/13 801/1094/5 830/1126/18 800/1092/30
f 802/1093/6 832/214/742 831/213/4 801/1094/5
f 803/1095/255 779/1069/291 805/1097/325 833/1127/290
f 834/1128/295 806/1098/330 780/1070/296 804/1096/260
f 805/1097/325 781/1072/360 807/1100/387 835/1129/359
f 836/1130/364 822/1117/392 794/1085/727 806/1098/330
f 807/1100/129 808/1099/129 838/1131/161 837/1132/161
f 839/1133/743 808/1134/744 782/1102/729 809/1101/728
f 810/1135/730 840/1136/745 809/1101/728 783/1104/715
f 841/1137/746 810/1105/730 784/1075/717 811/1106/731
f 785/1076/718 842/1107/732 874/1138/747 811/1106/731
f 786/1053/709 813/1108/733 843/1139/748 812/1077/719
f 813/1108/733 790/1082/724 818/1114/739 844/1140/749
f 845/1141/750 814/1109/734 792/1084/726 820/1116/741
f 815/1110/735 787/1078/720 814/1109/734 846/1142/751
f 815/1110/735 880/1143/752 847/1111/736 788/1079/721
f 816/1080/722 848/1144/753 817/1112/737 789/1056/712
f 791/1081/723 817/1112/737 849/1145/754 819/1113/738
f 819/1146/755 851/1147/755 850/1148/756 818/1149/756
f 820/1116/741 793/1115/740 821/1150/757 852/1151/758
f 854/1152/178 853/1153/178 821/1118/144 822/1117/144
f 855/1154/216 823/1119/180 803/1095/255 833/1127/290
f 856/1120/115 795/1087/146 823/1119/180 890/1155/145
f 796/1062/67 824/1088/89 857/1156/71 825/1121/49
f 825/1121/49 858/1157/32 826/1122/16 797/1089/29
f 826/1122/16 859/253/15 832/214/742 802/1093/6
f 827/1123/185 860/1158/221 834/1128/295 804/1096/260
f 895/1159/149 827/1123/185 798/1090/150 861/1124/118
f 828/1091/91 799/1064/69 829/1125/50 862/1160/72
f 800/1092/30 830/1126/18 863/1161/34 829/1125/50
f 801/1094/5 831/213/4 864/1162/17 830/1126/18
f 833/1127/290 805/1097/325 835/1129/359 865/1163/324
f 866/1164/329 836/1130/364 806/1098/330 834/1128/295
f 835/1129/359 807/1100/387 837/1132/759 867/1165/386
f 868/1166/391 854/1152/412 822/1117/392 836/1130/364
f 837/1132/161 838/1131/161 870/1167/195 869/1168/195
f 871/1169/760 838/1170/761 808/1134/744 839/1133/743
f 840/1136/745 872/1171/762 839/1133/743 809/1101/728
f 873/1172/763 840/1136/745 810/1135/730 841/1173/746
f 811/1106/731 874/1138/747 908/1174/764 841/1137/746
f 812/1077/719 843/1139/748 875/1175/765 842/1107/732
f 843/1139/748 813/1108/733 844/1140/749 876/1176/766
f 818/1149/756 850/1148/756 877/1177/767 844/1178/767
f 878/1179/768 845/1141/750 820/1116/741 852/1151/758
f 846/1142/751 814/1109/734 845/1141/750 879/1180/769
f 846/1142/751 915/1181/770 880/1143/752 815/1110/735
f 847/1111/736 881/1182/771 848/1144/753 816/1080/722
f 817/1112/737 848/1144/753 882/1183/772 849/1145/754
f 849/1184/773 883/1185/773 851/1147/755 819/1146/755
f 885/1186/774 884/1187/775 850/1148/210 851/1147/211
f 852/1188/758 821/1189/757 853/1190/776 886/1191/777
f 888/1192/214 887/1193/214 853/1153/178 854/1152/178
f 889/1194/254 855/1154/216 833/1127/290 865/1163/324
f 890/1155/145 823/1119/180 855/1154/216 926/1195/179
f 824/1088/89 856/1120/115 891/1196/95 857/1156/71
f 857/1156/71 892/1197/52 858/1157/32 825/1121/49
f 858/1157/32 893/300/778 859/253/15 826/1122/16
f 860/1158/221 894/1198/259 866/1164/329 834/1128/295
f 931/1199/184 860/1158/221 827/1123/185 895/1159/149
f 861/1124/118 828/1091/91 862/1160/72 896/1200/96
f 829/1125/50 863/1161/34 897/1201/54 862/1160/72
f 830/1126/18 864/1162/17 898/357/33 863/1161/34
f 137/173/2 170/212/12 864/1162/12 831/213/2
f 865/1163/324 835/1129/359 867/1165/386 899/1202/358
f 900/1203/363 868/1166/391 836/1130/364 866/1164/329
f 867/1165/386 837/1132/759 869/1168/425 901/1204/407
f 902/1205/779 888/1192/428 854/1152/412 868/1166/391
f 869/1168/195 870/1167/195 904/1206/231 903/1207/231
f 905/1208/780 870/1209/781 838/1170/761 871/1169/760
f 872/1171/762 906/1210/782 871/1169/760 839/1133/743
f 907/1211/783 872/1171/762 840/1136/745 873/1172/763
f 841/1173/746 908/1212/764 944/1213/784 873/1172/763
f 842/1107/732 875/1175/765 909/1214/785 874/1138/747
f 875/1175/765 843/1139/748 876/1176/766 910/1215/786
f 844/1178/767 877/1177/767 911/1216/787 876/1217/787
f 884/1187/775 912/1218/788 877/1177/240 850/1148/210
f 913/1219/789 878/1220/768 852/1188/758 886/1191/777
f 879/1180/769 845/1141/750 878/1179/768 914/1221/790
f 879/1180/769 952/1222/791 915/1181/770 846/1142/751
f 880/1143/752 916/1223/792 881/1182/771 847/1111/736
f 848/1144/753 881/1182/771 917/1224/793 882/1183/772
f 882/1225/794 918/1226/794 883/1185/773 849/1184/773
f 919/1227/795 885/1186/774 851/1147/211 883/1185/247
f 885/1186/774 921/1228/796 920/1229/797 884/1187/775
f 886/1191/777 853/1190/776 887/1230/798 922/1231/799
f 924/1232/252 923/1233/252 887/1193/214 888/1192/214
f 925/1234/289 889/1194/254 865/1163/324 899/1202/358
f 926/1195/179 855/1154/216 889/1194/254 963/1235/215
f 856/1120/115 890/1155/145 927/1236/123 891/1196/95
f 891/1196/95 928/1237/74 892/1197/52 857/1156/71
f 892/1197/52 929/350/800 893/300/778 858/1157/32
f 894/1198/259 930/1238/294 900/1203/363 866/1164/329
f 968/1239/220 894/1198/259 860/1158/221 931/1199/184
f 895/1159/149 861/1124/118 896/1200/96 932/1240/124
f 862/1160/72 897/1201/54 933/1241/76 896/1200/96
f 863/1161/34 898/357/33 934/356/53 897/1201/54
f 170/212/12 204/258/26 898/357/26 864/1162/12
f 899/1202/358 867/1165/386 901/1204/407 935/1242/385
f 936/1243/390 902/1205/779 868/1166/391 900/1203/363
f 901/1204/407 869/1168/425 903/1207/439 937/1244/424
f 938/1245/801 924/1232/802 888/1192/428 902/1205/779
f 903/1207/231 904/1206/231 940/1246/247 939/1247/247
f 941/1248/803 904/1249/804 870/1209/781 905/1208/780
f 906/1210/782 942/1250/805 905/1208/780 871/1169/760
f 943/1251/806 906/1210/782 872/1171/762 907/1211/783
f 873/1172/763 944/1213/784 981/1252/807 907/1211/783
f 874/1138/747 909/1214/785 945/1253/808 908/1174/764
f 909/1214/785 875/1175/765 910/1215/786 946/1254/809
f 876/1255/787 911/1256/787 947/1257/810 910/1258/810
f 912/1218/788 948/1259/811 911/1216/252 877/1177/240
f 884/1187/775 920/1229/797 949/1260/812 912/1218/788
f 950/1261/813 913/1219/789 886/1191/777 922/1231/799
f 914/1262/790 878/1220/768 913/1219/789 951/1263/814
f 914/1221/790 989/1264/815 952/1222/791 879/1180/769
f 915/1181/770 953/1265/816 916/1223/792 880/1143/752
f 881/1182/771 916/1223/792 954/1266/817 917/1224/793
f 917/1267/818 955/1268/818 918/1226/794 882/1225/794
f 956/1269/819 919/1227/795 883/1185/247 918/1226/231
f 919/1227/795 957/1270/820 921/1228/796 885/1186/774
f 922/1231/799 887/1230/798 923/1271/821 959/1272/822
f 961/1273/240 960/1274/240 923/1233/252 924/1232/252
f 962/1275/323 925/1234/289 899/1202/358 935/1242/385
f 963/1235/215 889/1194/254 925/1234/289 999/1276/253
f 890/1155/145 926/1195/179 964/1277/155 927/1236/123
f 927/1236/123 965/1278/98 928/1237/74 891/1196/95
f 928/1237/74 966/405/73 929/350/800 892/1197/52
f 930/1238/294 967/1279/328 936/1243/390 900/1203/363
f 1004/1280/258 930/1238/294 894/1198/259 968/1239/220
f 931/1199/184 895/1159/149 932/1240/124 969/1281/156
f 896/1200/96 933/1241/76 970/1282/100 932/1240/124
f 897/1201/54 934/356/53 971/411/75 933/1241/76
f 935/1242/385 901/1204/407 937/1244/424 972/1283/406
f 973/1284/410 938/1245/801 902/1205/779 936/1243/390
f 937/1244/424 903/1207/439 939/1247/452 974/1285/438
f 975/1286/441 961/1273/454 924/1232/802 938/1245/801
f 939/1247/247 940/1246/247 977/1287/211 976/1288/211
f 978/1289/823 940/1290/824 904/1249/804 941/1248/803
f 942/1250/805 979/1291/825 941/1248/803 905/1208/780
f 980/1292/826 942/1250/805 906/1210/782 943/1251/806
f 907/1211/783 981/1252/807 1015/1293/827 943/1251/806
f 908/1212/764 945/1294/808 982/1295/828 944/1213/784
f 945/1253/808 909/1214/785 946/1254/809 983/1296/829
f 910/1258/810 947/1257/810 984/1297/830 946/1298/830
f 948/1299/811 985/1300/831 947/1257/214 911/1256/252
f 912/1218/788 949/1260/812 986/1301/832 948/1259/811
f 987/1302/833 950/1261/813 922/1231/799 959/1272/822
f 951/1263/814 913/1219/789 950/1261/813 988/1303/834
f 951/1263/814 1023/1304/835 989/1305/815 914/1262/790
f 952/1222/791 990/1306/836 953/1265/816 915/1181/770
f 916/1223/792 953/1265/816 991/1307/837 954/1266/817
f 954/1308/838 992/1309/838 955/1268/818 917/1267/818
f 993/1310/839 956/1269/819 918/1226/231 955/1268/195
f 956/1269/819 994/1311/840 957/1270/820 919/1227/795
f 959/1272/822 923/1271/821 960/1312/841 995/1313/842
f 997/1314/210 996/1315/210 960/1274/240 961/1273/240
f 998/1316/357 962/1275/323 935/1242/385 972/1283/406
f 999/1276/253 925/1234/289 962/1275/323 1031/1317/288
f 926/1195/179 963/1235/215 1000/1318/189 964/1277/155
f 964/1277/155 1001/1319/126 965/1278/98 927/1236/123
f 965/1278/98 1002/454/97 966/405/73 928/1237/74
f 967/1279/328 1003/1320/362 973/1284/410 936/1243/390
f 1036/1321/293 967/1279/328 930/1238/294 1004/1280/258
f 968/1239/220 931/1199/184 969/1281/156 1005/1322/190
f 932/1240/124 970/1282/100 1006/1323/128 969/1281/156
f 933/1241/76 971/411/75 1007/460/99 970/1282/100
f 972/1283/406 937/1244/424 974/1285/438 1008/1324/423
f 1009/1325/426 975/1286/441 938/1245/801 973/1284/410
f 974/1285/438 939/1247/452 976/1288/461 1010/1326/451
f 1011/1327/453 997/1314/843 961/1273/454 975/1286/441
f 976/1328/211 977/1329/211 996/1315/210 997/1314/210
f 1012/1330/844 977/1331/845 940/1290/824 978/1289/823
f 979/1291/825 1013/1332/846 978/1289/823 941/1248/803
f 1014/1333/847 979/1291/825 942/1250/805 980/1292/826
f 943/1251/806 1015/1293/827 1044/1334/848 980/1292/826
f 944/1213/784 982/1295/828 1016/1335/849 981/1252/807
f 982/1295/828 945/1294/808 983/1336/829 1017/1337/850
f 946/1298/830 984/1297/830 1018/1338/851 983/1339/851
f 985/1300/831 1019/1340/852 984/1297/178 947/1257/214
f 948/1299/811 986/1341/832 1020/1342/853 985/1300/831
f 1021/1343/854 987/1302/833 959/1272/822 995/1313/842
f 988/1303/834 950/1261/813 987/1302/833 1022/1344/855
f 988/1303/834 1052/1345/856 1023/1304/835 951/1263/814
f 989/1264/815 1024/1346/857 990/1306/836 952/1222/791
f 953/1265/816 990/1306/836 1025/1347/858 991/1307/837
f 991/1348/859 1026/1349/859 992/1309/838 954/1308/838
f 1027/1350/860 993/1310/839 955/1268/195 992/1309/161
f 993/1310/839 1028/1351/861 994/1311/840 956/1269/819
f 995/1313/842 960/1312/841 996/1352/862 1029/1353/863
f 1030/1354/384 998/1316/357 972/1283/406 1008/1324/423
f 1031/1317/288 962/1275/323 998/1316/357 1059/1355/322
f 963/1235/215 999/1276/253 1032/1356/225 1000/1318/189
f 1000/1318/189 1033/1357/158 1001/1319/126 964/1277/155
f 1001/1319/126 1034/495/864 1002/454/97 965/1278/98
f 1003/1320/362 1035/1358/389 1009/1325/426 973/1284/410
f 1064/1359/327 1003/1320/362 967/1279/328 1036/1321/293
f 1004/1280/258 968/1239/220 1005/1322/190 1037/1360/226
f 969/1281/156 1006/1323/128 1038/1361/160 1005/1322/190
f 970/1282/100 1007/460/99 1039/501/127 1006/1323/128
f 1008/1324/423 974/1285/438 1010/1326/451 1040/1362/437
f 1041/1363/440 1011/1327/453 975/1286/441 1009/1325/426
f 1010/1364/451 976/1328/461 997/1314/843 1011/1327/453
f 1029/1353/863 996/1352/862 977/1331/845 1012/1330/844
f 1013/1332/846 1042/1365/865 1012/1330/844 978/1289/823
f 1043/1366/866 1013/1332/846 979/1291/825 1014/1333/847
f 980/1292/826 1044/1334/848 1069/1367/867 1014/1333/847
f 981/1252/807 1016/1335/849 1045/1368/868 1015/1293/827
f 1016/1335/849 982/1295/828 1017/1337/850 1046/1369/869
f 983/1339/851 1018/1338/851 1047/1370/870 1017/1371/870
f 1019/1340/852 1048/1372/871 1018/1338/144 984/1297/178
f 985/1300/831 1020/1342/853 1049/1373/872 1019/1340/852
f 1050/1374/873 1021/1343/854 995/1313/842 1029/1353/863
f 1022/1344/855 987/1302/833 1021/1343/854 1051/1375/874
f 1022/1344/855 1076/1376/875 1052/1345/856 988/1303/834
f 1023/1304/835 1053/1377/876 1024/1378/857 989/1305/815
f 990/1306/836 1024/1346/857 1054/1379/877 1025/1347/858
f 1025/1380/878 1055/1381/878 1026/1349/859 991/1348/859
f 1056/1382/879 1027/1350/860 992/1309/161 1026/1349/129
f 1027/1350/860 1057/1383/880 1028/1351/861 993/1310/839
f 1058/1384/881 1030/1354/384 1008/1324/423 1040/1362/437
f 1059/1355/322 998/1316/357 1030/1354/384 1082/1385/356
f 999/1276/253 1031/1317/288 1060/1386/263 1032/1356/225
f 1032/1356/225 1061/1387/192 1033/1357/158 1000/1318/189
f 1033/1357/158 1062/531/157 1034/495/864 1001/1319/126
f 1035/1358/389 1063/1388/409 1041/1363/440 1009/1325/426
f 1086/1389/361 1035/1358/389 1003/1320/362 1064/1359/327
f 1036/1321/293 1004/1280/258 1037/1360/226 1065/1390/264
f 1005/1322/190 1038/1361/160 1066/1391/194 1037/1360/226
f 1006/1323/128 1039/501/127 1067/536/159 1038/1361/160
f 1040/1392/437 1010/1364/451 1011/1327/453 1041/1363/440
f 1042/1365/865 1050/1374/873 1029/1353/863 1012/1330/844
f 1068/1393/882 1042/1365/865 1013/1332/846 1043/1366/866
f 1014/1333/847 1069/1367/867 1090/1394/883 1043/1366/866
f 1015/1293/827 1045/1368/868 1070/1395/884 1044/1334/848
f 1045/1368/868 1016/1335/849 1046/1369/869 1071/1396/885
f 1017/1371/870 1047/1370/870 1072/1397/886 1046/1398/886
f 1048/1372/871 1073/1399/887 1047/1370/114 1018/1338/144
f 1019/1340/852 1049/1373/872 1074/1400/888 1048/1372/871
f 1051/1375/874 1021/1343/854 1050/1374/873 1075/1401/889
f 1051/1375/874 1096/1402/890 1076/1376/875 1022/1344/855
f 1052/1345/856 1077/1403/891 1053/1377/876 1023/1304/835
f 1024/1378/857 1053/1377/876 1078/1404/892 1054/1405/877
f 1054/1406/893 1079/1407/893 1055/1381/878 1025/1380/878
f 1080/1408/894 1056/1382/879 1026/1349/129 1055/1381/101
f 1056/1382/879 1081/1409/895 1057/1383/880 1027/1350/860
f 1063/1388/409 1058/1410/881 1040/1392/437 1041/1363/440
f 1082/1385/356 1030/1354/384 1058/1384/881 1102/1411/896
f 1031/1317/288 1059/1355/322 1083/1412/298 1060/1386/263
f 1060/1386/263 1084/1413/228 1061/1387/192 1032/1356/225
f 1061/1387/192 1085/559/897 1062/531/157 1033/1357/158
f 1106/1414/388 1063/1388/409 1035/1358/389 1086/1389/361
f 1064/1359/327 1036/1321/293 1065/1390/264 1087/1415/299
f 1037/1360/226 1066/1391/194 1088/1416/230 1065/1390/264
f 1038/1361/160 1067/536/159 1089/563/193 1066/1391/194
f 1075/1401/889 1050/1374/873 1042/1365/865 1068/1393/882
f 1043/1366/866 1090/1394/883 1110/1417/898 1068/1393/882
f 1044/1334/848 1070/1395/884 1091/1418/899 1069/1367/867
f 1070/1395/884 1045/1368/868 1071/1396/885 1092/1419/900
f 1046/1398/886 1072/1397/886 1093/1420/901 1071/1421/901
f 1073/1399/887 1094/1422/902 1072/1397/88 1047/1370/114
f 1048/1372/871 1074/1400/888 1095/1423/903 1073/1399/887
f 1075/1401/889 1116/1424/904 1096/1402/890 1051/1375/874
f 1076/1376/875 1097/1425/905 1077/1403/891 1052/1345/856
f 1053/1377/876 1077/1403/891 1098/1426/906 1078/1404/892
f 1078/1427/907 1099/1428/907 1079/1407/893 1054/1406/893
f 1100/1429/908 1080/1408/894 1055/1381/101 1079/1407/77
f 1080/1408/894 1101/1430/909 1081/1409/895 1056/1382/879
f 1102/1431/896 1058/1410/881 1063/1388/409 1106/1414/388
f 1059/1355/322 1082/1385/356 1103/1432/332 1083/1412/298
f 1083/1412/298 1104/1433/266 1084/1413/228 1060/1386/263
f 1084/1413/228 1105/584/227 1085/559/897 1061/1387/192
f 1086/1389/361 1064/1359/327 1087/1415/299 1107/1434/333
f 1065/1390/264 1088/1416/230 1108/1435/268 1087/1415/299
f 1066/1391/194 1089/563/193 1109/588/229 1088/1416/230
f 1068/1393/882 1110/1417/898 1116/1424/904 1075/1401/889
f 1069/1367/867 1091/1418/899 1111/1436/910 1090/1394/883
f 1091/1418/899 1070/1395/884 1092/1419/900 1112/1437/911
f 1071/1421/901 1093/1420/901 1113/1438/912 1092/1439/912
f 1094/1422/902 1114/1440/913 1093/1420/66 1072/1397/88
f 1073/1399/887 1095/1423/903 1115/1441/914 1094/1422/902
f 1096/1402/890 1117/1442/915 1097/1425/905 1076/1376/875
f 1077/1403/891 1097/1425/905 1118/1443/916 1098/1426/906
f 1098/1444/917 1119/1445/917 1099/1428/907 1078/1427/907
f 1120/1446/918 1100/1429/908 1079/1407/77 1099/1428/55
f 1100/1429/908 1121/1447/919 1101/1430/909 1080/1408/894
f 1082/1385/356 1102/1411/896 1122/1448/366 1103/1432/332
f 1103/1432/332 1123/1449/301 1104/1433/266 1083/1412/298
f 1104/1433/266 1124/610/265 1105/584/227 1084/1413/228
f 1106/1414/388 1086/1389/361 1107/1434/333 1125/1450/367
f 1087/1415/299 1108/1435/268 1126/1451/303 1107/1434/333
f 1088/1416/230 1109/588/229 1127/613/920 1108/1435/268
f 1090/1394/883 1111/1436/910 1128/1452/921 1110/1417/898
f 1111/1436/910 1091/1418/899 1112/1437/911 1129/1453/922
f 1092/1439/912 1113/1438/912 1130/1454/923 1112/1455/923
f 1114/1440/913 1131/1456/924 1113/1438/44 1093/1420/66
f 1094/1422/902 1115/1441/914 1132/1457/925 1114/1440/913
f 1116/1424/904 1133/1458/926 1117/1442/915 1096/1402/890
f 1097/1425/905 1117/1442/915 1134/1459/927 1118/1443/916
f 1118/1460/928 1135/1461/928 1119/1445/917 1098/1444/917
f 1136/1462/929 1120/1446/918 1099/1428/55 1119/1445/35
f 1120/1446/918 1137/1463/930 1121/1447/919 1100/1429/908
f 1102/1431/896 1106/1414/388 1125/1450/367 1122/1464/366
f 1122/1448/366 1138/1465/335 1123/1449/301 1103/1432/332
f 1123/1449/301 1139/631/300 1124/610/265 1104/1433/266
f 1107/1434/333 1126/1451/303 1140/1466/337 1125/1450/367
f 1108/1435/268 1127/613/920 1141/633/302 1126/1451/303
f 1110/1417/898 1128/1452/921 1133/1458/926 1116/1424/904
f 1128/1452/921 1111/1436/910 1129/1453/922 1142/1467/931
f 1112/1455/923 1130/1454/923 1143/1468/932 1129/1469/932
f 1131/1456/924 1144/1470/933 1130/1454/26 1113/1438/44
f 1114/1440/913 1132/1457/925 1145/1471/934 1131/1456/924
f 1117/1442/915 1133/1458/926 1146/1472/935 1134/1459/927
f 1134/1473/936 1147/1474/936 1135/1475/928 1118/1476/928
f 1148/1477/937 1136/1462/929 1119/1445/35 1135/1461/19
f 1136/1462/929 1149/1478/938 1137/1463/930 1120/1446/918
f 1125/1450/367 1140/1466/337 1138/1479/335 1122/1464/366
f 1138/1465/335 1150/647/334 1139/631/300 1123/1449/301
f 1126/1451/303 1141/633/302 1151/648/939 1140/1466/337
f 1133/1458/926 1128/1452/921 1142/1467/931 1146/1472/935
f 1129/1469/932 1143/1468/932 1152/1480/940 1142/1481/940
f 1144/1470/933 1153/1482/941 1143/1468/12 1130/1454/26
f 1131/1456/924 1145/1471/934 1154/1483/942 1144/1470/933
f 1146/1484/943 1155/1485/943 1147/1474/936 1134/1473/936
f 1156/1486/944 1148/1487/937 1135/1475/19 1147/1474/7
f 1148/1477/937 1157/1488/945 1149/1478/938 1136/1462/929
f 1140/1466/337 1151/648/939 1150/658/334 1138/1479/335
f 1142/1481/940 1152/1480/940 1155/1485/943 1146/1484/943
f 1153/1482/941 1158/1489/946 1152/1480/2 1143/1468/12
f 1144/1470/933 1154/1483/942 1159/1490/947 1153/1482/941
f 1160/1491/948 1156/1486/944 1147/1474/7 1155/1485/1
f 1156/1486/944 1161/1492/949 1157/1493/945 1148/1487/937
f 1158/1489/946 1160/1491/948 1155/1485/1 1152/1480/2
f 1153/1482/941 1159/1490/947 1162/1494/950 1158/1489/946
f 1160/1491/948 1163/1495/951 1161/1492/949 1156/1486/944
f 1158/1489/946 1162/1494/950 1163/1495/951 1160/1491/948
f 921/1496/952 958/1497/952 920/1498/952
f 920/1498/952 958/1497/952 949/1499/952
f 949/1499/952 958/1497/952 986/1500/952
f 986/1500/952 958/1497/952 1020/1501/952
f 1020/1501/952 958/1497/952 1049/1502/952
f 1049/1502/952 958/1497/952 1074/1503/952
f 1074/1503/952 958/1497/952 1095/1504/952
f 1095/1504/952 958/1497/952 1115/1505/952
f 1115/1505/952 958/1497/952 1132/1506/952
f 1132/1506/952 958/1497/952 1145/1507/952
f 1145/1507/952 958/1497/952 1154/1508/952
f 1154/1508/952 958/1497/952 1159/1509/952
f 1159/1509/952 958/1497/952 1162/1510/952
f 1162/1510/952 958/1497/952 1163/1511/952
f 1163/1511/952 958/1497/952 1161/1512/952
f 1161/1512/952 958/1497/952 1157/1513/952
f 1157/1513/952 958/1497/952 1149/1514/952
f 1149/1514/952 958/1497/952 1137/1515/952
f 1137/1515/952 958/1497/952 1121/1516/952
f 1121/1516/952 958/1497/952 1101/1517/952
f 1101/1517/952 958/1497/952 1081/1518/952
f 1081/1518/952 958/1497/952 1057/1519/952
f 1057/1519/952 958/1497/952 1028/1520/952
f 1028/1520/952 958/1497/952 994/1521/952
f 994/1521/952 958/1497/952 957/1522/952
f 957/1522/952 958/1497/952 921/1496/952
f 640/1523/953 641/1524/954 1164/877/598 1180/876/597
f 641/1524/954 642/1525/955 1165/878/601 1164/877/598
f 642/1525/955 643/1526/956 1166/879/603 1165/878/601
f 643/1526/956 644/1527/957 1167/880/605 1166/879/603
f 644/1527/957 645/1528/958 1168/881/607 1167/880/605
f 645/1528/958 646/1529/959 1169/882/609 1168/881/607
f 646/1529/959 647/1530/960 1170/883/611 1169/882/609
f 647/1530/960 648/1531/961 1171/884/613 1170/883/611
f 648/1531/961 649/1532/962 1172/885/615 1171/884/613
f 649/1532/962 650/1533/963 1173/886/617 1172/885/615
f 650/1533/963 651/1534/964 1174/887/619 1173/886/617
f 651/1534/964 652/1535/965 1175/888/621 1174/887/619
f 652/1535/965 653/1536/966 1176/889/623 1175/888/621
f 653/1537/966 654/1538/967 1177/891/625 1176/890/623
f 654/1538/967 655/1539/968 1178/892/627 1177/891/625
f 655/1539/968 656/1540/969 1179/893/629 1178/892/627
f 656/1540/969 657/1541/970 1181/894/631 1179/893/629
f 657/1541/970 640/1523/953 1180/876/597 1181/894/631
f 1182/1542/2 1274/1543/500 1201/1544/500 1200/1545/2
f 1274/1543/500 1275/1546/501 1202/1547/501 1201/1544/500
f 1275/1546/501 1276/1548/502 1203/1549/502 1202/1547/501
f 1276/1548/502 1277/1550/503 1204/1551/503 1203/1549/502
f 1277/1550/503 1278/1552/504 1205/1553/504 1204/1551/503
f 1278/1552/504 1279/1554/505 1206/1555/505 1205/1553/504
f 1279/1554/505 1280/1556/506 1207/1557/506 1206/1555/505
f 1280/1558/506 1281/1559/489 1208/1560/489 1207/1561/506
f 1281/1559/489 1282/1562/211 1209/1563/211 1208/1560/489
f 1282/1562/211 1283/1564/642 1210/1565/642 1209/1563/211
f 1283/1564/642 1284/1566/492 1211/1567/492 1210/1565/642
f 1284/1566/492 1285/1568/493 1212/1569/493 1211/1567/492
f 1285/1568/493 1286/1570/494 1213/1571/494 1212/1569/493
f 1286/1570/494 1287/1572/495 1214/1573/495 1213/1571/494
f 1287/1572/495 1288/1574/496 1215/1575/496 1214/1573/495
f 1288/1574/496 1289/1576/497 1216/1577/497 1215/1575/496
f 1289/1576/497 1199/1578/633 1217/1579/633 1216/1577/497
f 1199/1578/633 1182/1542/2 1200/1545/2 1217/1579/633
f 1291/1580/971 1292/1581/972 1218/1582/285
f 1292/1581/972 1293/1583/973 1218/1582/285
f 1293/1583/973 1294/1584/974 1218/1582/285
f 1294/1584/974 1295/1585/975 1218/1582/285
f 1295/1585/975 1296/1586/976 1218/1582/285
f 1296/1586/976 1297/1587/977 1218/1582/285
f 1297/1587/977 1298/1588/978 1218/1582/285
f 1298/1588/978 1299/1589/979 1218/1582/285
f 1299/1589/979 1300/1590/980 1218/1582/285
f 1300/1590/980 1301/1591/981 1218/1582/285
f 1301/1591/981 1302/1592/982 1218/1582/285
f 1302/1592/982 1303/1593/983 1218/1582/285
f 1303/1593/983 1304/1594/984 1218/1582/285
f 1304/1594/984 1305/1595/985 1218/1582/285
f 1305/1595/985 1306/1596/986 1218/1582/285
f 1306/1596/986 1307/1597/987 1218/1582/285
f 1307/1597/987 1308/1598/988 1218/1582/285
f 1308/1598/988 1291/1580/971 1218/1582/285
f 1219/1599/989 1200/1600/990 1201/1601/991 1220/1602/992
f 1220/1602/992 1201/1601/991 1202/1603/993 1221/1604/994
f 1221/1604/994 1202/1603/993 1203/1605/995 1222/1606/996
f 1222/1606/996 1203/1605/995 1204/1607/997 1223/1608/998
f 1223/1608/998 1204/1607/997 1205/1609/999 1224/1610/1000
f 1224/1610/1000 1205/1609/999 1206/1611/1001 1225/1612/1002
f 1225/1612/1002 1206/1611/1001 1207/1613/1003 1226/1614/1004
f 1226/1614/1004 1207/1613/1003 1208/1615/1005 1227/1616/1006
f 1227/1616/1006 1208/1615/1005 1209/1617/1007 1228/1618/1008
f 1228/1618/1008 1209/1617/1007 1210/1619/1009 1229/1620/1010
f 1229/1620/1010 1210/1619/1009 1211/1621/1011 1230/1622/1012
f 1230/1622/1012 1211/1621/1011 1212/1623/1013 1231/1624/1014
f 1231/1624/1014 1212/1623/1013 1213/1625/1015 1232/1626/1016
f 1232/1626/1016 1213/1625/1015 1214/1627/1017 1233/1628/1018
f 1233/1628/1018 1214/1627/1017 1215/1629/1019 1234/1630/1020
f 1234/1630/1020 1215/1629/1019 1216/1631/1021 1235/1632/1022
f 1235/1632/1022 1216/1631/1021 1217/1633/1023 1236/1634/1024
f 1236/1634/1024 1217/1633/1023 1200/1600/990 1219/1599/989
f 1183/1635/952 1273/1636/952 1237/1637/952 1238/1638/952
f 1184/1639/952 1183/1635/952 1238/1638/952 1239/1640/952
f 1185/1641/952 1184/1639/952 1239/1640/952 1240/1642/952
f 1186/1643/952 1185/1641/952 1240/1642/952 1241/1644/952
f 1187/1645/952 1186/1643/952 1241/1644/952 1242/1646/952
f 1188/1647/1025 1187/1645/952 1242/1646/952 1243/1648/1025
f 1189/1649/1025 1188/1647/1025 1243/1648/1025 1244/1650/1025
f 1190/1651/952 1189/1652/1025 1244/1653/1025 1245/1654/952
f 1191/1655/952 1190/1651/952 1245/1654/952 1246/1656/952
f 1192/1657/952 1191/1655/952 1246/1656/952 1247/1658/952
f 1193/1659/952 1192/1657/952 1247/1658/952 1248/1660/952
f 1194/1661/952 1193/1659/952 1248/1660/952 1249/1662/952
f 1195/1663/952 1194/1661/952 1249/1662/952 1250/1664/952
f 1196/1665/952 1195/1663/952 1250/1664/952 1251/1666/952
f 1197/1667/952 1196/1665/952 1251/1666/952 1252/1668/952
f 1198/1669/952 1197/1667/952 1252/1668/952 1253/1670/952
f 1290/1671/952 1198/1669/952 1253/1670/952 1254/1672/952
f 1273/1636/952 1290/1671/952 1254/1672/952 1237/1637/952
f 1238/1673/500 1237/1674/2 1255/1675/2 1256/1676/500
f 1239/1677/501 1238/1673/500 1256/1676/500 1257/1678/501
f 1240/1679/502 1239/1677/501 1257/1678/501 1258/1680/502
f 1241/1681/503 1240/1679/502 1258/1680/502 1259/1682/503
f 1242/1683/504 1241/1681/503 1259/1682/503 1260/1684/504
f 1243/1685/505 1242/1683/504 1260/1684/504 1261/1686/505
f 1244/1687/506 1243/1685/505 1261/1686/505 1262/1688/506
f 1245/1689/489 1244/1690/506 1262/1691/506 1263/1692/489
f 1246/1693/211 1245/1689/489 1263/1692/489 1264/1694/211
f 1247/1695/642 1246/1693/211 1264/1694/211 1265/1696/642
f 1248/1697/492 1247/1695/642 1265/1696/642 1266/1698/492
f 1249/1699/493 1248/1697/492 1266/1698/492 1267/1700/493
f 1250/1701/494 1249/1699/493 1267/1700/493 1268/1702/494
f 1251/1703/495 1250/1701/494 1268/1702/494 1269/1704/495
f 1252/1705/496 1251/1703/495 1269/1704/495 1270/1706/496
f 1253/1707/497 1252/1705/496 1270/1706/496 1271/1708/497
f 1254/1709/633 1253/1707/497 1271/1708/497 1272/1710/633
f 1237/1674/2 1254/1709/633 1272/1710/633 1255/1675/2
f 1182/1711/1026 1273/1636/1026 1183/1635/1027 1274/1712/1027
f 1274/1712/1027 1183/1635/1027 1184/1639/1028 1275/1713/1028
f 1275/1713/1028 1184/1639/1028 1185/1641/1029 1276/1714/1029
f 1276/1714/1029 1185/1641/1029 1186/1643/1030 1277/1715/1030
f 1277/1715/1030 1186/1643/1030 1187/1645/1031 1278/1716/1031
f 1278/1716/1031 1187/1645/1031 1188/1647/1032 1279/1717/1032
f 1279/1717/1032 1188/1647/1032 1189/1649/1033 1280/1718/1033
f 1280/1719/1033 1189/1652/1033 1190/1651/1034 1281/1720/1034
f 1281/1720/1034 1190/1651/1034 1191/1655/1035 1282/1721/1035
f 1282/1721/1035 1191/1655/1035 1192/1657/1036 1283/1722/1036
f 1283/1722/1036 1192/1657/1036 1193/1659/1037 1284/1723/1037
f 1284/1723/1037 1193/1659/1037 1194/1661/1038 1285/1724/1038
f 1285/1724/1038 1194/1661/1038 1195/1663/1039 1286/1725/1039
f 1286/1725/1039 1195/1663/1039 1196/1665/1040 1287/1726/1040
f 1287/1726/1040 1196/1665/1040 1197/1667/1041 1288/1727/1041
f 1288/1727/1041 1197/1667/1041 1198/1669/1042 1289/1728/1042
f 1289/1728/1042 1198/1669/1042 1290/1671/1043 1199/1729/1043
f 1199/1729/1043 1290/1671/1043 1273/1636/1026 1182/1711/1026
f 1219/1599/989 1220/1602/992 1292/1581/972 1291/1580/971
f 1220/1602/992 1221/1604/994 1293/1583/973 1292/1581/972
f 1221/1604/994 1222/1606/996 1294/1584/974 1293/1583/973
f 1222/1606/996 1223/1608/998 1295/1585/975 1294/1584/974
f 1223/1608/998 1224/1610/1000 1296/1586/976 1295/1585/975
f 1224/1610/1000 1225/1612/1002 1297/1587/977 1296/1586/976
f 1225/1612/1002 1226/1614/1004 1298/1588/978 1297/1587/977
f 1226/1614/1004 1227/1616/1006 1299/1589/979 1298/1588/978
f 1227/1616/1006 1228/1618/1008 1300/1590/980 1299/1589/979
f 1228/1618/1008 1229/1620/1010 1301/1591/981 1300/1590/980
f 1229/1620/1010 1230/1622/1012 1302/1592/982 1301/1591/981
f 1230/1622/1012 1231/1624/1014 1303/1593/983 1302/1592/982
f 1231/1624/1014 1232/1626/1016 1304/1594/984 1303/1593/983
f 1232/1626/1016 1233/1628/1018 1305/1595/985 1304/1594/984
f 1233/1628/1018 1234/1630/1020 1306/1596/986 1305/1595/985
f 1234/1630/1020 1235/1632/1022 1307/1597/987 1306/1596/986
f 1235/1632/1022 1236/1634/1024 1308/1598/988 1307/1597/987
f 1236/1634/1024 1219/1599/989 1291/1580/971 1308/1598/988
f 1309/1730/2 1310/1731/500 1328/1732/500 1327/1733/2
f 1310/1731/500 1311/1734/501 1329/1735/501 1328/1732/500
f 1311/1734/501 1312/1736/502 1330/1737/502 1329/1735/501
f 1312/1736/502 1313/1738/503 1331/1739/503 1330/1737/502
f 1313/1738/503 1314/1740/504 1332/1741/504 1331/1739/503
f 1314/1740/504 1315/1742/505 1333/1743/505 1332/1741/504
f 1315/1742/505 1316/1744/506 1334/1745/506 1333/1743/505
f 1316/1744/506 1317/1746/489 1335/1747/489 1334/1745/506
f 1317/1746/489 1318/1748/211 1336/1749/211 1335/1747/489
f 1318/1748/211 1319/1750/642 1337/1751/642 1336/1749/211
f 1319/1752/642 1320/1753/492 1338/1754/492 1337/1755/642
f 1320/1753/492 1321/1756/493 1339/1757/493 1338/1754/492
f 1321/1756/493 1322/1758/494 1340/1759/494 1339/1757/493
f 1322/1758/494 1323/1760/495 1341/1761/495 1340/1759/494
f 1323/1760/495 1324/1762/496 1342/1763/496 1341/1761/495
f 1324/1762/496 1325/1764/497 1343/1765/497 1342/1763/496
f 1325/1764/497 1326/1766/633 1344/1767/633 1343/1765/497
f 1326/1766/633 1309/1730/2 1327/1733/2 1344/1767/633
f 1346/1768/285 1347/1769/285 1345/1770/285
f 1347/1769/285 1348/1771/285 1345/1770/285
f 1348/1771/285 1349/1772/285 1345/1770/285
f 1349/1772/285 1350/1773/285 1345/1770/285
f 1350/1773/285 1351/1774/285 1345/1770/285
f 1351/1774/285 1352/1775/285 1345/1770/285
f 1352/1775/285 1353/1776/285 1345/1770/285
f 1353/1776/285 1354/1777/285 1345/1770/285
f 1354/1777/285 1355/1778/285 1345/1770/285
f 1355/1778/285 1356/1779/285 1345/1770/285
f 1356/1779/285 1357/1780/285 1345/1770/285
f 1357/1780/285 1358/1781/285 1345/1770/285
f 1358/1781/285 1359/1782/285 1345/1770/285
f 1359/1782/285 1360/1783/285 1345/1770/285
f 1360/1783/285 1361/1784/285 1345/1770/285
f 1361/1784/285 1362/1785/285 1345/1770/285
f 1362/1785/285 1363/1786/285 1345/1770/285
f 1363/1786/285 1346/1768/285 1345/1770/285
f 1346/1768/990 1327/1787/990 1328/1788/1044 1347/1769/1044
f 1347/1769/1044 1328/1788/1044 1329/1789/993 1348/1771/993
f 1348/1771/993 1329/1789/993 1330/1790/995 1349/1772/995
f 1349/1772/995 1330/1790/995 1331/1791/997 1350/1773/997
f 1350/1773/997 1331/1791/997 1332/1792/999 1351/1774/999
f 1351/1774/999 1332/1792/999 1333/1793/1001 1352/1775/1001
f 1352/1775/1001 1333/1793/1001 1334/1794/1045 1353/1776/1045
f 1353/1776/1045 1334/1794/1045 1335/1795/1005 1354/1777/1005
f 1354/1777/1005 1335/1795/1005 1336/1796/1007 1355/1778/1007
f 1355/1778/1007 1336/1796/1007 1337/1797/1009 1356/1779/1009
f 1356/1779/1009 1337/1797/1009 1338/1798/1011 1357/1780/1011
f 1357/1780/1011 1338/1798/1011 1339/1799/1013 1358/1781/1013
f 1358/1781/1013 1339/1799/1013 1340/1800/1015 1359/1782/1015
f 1359/1782/1015 1340/1800/1015 1341/1801/1017 1360/1783/1017
f 1360/1783/1017 1341/1801/1017 1342/1802/1046 1361/1784/1046
f 1361/1784/1046 1342/1802/1046 1343/1803/1047 1362/1785/1047
f 1362/1785/1047 1343/1803/1047 1344/1804/1023 1363/1786/1023
f 1363/1786/1023 1344/1804/1023 1327/1787/990 1346/1768/990
